id_scheda,url,slug,titolo,rubrica,rubrica_norm,nel_nucleo,estensione,fascicolo,id_fascicolo,stato_fascicolo,fonte_di_record,url_pdf_scheda,contesto_riga
40598,https://id.accademiadellacrusca.org/articoli/editoriale-del-direttore/40598,editoriale-del-direttore,Editoriale del direttore,Editoriale,EDITORIALE,False,False,"XXXIII, 2025/2 (aprile-giugno)",33383,chiuso,HTML+PDF,https://id.accademiadellacrusca.org/File/Download?code=9eebabdc-b1b7-42b1-95b9-ad1a9fecf5bd,Editoriale del direttore | Marco Biffi | PDF
33382,https://id.accademiadellacrusca.org/articoli/fino-a-che-punto-si-pu-agevolare/33382,fino-a-che-punto-si-pu-agevolare,Fino a che punto si può agevolare ?,Consulenza linguistica,CONSULENZA LINGUISTICA,True,False,"XXXIII, 2025/2 (aprile-giugno)",33383,chiuso,HTML+PDF,https://id.accademiadellacrusca.org/File/Download?code=5a7bbf0c-a8b8-484c-8e9d-1e853e692990,Fino a che punto si può | agevolare | ? | Gabriella Alfieri | Pagine | 1-4 - | PDF
33385,https://id.accademiadellacrusca.org/articoli/non-faccio-a-tempo-ma-se-dovessi-fare-in-tempo/33385,non-faccio-a-tempo-ma-se-dovessi-fare-in-tempo,"Non faccio a tempo , ma se dovessi fare in tempo...",Consulenza linguistica,CONSULENZA LINGUISTICA,True,False,"XXXIII, 2025/2 (aprile-giugno)",33383,chiuso,HTML+PDF,https://id.accademiadellacrusca.org/File/Download?code=0ed5015f-2346-4dae-b5f4-2c1fc2d4a912,"Non faccio a tempo | , ma se dovessi | fare in tempo... | Cristiana De Santis | Pagine | 5-6 - | PDF"
33386,https://id.accademiadellacrusca.org/articoli/quando-e-come-usare-il-verbo-fare-ovvero-si-possono-usare-fare-la-cucina-e-mi-fa-fame/33386,quando-e-come-usare-il-verbo-fare-ovvero-si-possono-usare-fare-la-cucina-e-mi-fa-fame,"Quando e come usare il verbo fare : ovvero, si possono usare fare la cucina e mi fa fame ?",Consulenza linguistica,CONSULENZA LINGUISTICA,True,False,"XXXIII, 2025/2 (aprile-giugno)",33383,chiuso,HTML+PDF,https://id.accademiadellacrusca.org/File/Download?code=4848ac09-986c-48ae-bd65-399730bb7b9d,"Quando e come usare il verbo | fare | : ovvero, si possono usare | fare la cucina | e | mi fa fame | ? | Michele Loporcaro | Pagine | 7-11 - | PDF"
33387,https://id.accademiadellacrusca.org/articoli/quali-verbi-si-usano-con-il-sostantivo-denuncia/33387,quali-verbi-si-usano-con-il-sostantivo-denuncia,Quali verbi si usano con il sostantivo denuncia ?,Consulenza linguistica,CONSULENZA LINGUISTICA,True,False,"XXXIII, 2025/2 (aprile-giugno)",33383,chiuso,HTML+PDF,https://id.accademiadellacrusca.org/File/Download?code=dc006503-da01-4450-93fb-71db3573548e,Quali verbi si usano con il sostantivo | denuncia | ? | Maurizio Trifone | Pagine | 12-13 - | PDF
33388,https://id.accademiadellacrusca.org/articoli/in-sostanza-in-buona-sostanza-significa-in-sostanza/33388,in-sostanza-in-buona-sostanza-significa-in-sostanza,"In sostanza , in buona sostanza significa in sostanza",Consulenza linguistica,CONSULENZA LINGUISTICA,True,False,"XXXIII, 2025/2 (aprile-giugno)",33383,chiuso,HTML+PDF,https://id.accademiadellacrusca.org/File/Download?code=6a614390-f998-4357-b590-fed4fe6d9190,"In sostanza | , | in buona sostanza | significa | in sostanza | Elisa Altissimi | Pagine | 14-17 - | PDF"
33389,https://id.accademiadellacrusca.org/articoli/la-spillatrice-la-pinzatrice-e-la-cucitrice-e-la-birra/33389,la-spillatrice-la-pinzatrice-e-la-cucitrice-e-la-birra,"La spillatrice , la pinzatrice e la cucitrice e… la birra",Consulenza linguistica,CONSULENZA LINGUISTICA,True,False,"XXXIII, 2025/2 (aprile-giugno)",33383,chiuso,HTML+PDF,https://id.accademiadellacrusca.org/File/Download?code=8597feba-a23c-497d-8d9f-c48b6cfb4658,"La | spillatrice | , la | pinzatrice | e la | cucitrice | e… la birra | Rosa Piro | Pagine | 18-22 - | PDF"
33390,https://id.accademiadellacrusca.org/articoli/una-credenza-popolare-la-credenza-come-dispensa/33390,una-credenza-popolare-la-credenza-come-dispensa,Una credenza popolare: la credenza come dispensa,Consulenza linguistica,CONSULENZA LINGUISTICA,True,False,"XXXIII, 2025/2 (aprile-giugno)",33383,chiuso,HTML+PDF,https://id.accademiadellacrusca.org/File/Download?code=e25641b5-7195-4e08-abdd-fcc50e099a0b,Una | credenza | popolare: la | credenza | come dispensa | Miriam Di Carlo | Pagine | 23-27 - | PDF
33391,https://id.accademiadellacrusca.org/articoli/dalle-altezze-della-pasqua/33391,dalle-altezze-della-pasqua,Dalle altezze della Pasqua,Consulenza linguistica,CONSULENZA LINGUISTICA,True,False,"XXXIII, 2025/2 (aprile-giugno)",33383,chiuso,HTML+PDF,https://id.accademiadellacrusca.org/File/Download?code=32eaa07b-3dc7-4c0c-b868-39d0e2d0f0bf,Dalle altezze della Pasqua | Rita Librandi | Pagine | 28-30 - | PDF
33392,https://id.accademiadellacrusca.org/articoli/abbiamo-il-pallino-di-qualcosa-o-per-qualcosa/33392,abbiamo-il-pallino-di-qualcosa-o-per-qualcosa,Abbiamo il pallino di qualcosa o per qualcosa?,Consulenza linguistica,CONSULENZA LINGUISTICA,True,False,"XXXIII, 2025/2 (aprile-giugno)",33383,chiuso,HTML+PDF,https://id.accademiadellacrusca.org/File/Download?code=0ba25ae5-6d7f-4a85-9d4c-37ef267d9542,Abbiamo il pallino di | qualcosa o | per | qualcosa? | Cristiana De Santis | Pagine | 31-33 - | PDF
33393,https://id.accademiadellacrusca.org/articoli/perch-si-dice--dei-miei-stivali-per-intendere-di-poco-conto/33393,perch-si-dice--dei-miei-stivali-per-intendere-di-poco-conto,Perché si dice … dei miei stivali per intendere ‘di poco conto’?,Consulenza linguistica,CONSULENZA LINGUISTICA,True,False,"XXXIII, 2025/2 (aprile-giugno)",33383,chiuso,HTML+PDF,https://id.accademiadellacrusca.org/File/Download?code=05d80fa1-b2cb-41a3-a096-d7724fd6fe45,Perché si dice … | dei miei stivali | per intendere ‘di poco conto’? | Paolo Rondinelli | Pagine | 34-37 - | PDF
33394,https://id.accademiadellacrusca.org/articoli/repetita-iuvant-reiterare-iterare-e-i-loro-derivati/33394,repetita-iuvant-reiterare-iterare-e-i-loro-derivati,"Repetita iuvant : reiterare , iterare e i loro derivati",Consulenza linguistica,CONSULENZA LINGUISTICA,True,False,"XXXIII, 2025/2 (aprile-giugno)",33383,chiuso,HTML+PDF,https://id.accademiadellacrusca.org/File/Download?code=c8589169-076e-4c97-bed0-f7d56a071cc4,"Repetita iuvant | : | reiterare | , | iterare | e i loro derivati | Ilde Consales | Pagine | 38-40 - | PDF"
33395,https://id.accademiadellacrusca.org/articoli/esiste-laggettivo-muccato-i-derivati-in-ato-da-nomi-di-animali/33395,esiste-laggettivo-muccato-i-derivati-in-ato-da-nomi-di-animali,Esiste l’aggettivo muccato ? I derivati in -ato da nomi di animali,Consulenza linguistica,CONSULENZA LINGUISTICA,True,False,"XXXIII, 2025/2 (aprile-giugno)",33383,chiuso,HTML+PDF,https://id.accademiadellacrusca.org/File/Download?code=87b8b708-e3cf-4a3a-b1ad-0b55d9e2ce38,Esiste l’aggettivo | muccato | ? I derivati in | -ato | da nomi di animali | Elisa Altissimi | Pagine | 41-44 - | PDF
33396,https://id.accademiadellacrusca.org/articoli/due-voci-che-sembrano-nuove-ma-non-lo-sono-una-sopravviver-laltra-probabilmente-no/33396,due-voci-che-sembrano-nuove-ma-non-lo-sono-una-sopravviver-laltra-probabilmente-no,"Due voci che sembrano nuove, ma non lo sono: una sopravviverà, l’altra probabilmente no",Consulenza linguistica,CONSULENZA LINGUISTICA,True,False,"XXXIII, 2025/2 (aprile-giugno)",33383,chiuso,HTML+PDF,https://id.accademiadellacrusca.org/File/Download?code=0a2b832f-e98a-4ee3-b02a-5418122ab8cd,"Due voci che sembrano nuove, ma non lo sono: una sopravviverà, l’altra probabilmente no | Ilaria Bonomi | Pagine | 45-46 - | PDF"
33397,https://id.accademiadellacrusca.org/articoli/molle-mollo-a-mollo-e-ammollo/33397,molle-mollo-a-mollo-e-ammollo,"Molle , mollo , a mollo e ammollo",Consulenza linguistica,CONSULENZA LINGUISTICA,True,False,"XXXIII, 2025/2 (aprile-giugno)",33383,chiuso,HTML+PDF,https://id.accademiadellacrusca.org/File/Download?code=1a13d343-07c7-422b-b84d-3b39a1fc69db,"Molle | , | mollo | , | a mollo | e | ammollo | Anna M. Thornton | Pagine | 47-48 - | PDF"
33398,https://id.accademiadellacrusca.org/articoli/giorni-scolastici-e-proprietari-boschivi/33398,giorni-scolastici-e-proprietari-boschivi,Giorni scolastici e proprietari boschivi,Consulenza linguistica,CONSULENZA LINGUISTICA,True,False,"XXXIII, 2025/2 (aprile-giugno)",33383,chiuso,HTML+PDF,https://id.accademiadellacrusca.org/File/Download?code=43823350-8491-4c0a-afb6-175ec595f000,Giorni | scolastici | e proprietari | boschivi | Silvia Dal Negro | Pagine | 49-51 - | PDF
33399,https://id.accademiadellacrusca.org/articoli/concluso-il-conclave-chiariamo-alcuni-dubbi-sulla-parola/33399,concluso-il-conclave-chiariamo-alcuni-dubbi-sulla-parola,"Concluso il conclave , chiariamo alcuni dubbi sulla parola",Consulenza linguistica,CONSULENZA LINGUISTICA,True,False,"XXXIII, 2025/2 (aprile-giugno)",33383,chiuso,HTML+PDF,https://id.accademiadellacrusca.org/File/Download?code=a5358fd6-791d-44a3-8292-a531b040c0a8,"Concluso il | conclave | , chiariamo alcuni dubbi sulla parola | Paolo D'Achille | Pagine | 52-55 - | PDF"
33400,https://id.accademiadellacrusca.org/articoli/musulmano-o-mussulmano/33400,musulmano-o-mussulmano,Musulmano o mussulmano?,Consulenza linguistica,CONSULENZA LINGUISTICA,True,False,"XXXIII, 2025/2 (aprile-giugno)",33383,chiuso,HTML+PDF,https://id.accademiadellacrusca.org/File/Download?code=40173449-750e-493f-bd59-b870a4938c3c,Musulmano | o | mussulmano? | Maria Cristina Torchia | Pagine | 56-65 - | PDF
33401,https://id.accademiadellacrusca.org/articoli/questa-riposta-non--un-pro-forma/33401,questa-riposta-non--un-pro-forma,Questa riposta non è un pro forma,Consulenza linguistica,CONSULENZA LINGUISTICA,True,False,"XXXIII, 2025/2 (aprile-giugno)",33383,chiuso,HTML+PDF,https://id.accademiadellacrusca.org/File/Download?code=361df882-a4ed-4ad0-8e23-ef08d13a57e7,Questa riposta non è un | pro forma | Miriam Di Carlo | Pagine | 66-71 - | PDF
33402,https://id.accademiadellacrusca.org/articoli/cattive-acque-acquazzoni-alluvioni-nubifragi-e-altri-fenomeni-atmosferici/33402,cattive-acque-acquazzoni-alluvioni-nubifragi-e-altri-fenomeni-atmosferici,"Cattive acque: acquazzoni , alluvioni , nubifragi e altri fenomeni atmosferici",Consulenza linguistica,CONSULENZA LINGUISTICA,True,False,"XXXIII, 2025/2 (aprile-giugno)",33383,chiuso,HTML+PDF,https://id.accademiadellacrusca.org/File/Download?code=10f4bd78-1396-4a4d-9250-7f85cb724d70,"Cattive acque: | acquazzoni | , | alluvioni | , | nubifragi | e altri fenomeni atmosferici | Riccardo Gualdo | Pagine | 72-78 - | PDF"
33403,https://id.accademiadellacrusca.org/articoli/qual--il-genere-di-iris-e-di-iride-e-si-dice-irdeo-o-irido-e-che-significa-iridato/33403,qual--il-genere-di-iris-e-di-iride-e-si-dice-irdeo-o-irido-e-che-significa-iridato,Qual è il genere di iris ? e di iride ? E si dice irìdeo o iridèo ? E che significa iridato ?,Consulenza linguistica,CONSULENZA LINGUISTICA,True,False,"XXXIII, 2025/2 (aprile-giugno)",33383,chiuso,HTML+PDF,https://id.accademiadellacrusca.org/File/Download?code=f8023012-2679-443d-9958-97111a9b4617,Qual è il genere di | iris | ? e di | iride | ? E si dice | irìdeo | o | iridèo | ? E che significa | iridato | ? | Anna M. Thornton e Paolo D'Achille | Pagine | 79-82 - | PDF
33404,https://id.accademiadellacrusca.org/articoli/sono-ammissibili-potenziabile-e-sopperibile/33404,sono-ammissibili-potenziabile-e-sopperibile,Sono ammissibili potenziabile e sopperibile ?,Consulenza linguistica,CONSULENZA LINGUISTICA,True,False,"XXXIII, 2025/2 (aprile-giugno)",33383,chiuso,HTML+PDF,https://id.accademiadellacrusca.org/File/Download?code=9ae955c6-a5b3-4987-9270-1d78028c8593,Sono ammissibili | potenziabile | e | sopperibile | ? | Franz Rainer | Pagine | 83-85 - | PDF
34404,https://id.accademiadellacrusca.org/articoli/qual--il-contrario-di-annuire/34404,qual--il-contrario-di-annuire,Qual è il contrario di annuire ?,Consulenza linguistica,CONSULENZA LINGUISTICA,True,False,"XXXIII, 2025/2 (aprile-giugno)",33383,chiuso,HTML+PDF,https://id.accademiadellacrusca.org/File/Download?code=9b997170-452a-403e-909e-9f23b788da26,Qual è il contrario di | annuire | ? | Andrea Riga | Pagine | 86-91 - | PDF
34405,https://id.accademiadellacrusca.org/articoli/se-mi-spolgo-e-non-mi-spoglio-vengo-dalla-toscana/34405,se-mi-spolgo-e-non-mi-spoglio-vengo-dalla-toscana,Se mi spolgo e non mi spoglio vengo dalla Toscana,Consulenza linguistica,CONSULENZA LINGUISTICA,True,False,"XXXIII, 2025/2 (aprile-giugno)",33383,chiuso,HTML+PDF,https://id.accademiadellacrusca.org/File/Download?code=523711c6-f9b2-43c0-8e72-1e05dc70d034,Se | mi spolgo | e non | mi spoglio | vengo dalla Toscana | Leonardo Maria Savoia | Pagine | 92-94 - | PDF
34406,https://id.accademiadellacrusca.org/articoli/si-deve-dire-e-scrivere-reboante-o-roboante-ed-esistono-reboanza-e-reboare/34406,si-deve-dire-e-scrivere-reboante-o-roboante-ed-esistono-reboanza-e-reboare,Si deve dire (e scrivere) reboante o roboante ? Ed esistono reboanza e reboare ?,Consulenza linguistica,CONSULENZA LINGUISTICA,True,False,"XXXIII, 2025/2 (aprile-giugno)",33383,chiuso,HTML+PDF,https://id.accademiadellacrusca.org/File/Download?code=d2fb94af-1764-4ac1-9a1e-5b32fae84346,Si deve dire (e scrivere) | reboante | o | roboante | ? Ed esistono | reboanza | e | reboare | ? | Miriam Di Carlo | Pagine | 95-99 - | PDF
34407,https://id.accademiadellacrusca.org/articoli/vi-rispondiamo-con-la-speranza-di-non-svarionare-di-non-rendervi-svarionati-e-di-non-incorrere-in-sv/34407,vi-rispondiamo-con-la-speranza-di-non-svarionare-di-non-rendervi-svarionati-e-di-non-incorrere-in-sv,"Vi rispondiamo, con la speranza di non svarionare , di non rendervi svarionati e di non incorrere in svarioni",Consulenza linguistica,CONSULENZA LINGUISTICA,True,False,"XXXIII, 2025/2 (aprile-giugno)",33383,chiuso,HTML+PDF,https://id.accademiadellacrusca.org/File/Download?code=4d092f1b-0666-49c0-9fc1-a2c3b27b806d,"Vi rispondiamo, con la speranza di non | svarionare | , di non rendervi | svarionati | e di non incorrere in | svarioni | Alfonso Ricci | Pagine | 100-106 - | PDF"
34409,https://id.accademiadellacrusca.org/articoli/una-sola-risposta-a-tante-domande-su-aggettivi-e-sostantivi-che-preceduti-da-elementi-formativi-nume/34409,una-sola-risposta-a-tante-domande-su-aggettivi-e-sostantivi-che-preceduti-da-elementi-formativi-nume,"Una sola risposta a tante domande su aggettivi e sostantivi che, preceduti da elementi formativi numerali, indicano un periodo temporale",Consulenza linguistica,CONSULENZA LINGUISTICA,True,False,"XXXIII, 2025/2 (aprile-giugno)",33383,chiuso,HTML+PDF,https://id.accademiadellacrusca.org/File/Download?code=41e7bcec-96c7-4a53-adc1-fc374544d507,"Una sola risposta a tante domande su aggettivi e sostantivi che, preceduti da elementi formativi numerali, indicano un periodo temporale | Lucia Francalanci | Pagine | 107-114 - | PDF"
34411,https://id.accademiadellacrusca.org/articoli/che-responsabilit/34411,che-responsabilit,Che responsabilità !,Consulenza linguistica,CONSULENZA LINGUISTICA,True,False,"XXXIII, 2025/2 (aprile-giugno)",33383,chiuso,HTML+PDF,https://id.accademiadellacrusca.org/File/Download?code=0b74ca62-78b1-44ee-918d-54374e4a6dfd,Che | responsabilità | ! | Raffaella Setti | Pagine | 115-119 - | PDF
34412,https://id.accademiadellacrusca.org/articoli/giovane-ragazzo-ragazza-o-ragazzo-ragazza-giovane-storia-di-unapparente-ridondanza-linguistica/34412,giovane-ragazzo-ragazza-o-ragazzo-ragazza-giovane-storia-di-unapparente-ridondanza-linguistica,Giovane ragazzo / ragazza o ragazzo/ragazza giovane ? Storia di un’apparente ridondanza linguistica,Consulenza linguistica,CONSULENZA LINGUISTICA,True,False,"XXXIII, 2025/2 (aprile-giugno)",33383,chiuso,HTML+PDF,https://id.accademiadellacrusca.org/File/Download?code=18d93e8a-42a5-4e00-99ac-0d1d8330dd19,Giovane ragazzo | / | ragazza | o | ragazzo/ragazza giovane | ? Storia di un’apparente ridondanza linguistica | Gabriella Alfieri | Pagine | 120-128 - | PDF
34413,https://id.accademiadellacrusca.org/articoli/questioni-concrete-pragmatico-pragmaticissimo-pragmatismo-pragmaticit/34413,questioni-concrete-pragmatico-pragmaticissimo-pragmatismo-pragmaticit,"Questioni concrete: pragmatico , pragmaticissimo , pragmatismo , pragmaticità",Consulenza linguistica,CONSULENZA LINGUISTICA,True,False,"XXXIII, 2025/2 (aprile-giugno)",33383,chiuso,HTML+PDF,https://id.accademiadellacrusca.org/File/Download?code=fe93f6da-04a4-48f6-99a7-882bed38fda2,"Questioni concrete: | pragmatico | , | pragmaticissimo | , | pragmatismo | , | pragmaticità | Ilde Consales | Pagine | 129-130 - | PDF"
34415,https://id.accademiadellacrusca.org/articoli/iscriversi-a-iscriversi-in-come-si-entra-alluniversit/34415,iscriversi-a-iscriversi-in-come-si-entra-alluniversit,"Iscriversi a , iscriversi in : come si entra all’università?",Consulenza linguistica,CONSULENZA LINGUISTICA,True,False,"XXXIII, 2025/2 (aprile-giugno)",33383,chiuso,HTML+PDF,https://id.accademiadellacrusca.org/File/Download?code=01e99c26-1499-4d9b-b724-ec35557d34c0,"Iscriversi a | , | iscriversi in | : come si entra all’università? | Giovanni Urraci | Pagine | 131-137 - | PDF"
34416,https://id.accademiadellacrusca.org/articoli/convintamente-un-avverbio-legittimo-non-nuovo-ma-in-rapida-espansione/34416,convintamente-un-avverbio-legittimo-non-nuovo-ma-in-rapida-espansione,"Convintamente : un avverbio legittimo, non nuovo, ma in rapida espansione",Consulenza linguistica,CONSULENZA LINGUISTICA,True,False,"XXXIII, 2025/2 (aprile-giugno)",33383,chiuso,HTML+PDF,https://id.accademiadellacrusca.org/File/Download?code=2bcf1d0b-9a00-43c0-807f-745c02fc714e,"Convintamente | : un avverbio legittimo, non nuovo, ma in rapida espansione | Ilaria Bonomi | Pagine | 138-140 - | PDF"
34417,https://id.accademiadellacrusca.org/articoli/una-risposta-di-piccola-mole/34417,una-risposta-di-piccola-mole,Una risposta di piccola mole,Consulenza linguistica,CONSULENZA LINGUISTICA,True,False,"XXXIII, 2025/2 (aprile-giugno)",33383,chiuso,HTML+PDF,https://id.accademiadellacrusca.org/File/Download?code=2d9cde22-c631-4d04-9068-9eac52b359b8,Una risposta di | piccola mole | Anna M. Thornton | Pagine | 141-142 - | PDF
34418,https://id.accademiadellacrusca.org/articoli/origine-e-uso-corrente-dellespressione-vuoto-per-pieno/34418,origine-e-uso-corrente-dellespressione-vuoto-per-pieno,Origine e uso corrente dell’espressione vuoto per pieno,Consulenza linguistica,CONSULENZA LINGUISTICA,True,False,"XXXIII, 2025/2 (aprile-giugno)",33383,chiuso,HTML+PDF,https://id.accademiadellacrusca.org/File/Download?code=a82784a3-b15b-45a5-9f5e-03517edc610c,Origine e uso corrente dell’espressione | vuoto per pieno | Gianluca Valenti | Pagine | 143-144 - | PDF
34421,https://id.accademiadellacrusca.org/articoli/su-incutere/34421,su-incutere,Su incutere,Consulenza linguistica,CONSULENZA LINGUISTICA,True,False,"XXXIII, 2025/2 (aprile-giugno)",33383,chiuso,HTML+PDF,https://id.accademiadellacrusca.org/File/Download?code=fcd872d5-cd5a-44a0-9fbf-3fd8f0bdfc0c,Su | incutere | Edoardo Lombardi Vallauri | Pagine | 145-147 - | PDF
34423,https://id.accademiadellacrusca.org/articoli/facciamo-s-che/34423,facciamo-s-che,Facciamo sì che…,Consulenza linguistica,CONSULENZA LINGUISTICA,True,False,"XXXIII, 2025/2 (aprile-giugno)",33383,chiuso,HTML+PDF,https://id.accademiadellacrusca.org/File/Download?code=76151cb0-36fb-4ed6-b5b7-b0432312c7d8,Facciamo sì che… | Cristiana De Santis | Pagine | 148-150 - | PDF
34424,https://id.accademiadellacrusca.org/articoli/alloquire/34424,alloquire,Alloquire,Consulenza linguistica,CONSULENZA LINGUISTICA,True,False,"XXXIII, 2025/2 (aprile-giugno)",33383,chiuso,HTML+PDF,https://id.accademiadellacrusca.org/File/Download?code=9a5f4602-11ed-4216-b4c7-e9ae921a363f,Alloquire | Luciana Salibra | Pagine | 151-153 - | PDF
34408,https://id.accademiadellacrusca.org/articoli/le-parole-della-scienza-aperta-fair-fairificazione-fairificare-fairness/34408,le-parole-della-scienza-aperta-fair-fairificazione-fairificare-fairness,"Le parole della scienza aperta: FAIR , fairificazione , fairificare , FAIRness",Parole nuove,PAROLE NUOVE,False,True,"XXXIII, 2025/2 (aprile-giugno)",33383,chiuso,HTML+PDF,https://id.accademiadellacrusca.org/File/Download?code=18a26770-f33d-47ee-8b2e-813b3af28860,"Le parole della scienza aperta: | FAIR | , | fairificazione | , | fairificare | , | FAIRness | Lucia Francalanci | Pagine | 154-159 - | PDF"
34410,https://id.accademiadellacrusca.org/articoli/skort-gonna-o-pantaloni/34410,skort-gonna-o-pantaloni,Skort : gonna o pantaloni?,Parole nuove,PAROLE NUOVE,False,True,"XXXIII, 2025/2 (aprile-giugno)",33383,chiuso,HTML+PDF,https://id.accademiadellacrusca.org/File/Download?code=d45c5ef7-035f-40c0-ad53-fbaaa1d4c737,Skort | : gonna o pantaloni? | Elisa Altissimi | Pagine | 160-166 - | PDF
34422,https://id.accademiadellacrusca.org/articoli/nuove-parole-in-teca-tra-nomi-di-esercizi-commerciali-e-cultura-del-riciclo/34422,nuove-parole-in-teca-tra-nomi-di-esercizi-commerciali-e-cultura-del-riciclo,Nuove parole in -teca : tra nomi di esercizi commerciali e cultura del riciclo,Parole nuove,PAROLE NUOVE,False,True,"XXXIII, 2025/2 (aprile-giugno)",33383,chiuso,HTML+PDF,https://id.accademiadellacrusca.org/File/Download?code=c5c367fc-19ea-4888-8e7a-77caef766c77,Nuove parole in | -teca | : tra nomi di esercizi commerciali e cultura del riciclo | Miriam Di Carlo | Pagine | 167-189 - | PDF
36453,https://id.accademiadellacrusca.org/articoli/pi-prossimo-pi-intimo-e-pi-estremo-non-sar-un-po-troppo/36453,pi-prossimo-pi-intimo-e-pi-estremo-non-sar-un-po-troppo,"Più prossimo, più intimo e più estremo : non sarà un po' troppo?",La Crusca rispose,LA CRUSCA RISPOSE,True,False,"XXXIII, 2025/2 (aprile-giugno)",33383,chiuso,HTML+PDF,https://id.accademiadellacrusca.org/File/Download?code=2ca90fa8-abfc-4b30-af36-91b970c8d1f2,"Più prossimo, più intimo | e | più estremo | : non sarà un po' troppo? | Laura Eliseo | Pagine | 190-191 - | PDF"
36452,https://id.accademiadellacrusca.org/articoli/la-crusca--l-accademia-italiana-pi-longeva-di-sempre/36452,la-crusca--l-accademia-italiana-pi-longeva-di-sempre,La Crusca è l'accademia italiana più longeva di sempre ?,La Crusca rispose,LA CRUSCA RISPOSE,True,False,"XXXIII, 2025/2 (aprile-giugno)",33383,chiuso,HTML+PDF,https://id.accademiadellacrusca.org/File/Download?code=b9af5c90-43a1-43a8-90a6-6da36fdad1a7,La Crusca è l'accademia italiana più longeva | di sempre | ? | Matilde Paoli | Pagine | 192-195 - | PDF
36454,https://id.accademiadellacrusca.org/articoli/-il-pi-bello-del-mondo-o-al-mondo/36454,-il-pi-bello-del-mondo-o-al-mondo,È (il) più bello del mondo o al mondo ?,La Crusca rispose,LA CRUSCA RISPOSE,True,False,"XXXIII, 2025/2 (aprile-giugno)",33383,chiuso,HTML+PDF,https://id.accademiadellacrusca.org/File/Download?code=d14f02a2-d90f-4349-93d1-48f2876b7b3c,È (il) più bello | del mondo | o | al mondo | ? | Massimo Bellina | Pagine | 196-198 - | PDF
40573,https://id.accademiadellacrusca.org/articoli/ma-siamo-proprio-sicuri-che-una-marea-di-sigle-semplifichi-la-comunicazione/40573,ma-siamo-proprio-sicuri-che-una-marea-di-sigle-semplifichi-la-comunicazione,Ma siamo proprio sicuri che una marea di sigle semplifichi la comunicazione?,Articoli,ARTICOLI,False,False,"XXXIII, 2025/2 (aprile-giugno)",33383,chiuso,HTML+PDF,https://id.accademiadellacrusca.org/File/Download?code=d146c3cb-3b10-4777-bf62-f046efc167f3,Ma siamo proprio sicuri che una marea di sigle semplifichi la comunicazione? | Raffaella Setti | Pagine | 199-210 - | PDF
36460,https://id.accademiadellacrusca.org/articoli/tornata-accademica-tra-le-donne-italiane-a-migliori-e-a-pi-forti-studii-incitate-ricordo-delle-accad/36460,tornata-accademica-tra-le-donne-italiane-a-migliori-e-a-pi-forti-studii-incitate-ricordo-delle-accad,"Tornata accademica Tra le donne italiane a migliori, e a più forti studii incitate . Ricordo delle accademiche Maria Luisa Altieri Biagi, Bice Mortara Garavelli e Ornella Castellani Pollidori. Saluto del presidente",Incontri e tornate,INCONTRI E TORNATE,False,False,"XXXIII, 2025/2 (aprile-giugno)",33383,chiuso,HTML+PDF,https://id.accademiadellacrusca.org/File/Download?code=851bc622-b8b7-457d-8cbf-3f01a026890b,"Tornata accademica | Tra le donne italiane a migliori, e a più forti studii incitate | . Ricordo delle accademiche Maria Luisa Altieri Biagi, Bice Mortara Garavelli e Ornella Castellani Pollidori. Saluto del presidente | Paolo D'Achille | Pagine | 211-213 - | PDF"
36463,https://id.accademiadellacrusca.org/articoli/ricordo-di-maria-luisa-altieri-biagi-accademica-della-crusca/36463,ricordo-di-maria-luisa-altieri-biagi-accademica-della-crusca,"Ricordo di Maria Luisa Altieri Biagi, Accademica della Crusca",Incontri e tornate,INCONTRI E TORNATE,False,False,"XXXIII, 2025/2 (aprile-giugno)",33383,chiuso,HTML+PDF,https://id.accademiadellacrusca.org/File/Download?code=fe37b988-f55b-49bf-a570-9df9104d9556,"Ricordo di Maria Luisa Altieri Biagi, Accademica della Crusca | Nicoletta Maraschio | Pagine | 214-219 - | PDF"
36464,https://id.accademiadellacrusca.org/articoli/maria-luisa-altieri-biagi-una-studiosa-e-la-sua-biblioteca/36464,maria-luisa-altieri-biagi-una-studiosa-e-la-sua-biblioteca,Maria Luisa Altieri Biagi: una studiosa e la sua biblioteca,Incontri e tornate,INCONTRI E TORNATE,False,False,"XXXIII, 2025/2 (aprile-giugno)",33383,chiuso,HTML+PDF,https://id.accademiadellacrusca.org/File/Download?code=8b02cc3a-1b80-4638-99cb-6cc4e6c318ca,Maria Luisa Altieri Biagi: una studiosa e la sua biblioteca | Cristiana De Santis | Pagine | 220-227 - | PDF
37470,https://id.accademiadellacrusca.org/articoli/bibliografia-degli-scritti-di-maria-luisa-altieri-biagi/37470,bibliografia-degli-scritti-di-maria-luisa-altieri-biagi,Bibliografia degli scritti di Maria Luisa Altieri Biagi,Incontri e tornate,INCONTRI E TORNATE,False,False,"XXXIII, 2025/2 (aprile-giugno)",33383,chiuso,HTML+PDF,https://id.accademiadellacrusca.org/File/Download?code=8c29c72c-a1c3-4bae-be8d-ed3f0b51b0a4,Bibliografia degli scritti di Maria Luisa Altieri Biagi | A cura di Fabio Atzori e Cristiana De Santis | Pagine | 228-240 - | PDF
36461,https://id.accademiadellacrusca.org/articoli/il-mio-filo-del-discorso-con-bice-mortara-garavelli/36461,il-mio-filo-del-discorso-con-bice-mortara-garavelli,Il mio filo del discorso con Bice Mortara Garavelli,Incontri e tornate,INCONTRI E TORNATE,False,False,"XXXIII, 2025/2 (aprile-giugno)",33383,chiuso,HTML+PDF,https://id.accademiadellacrusca.org/File/Download?code=25c6d6be-c3e2-4346-813e-774cdc68b92b,Il mio filo del discorso con Bice Mortara Garavelli | Carla Marello | Pagine | 241-252 - | PDF
36462,https://id.accademiadellacrusca.org/articoli/per-bice/36462,per-bice,Per Bice,Incontri e tornate,INCONTRI E TORNATE,False,False,"XXXIII, 2025/2 (aprile-giugno)",33383,chiuso,HTML+PDF,https://id.accademiadellacrusca.org/File/Download?code=f939f56f-071b-4ffb-8fa6-8bc20532cbfa,Per Bice | Jacqueline Visconti | Pagine | 253-257 - | PDF
37493,https://id.accademiadellacrusca.org/articoli/bibliografia-degli-scritti-di-bice-mortara-garavelli/37493,bibliografia-degli-scritti-di-bice-mortara-garavelli,Bibliografia degli scritti di Bice Mortara Garavelli,Incontri e tornate,INCONTRI E TORNATE,False,False,"XXXIII, 2025/2 (aprile-giugno)",33383,chiuso,HTML+PDF,https://id.accademiadellacrusca.org/File/Download?code=17f59466-f506-4480-8e3b-5a03b93660db,Bibliografia degli scritti di Bice Mortara Garavelli | A cura di Francesca Virginia Geymonat | Pagine | 258-273 - | PDF
37467,https://id.accademiadellacrusca.org/articoli/ricordo-di-ornella-castellani-pollidori/37467,ricordo-di-ornella-castellani-pollidori,Ricordo di Ornella Castellani Pollidori,Incontri e tornate,INCONTRI E TORNATE,False,False,"XXXIII, 2025/2 (aprile-giugno)",33383,chiuso,HTML+PDF,https://id.accademiadellacrusca.org/File/Download?code=518e7bcb-1bcd-4392-b9d2-b0bc428eeb63,Ricordo di Ornella Castellani Pollidori | Paola Manni | Pagine | 274-279 - | PDF
37468,https://id.accademiadellacrusca.org/articoli/i-plastismi-e-altre-cose-di-ornella-castellani-pollidori/37468,i-plastismi-e-altre-cose-di-ornella-castellani-pollidori,I “plastismi” (e altre cose) di Ornella Castellani Pollidori,Incontri e tornate,INCONTRI E TORNATE,False,False,"XXXIII, 2025/2 (aprile-giugno)",33383,chiuso,HTML+PDF,https://id.accademiadellacrusca.org/File/Download?code=3a93ddd1-8c06-4daa-b30c-3affd5ca9a4c,I “plastismi” (e altre cose) di Ornella Castellani Pollidori | Paolo D'Achille | Pagine | 280-288 - | PDF
37502,https://id.accademiadellacrusca.org/articoli/bibliografia-degli-scritti-di-ornella-castellani-pollidori/37502,bibliografia-degli-scritti-di-ornella-castellani-pollidori,Bibliografia degli scritti di Ornella Castellani Pollidori,Incontri e tornate,INCONTRI E TORNATE,False,False,"XXXIII, 2025/2 (aprile-giugno)",33383,chiuso,HTML+PDF,https://id.accademiadellacrusca.org/File/Download?code=365a7f51-26ed-43f6-9b21-6a085221efb3,Bibliografia degli scritti di Ornella Castellani Pollidori | A cura di Paola Manni e Andrea Riga | Pagine | 289-294 - | PDF
37465,https://id.accademiadellacrusca.org/articoli/le-accademiche-nella-storia-della-crusca/37465,le-accademiche-nella-storia-della-crusca,Le Accademiche nella storia della Crusca,Incontri e tornate,INCONTRI E TORNATE,False,False,"XXXIII, 2025/2 (aprile-giugno)",33383,chiuso,HTML+PDF,https://id.accademiadellacrusca.org/File/Download?code=0ded6624-1148-49a5-b657-e5e2b586a5e9,Le Accademiche nella storia della Crusca | Elisabetta Benucci | Pagine | 295-312 - | PDF
37471,https://id.accademiadellacrusca.org/articoli/un-accademica-alla-sua-scrivania-mostra-di-carte-libri-immagini-catalogo-dei-materiali-in-esposizion/37471,un-accademica-alla-sua-scrivania-mostra-di-carte-libri-immagini-catalogo-dei-materiali-in-esposizion,"Un'accademica alla sua scrivania. Mostra di carte, libri, immagini . Catalogo dei materiali in esposizione",Incontri e tornate,INCONTRI E TORNATE,False,False,"XXXIII, 2025/2 (aprile-giugno)",33383,chiuso,HTML+PDF,https://id.accademiadellacrusca.org/File/Download?code=8257db90-1db8-40ff-b7fd-74ae1bfea04f,"Un'accademica alla sua scrivania. Mostra di carte, libri, immagini | . Catalogo dei materiali in esposizione | Pagine | 313-316 - | PDF"
33384,https://id.accademiadellacrusca.org/articoli/il-rapporto-piaac-ocse-2024/33384,il-rapporto-piaac-ocse-2024,Il rapporto PIAAC-OCSE 2024,Temi di discussione,TEMI DI DISCUSSIONE,False,False,"XXXIII, 2025/2 (aprile-giugno)",33383,chiuso,HTML+PDF,https://id.accademiadellacrusca.org/File/Download?code=5ba79dcf-01d9-4ec3-9c38-7effaf564ae9,Il rapporto PIAAC-OCSE 2024 | Claudio Marazzini | Pagine | 317-322 - | PDF
34420,https://id.accademiadellacrusca.org/articoli/litaliano-una-lingua-internazionale-contro-litalian-sounding/34420,litaliano-una-lingua-internazionale-contro-litalian-sounding,"L’italiano, una lingua internazionale (contro l’ italian sounding )",Temi di discussione,TEMI DI DISCUSSIONE,False,False,"XXXIII, 2025/2 (aprile-giugno)",33383,chiuso,HTML+PDF,https://id.accademiadellacrusca.org/File/Download?code=f10fc004-5d04-4a54-bf42-ac9c464fae1a,"L’italiano, una lingua internazionale (contro l’ | italian sounding | ) | Maria Teresa Zanola | Pagine | 323-327 - | PDF"
40601,https://id.accademiadellacrusca.org/articoli/notizie-dall-accademia/40601,notizie-dall-accademia,Notizie dall'Accademia,Notizie,NOTIZIE,False,False,"XXXIII, 2025/2 (aprile-giugno)",33383,chiuso,HTML+PDF,https://id.accademiadellacrusca.org/File/Download?code=3ec8afda-7a7a-40ea-aa0b-e06e7c554a4b,Notizie dall'Accademia | A cura di comitato di redazione | Pagine | 328-330 - | PDF
40602,https://id.accademiadellacrusca.org/articoli/bibliografia-della-consulenza-linguistica/40602,bibliografia-della-consulenza-linguistica,Bibliografia della Consulenza linguistica,Bibliografia,BIBLIOGRAFIA,False,False,"XXXIII, 2025/2 (aprile-giugno)",33383,chiuso,HTML+PDF,https://id.accademiadellacrusca.org/File/Download?code=78e0962a-a079-41b0-92bd-a2c8fc2840e6,Bibliografia della Consulenza linguistica | Pagine | 331-335 - | PDF
40595,https://id.accademiadellacrusca.org/articoli/editoriale-del-direttore/40595,editoriale-del-direttore,Editoriale del direttore,Editoriale,EDITORIALE,False,False,"XXXII, 2025/1 (gennaio-marzo)",31336,chiuso,HTML+PDF,https://id.accademiadellacrusca.org/File/Download?code=b4f17f9b-8a45-46c5-b591-4bbbbcf94bae,Editoriale del direttore | Marco Biffi | PDF
31335,https://id.accademiadellacrusca.org/articoli/non-vedo-lora-di-chiarirmi-questo-dubbio-anchio/31335,non-vedo-lora-di-chiarirmi-questo-dubbio-anchio,Non vedo l’ora di chiarirmi questo dubbio. Anch’io !,Consulenza linguistica,CONSULENZA LINGUISTICA,True,False,"XXXII, 2025/1 (gennaio-marzo)",31336,chiuso,HTML+PDF,https://id.accademiadellacrusca.org/File/Download?code=89591e83-5c7f-4221-ad07-8ef0f31f1a01,Non vedo l’ora | di chiarirmi questo dubbio. | Anch’io | ! | Raffaella Setti | Pagine | 1-3 - | PDF
31337,https://id.accademiadellacrusca.org/articoli/headquarter/31337,headquarter,Headquarter,Consulenza linguistica,CONSULENZA LINGUISTICA,True,False,"XXXII, 2025/1 (gennaio-marzo)",31336,chiuso,HTML+PDF,https://id.accademiadellacrusca.org/File/Download?code=34e47c58-7a19-4f68-956f-7f169f090561,Headquarter | Carla Marello | Pagine | 4-6 - | PDF
31338,https://id.accademiadellacrusca.org/articoli/analfabeta-ci-sar-lei-ma-ci-sei-o-ci-fai/31338,analfabeta-ci-sar-lei-ma-ci-sei-o-ci-fai,Analfabeta ci sarà lei… ma ci sei o ci fai ?,Consulenza linguistica,CONSULENZA LINGUISTICA,True,False,"XXXII, 2025/1 (gennaio-marzo)",31336,chiuso,HTML+PDF,https://id.accademiadellacrusca.org/File/Download?code=b2bfa08d-2f4f-459c-b6ca-3f0739975c19,Analfabeta | ci sarà lei… ma ci sei o ci fai | ? | Bruno Moretti | Pagine | 7-10 - | PDF
31339,https://id.accademiadellacrusca.org/articoli/il-clitico-la-nei-verbi-procomplementari/31339,il-clitico-la-nei-verbi-procomplementari,Il clitico la nei verbi procomplementari,Consulenza linguistica,CONSULENZA LINGUISTICA,True,False,"XXXII, 2025/1 (gennaio-marzo)",31336,chiuso,HTML+PDF,https://id.accademiadellacrusca.org/File/Download?code=e490e9e2-03a4-424a-86d9-61f531abe4b0,Il clitico | la | nei verbi procomplementari | Stefano Ondelli | Pagine | 11-14 - | PDF
31340,https://id.accademiadellacrusca.org/articoli/vintage/31340,vintage,Vintage,Consulenza linguistica,CONSULENZA LINGUISTICA,True,False,"XXXII, 2025/1 (gennaio-marzo)",31336,chiuso,HTML+PDF,https://id.accademiadellacrusca.org/File/Download?code=06c286a2-eaed-48f8-a905-c40fdab788db,Vintage | Giuseppe Sergio | Pagine | 15-18 - | PDF
31341,https://id.accademiadellacrusca.org/articoli/magari-o-forse-risolveremo-i-vostri-dubbi/31341,magari-o-forse-risolveremo-i-vostri-dubbi,Magari (o forse ?) risolveremo i vostri dubbi,Consulenza linguistica,CONSULENZA LINGUISTICA,True,False,"XXXII, 2025/1 (gennaio-marzo)",31336,chiuso,HTML+PDF,https://id.accademiadellacrusca.org/File/Download?code=f2981e14-294b-4feb-9d2d-d83cdf70db69,Magari | (o | forse | ?) risolveremo i vostri dubbi | Paola Pietrandrea | Pagine | 19-22 - | PDF
31342,https://id.accademiadellacrusca.org/articoli/che-nome-dare-ai-toponimi-dedicati-a-un-personaggio-illustre/31342,che-nome-dare-ai-toponimi-dedicati-a-un-personaggio-illustre,Che nome dare ai toponimi dedicati a un personaggio illustre?,Consulenza linguistica,CONSULENZA LINGUISTICA,True,False,"XXXII, 2025/1 (gennaio-marzo)",31336,chiuso,HTML+PDF,https://id.accademiadellacrusca.org/File/Download?code=5a36698f-60e7-456d-9e82-319598837afc,Che nome dare ai toponimi dedicati a un personaggio illustre? | Enzo Caffarelli | Pagine | 23-26 - | PDF
31346,https://id.accademiadellacrusca.org/articoli/doveristico-il-suffisso-istico-come-esempio-di-telescoping-morfologico/31346,doveristico-il-suffisso-istico-come-esempio-di-telescoping-morfologico,Doveristico : il suffisso -istico come esempio di “telescoping” morfologico,Consulenza linguistica,CONSULENZA LINGUISTICA,True,False,"XXXII, 2025/1 (gennaio-marzo)",31336,chiuso,HTML+PDF,https://id.accademiadellacrusca.org/File/Download?code=a8722375-b8f2-451b-8a09-d643caf8ff72,Doveristico | : il suffisso | -istico | come esempio di “telescoping” morfologico | Livio Gaeta | Pagine | 27-28 - | PDF
31347,https://id.accademiadellacrusca.org/articoli/eucaristia-eucarestia-due-vocali-per-un-sacramento/31347,eucaristia-eucarestia-due-vocali-per-un-sacramento,Eucaristia/eucarestia : due vocali per un sacramento,Consulenza linguistica,CONSULENZA LINGUISTICA,True,False,"XXXII, 2025/1 (gennaio-marzo)",31336,chiuso,HTML+PDF,https://id.accademiadellacrusca.org/File/Download?code=50ea24a7-328e-4016-ab51-b3839bdac782,Eucaristia/eucarestia | : due vocali per un sacramento | Claudia Tarallo | Pagine | 29-32 - | PDF
31348,https://id.accademiadellacrusca.org/articoli/maestra-lidia-mi-ha-detto--o-la-maestra-lidia-mi-ha-detto-/31348,maestra-lidia-mi-ha-detto--o-la-maestra-lidia-mi-ha-detto-,“ Maestra Lidia mi ha detto… ” o “ La maestra Lidia mi ha detto… ”?,Consulenza linguistica,CONSULENZA LINGUISTICA,True,False,"XXXII, 2025/1 (gennaio-marzo)",31336,chiuso,HTML+PDF,https://id.accademiadellacrusca.org/File/Download?code=86be69ca-397e-4154-8bcb-1b4c92455b12,“ | Maestra Lidia | mi ha detto… ” o “ | La maestra Lidia | mi ha detto… ”? | Emanuele Banfi | Pagine | 33-41 - | PDF
31349,https://id.accademiadellacrusca.org/articoli/a-differenza-di-altre-locuzioni-preposizionali-a-differenza-di-non-regge-i-possessivi/31349,a-differenza-di-altre-locuzioni-preposizionali-a-differenza-di-non-regge-i-possessivi,"A differenza di altre locuzioni preposizionali, a differenza (di) non regge i possessivi",Consulenza linguistica,CONSULENZA LINGUISTICA,True,False,"XXXII, 2025/1 (gennaio-marzo)",31336,chiuso,HTML+PDF,https://id.accademiadellacrusca.org/File/Download?code=e5489f89-d287-4066-8192-bba2d7ec4bf1,"A differenza di altre locuzioni preposizionali, | a differenza (di) | non regge i possessivi | Sara Giovine | Pagine | 42-46 - | PDF"
31350,https://id.accademiadellacrusca.org/articoli/sul-genere-e-sul-singolare-di-spinaci/31350,sul-genere-e-sul-singolare-di-spinaci,Sul genere e sul singolare di spinaci,Consulenza linguistica,CONSULENZA LINGUISTICA,True,False,"XXXII, 2025/1 (gennaio-marzo)",31336,chiuso,HTML+PDF,https://id.accademiadellacrusca.org/File/Download?code=a31ddd3f-5d1c-46da-a61c-7bac4b801be0,Sul genere e sul singolare di | spinaci | Alfonso Ricci | Pagine | 47-53 - | PDF
31351,https://id.accademiadellacrusca.org/articoli/occasionalismi-o-parole-meritevoli-di-visualizzazione-nei-dizionari/31351,occasionalismi-o-parole-meritevoli-di-visualizzazione-nei-dizionari,Occasionalismi o parole meritevoli di visualizzazione nei dizionari?,Consulenza linguistica,CONSULENZA LINGUISTICA,True,False,"XXXII, 2025/1 (gennaio-marzo)",31336,chiuso,HTML+PDF,https://id.accademiadellacrusca.org/File/Download?code=5cb31bef-66fd-4d38-9313-e059c302b94b,Occasionalismi o parole meritevoli di visualizzazione nei dizionari? | Ilaria Bonomi | Pagine | 54-58 - | PDF
31353,https://id.accademiadellacrusca.org/articoli/lavarone-come--approdato-sulle-spiagge-della-versilia/31353,lavarone-come--approdato-sulle-spiagge-della-versilia,Lavarone : come è approdato sulle spiagge della Versilia?,Consulenza linguistica,CONSULENZA LINGUISTICA,True,False,"XXXII, 2025/1 (gennaio-marzo)",31336,chiuso,HTML+PDF,https://id.accademiadellacrusca.org/File/Download?code=3c3ca6c4-0148-4401-bd32-4619b836f398,Lavarone | : come è approdato sulle spiagge della Versilia? | Matilde Paoli | Pagine | 59-64 - | PDF
31354,https://id.accademiadellacrusca.org/articoli/iatrofobia/31354,iatrofobia,Iatrofobia,Consulenza linguistica,CONSULENZA LINGUISTICA,True,False,"XXXII, 2025/1 (gennaio-marzo)",31336,chiuso,HTML+PDF,https://id.accademiadellacrusca.org/File/Download?code=8491cc21-c381-4b93-9f3c-d183ceaa6ebd,Iatrofobia | Lorenzo Tomasin | Pagine | 65-66 - | PDF
31355,https://id.accademiadellacrusca.org/articoli/sottomissivo/31355,sottomissivo,Sottomissivo,Consulenza linguistica,CONSULENZA LINGUISTICA,True,False,"XXXII, 2025/1 (gennaio-marzo)",31336,chiuso,HTML+PDF,https://id.accademiadellacrusca.org/File/Download?code=1e5ff928-0137-4973-8919-6aecb654714d,Sottomissivo | Yorick Gomez Gane | Pagine | 67-71 - | PDF
31356,https://id.accademiadellacrusca.org/articoli/un-attentato-attenta-solo-alla-vita-di-qualcuno/31356,un-attentato-attenta-solo-alla-vita-di-qualcuno,Un attentato attenta solo alla vita di qualcuno?,Consulenza linguistica,CONSULENZA LINGUISTICA,True,False,"XXXII, 2025/1 (gennaio-marzo)",31336,chiuso,HTML+PDF,https://id.accademiadellacrusca.org/File/Download?code=3a768bac-3f93-4b59-9e9d-2f12b67e1290,Un | attentato attenta | solo alla vita di qualcuno? | Miriam Di Carlo | Pagine | 72-76 - | PDF
32356,https://id.accademiadellacrusca.org/articoli/un-etnico-per-una-catena-montuosa-indefinita-il-caso-dei-nbrodi/32356,un-etnico-per-una-catena-montuosa-indefinita-il-caso-dei-nbrodi,Un etnico per una catena montuosa indefinita: il caso dei Nèbrodi,Consulenza linguistica,CONSULENZA LINGUISTICA,True,False,"XXXII, 2025/1 (gennaio-marzo)",31336,chiuso,HTML+PDF,https://id.accademiadellacrusca.org/File/Download?code=032404f8-4fd2-42f3-bd94-db3308e8df3e,Un etnico per una catena montuosa indefinita: il caso dei | Nèbrodi | Marina Castiglione | Pagine | 77-79 - | PDF
32358,https://id.accademiadellacrusca.org/articoli/debuttare--un-verbo-transitivo-o-intransitivo/32358,debuttare--un-verbo-transitivo-o-intransitivo,Debuttare è un verbo transitivo o intransitivo?*,Consulenza linguistica,CONSULENZA LINGUISTICA,True,False,"XXXII, 2025/1 (gennaio-marzo)",31336,chiuso,HTML+PDF,https://id.accademiadellacrusca.org/File/Download?code=4962fe87-a8ad-4ce4-adf2-c984e9e6a7d8,Debuttare | è un verbo transitivo o intransitivo?* | Gabriella Cartago e Stefano Ondelli | Pagine | 80-86 - | PDF
32359,https://id.accademiadellacrusca.org/articoli/adiacente-attiguo-contiguo-limitrofo-quali-forme-pu-assumere-in-italiano-il-concetto-di-immediata-vi/32359,adiacente-attiguo-contiguo-limitrofo-quali-forme-pu-assumere-in-italiano-il-concetto-di-immediata-vi,"Adiacente , attiguo , contiguo , limitrofo : quali forme può assumere in italiano il concetto di immediata vicinanza?",Consulenza linguistica,CONSULENZA LINGUISTICA,True,False,"XXXII, 2025/1 (gennaio-marzo)",31336,chiuso,HTML+PDF,https://id.accademiadellacrusca.org/File/Download?code=698e1763-6048-4d8f-aa6b-2fd144cbc279,"Adiacente | , | attiguo | , | contiguo | , | limitrofo | : quali forme può assumere in italiano il concetto di immediata vicinanza? | Massimo Bellina | Pagine | 87-97 - | PDF"
32360,https://id.accademiadellacrusca.org/articoli/estorsori-o-estortori/32360,estorsori-o-estortori,Estorsori o estortori ?,Consulenza linguistica,CONSULENZA LINGUISTICA,True,False,"XXXII, 2025/1 (gennaio-marzo)",31336,chiuso,HTML+PDF,https://id.accademiadellacrusca.org/File/Download?code=1aca287e-6df6-4307-93ea-9929c7ed2ec9,Estorsori | o | estortori | ? | Michele Colombo | Pagine | 98-101 - | PDF
32362,https://id.accademiadellacrusca.org/articoli/scansare-vale-solo-spostare-o-anche-scaffalare/32362,scansare-vale-solo-spostare-o-anche-scaffalare,Scansare vale solo spostare o anche scaffalare ?,Consulenza linguistica,CONSULENZA LINGUISTICA,True,False,"XXXII, 2025/1 (gennaio-marzo)",31336,chiuso,HTML+PDF,https://id.accademiadellacrusca.org/File/Download?code=204a6895-492e-4119-ac2d-373d51e6c3d9,Scansare | vale solo | spostare | o anche | scaffalare | ? | Gianluca Valenti | Pagine | 102-103 - | PDF
32363,https://id.accademiadellacrusca.org/articoli/una-risposta-importante/32363,una-risposta-importante,Una risposta importante,Consulenza linguistica,CONSULENZA LINGUISTICA,True,False,"XXXII, 2025/1 (gennaio-marzo)",31336,chiuso,HTML+PDF,https://id.accademiadellacrusca.org/File/Download?code=9d3b6096-14d8-4235-a3cc-83ab1bf76dd9,Una risposta | importante | Kevin De Vecchis | Pagine | 104-108 - | PDF
32365,https://id.accademiadellacrusca.org/articoli/uno-scorcio-o-squarcio-nel-bosco-dei-sinonimi/32365,uno-scorcio-o-squarcio-nel-bosco-dei-sinonimi,Uno scorcio (o squarcio ?) nel bosco dei sinonimi,Consulenza linguistica,CONSULENZA LINGUISTICA,True,False,"XXXII, 2025/1 (gennaio-marzo)",31336,chiuso,HTML+PDF,https://id.accademiadellacrusca.org/File/Download?code=c8ded909-962f-4265-93f6-d7684e55ec8a,Uno | scorcio | (o | squarcio | ?) nel bosco dei sinonimi | Raffaella Setti | Pagine | 109-113 - | PDF
32366,https://id.accademiadellacrusca.org/articoli/come-tradurre-friendly/32366,come-tradurre-friendly,Come tradurre friendly ?,Consulenza linguistica,CONSULENZA LINGUISTICA,True,False,"XXXII, 2025/1 (gennaio-marzo)",31336,chiuso,HTML+PDF,https://id.accademiadellacrusca.org/File/Download?code=a5109dab-281c-4d98-8284-affce576f443,Come tradurre | friendly | ? | Lorenzo Tomasin | Pagine | 114-115 - | PDF
33367,https://id.accademiadellacrusca.org/articoli/una-risposta-relativa-alla-reggenza-di-relativo/33367,una-risposta-relativa-alla-reggenza-di-relativo,Una risposta relativa alla reggenza di relativo,Consulenza linguistica,CONSULENZA LINGUISTICA,True,False,"XXXII, 2025/1 (gennaio-marzo)",31336,chiuso,HTML+PDF,https://id.accademiadellacrusca.org/File/Download?code=ae8771c1-bb58-4365-9b22-0ee8b09e73e3,Una risposta | relativa alla | reggenza di | relativo | Vittorio Coletti | Pagine | 116-117 - | PDF
33371,https://id.accademiadellacrusca.org/articoli/sul-verbo-tracopiare/33371,sul-verbo-tracopiare,Sul verbo tracopiare,Consulenza linguistica,CONSULENZA LINGUISTICA,True,False,"XXXII, 2025/1 (gennaio-marzo)",31336,chiuso,HTML+PDF,https://id.accademiadellacrusca.org/File/Download?code=51621dd0-a940-43e2-bdf3-49ea4b0333f9,Sul verbo | tracopiare | Francesca Cialdini | Pagine | 118-120 - | PDF
33372,https://id.accademiadellacrusca.org/articoli/sul-significato-e-lorigine-di-teopatia/33372,sul-significato-e-lorigine-di-teopatia,Sul significato e l’origine di teopatia,Consulenza linguistica,CONSULENZA LINGUISTICA,True,False,"XXXII, 2025/1 (gennaio-marzo)",31336,chiuso,HTML+PDF,https://id.accademiadellacrusca.org/File/Download?code=8bac571e-fcc5-4c8d-b638-02cba4babd75,Sul significato e l’origine di | teopatia | Simona Cresti | Pagine | 121-128 - | PDF
33373,https://id.accademiadellacrusca.org/articoli/si-finisce-sempre-il-da-mangiare-nel-piatto/33373,si-finisce-sempre-il-da-mangiare-nel-piatto,Si finisce sempre il ( da ) mangiare nel piatto,Consulenza linguistica,CONSULENZA LINGUISTICA,True,False,"XXXII, 2025/1 (gennaio-marzo)",31336,chiuso,HTML+PDF,https://id.accademiadellacrusca.org/File/Download?code=63ac2d36-4ab4-4877-9640-da420a4d0f39,Si finisce sempre | il | ( | da | ) | mangiare | nel piatto | Miriam Di Carlo | Pagine | 129-134 - | PDF
33374,https://id.accademiadellacrusca.org/articoli/sei-milioni-e-rotti-oppure-sei-milioni-erotti-mille-sterline-e-rotte-o-e-rotti/33374,sei-milioni-e-rotti-oppure-sei-milioni-erotti-mille-sterline-e-rotte-o-e-rotti,Sei milioni e rotti oppure sei milioni erotti ? Mille sterline e rotte o e rotti ?,Consulenza linguistica,CONSULENZA LINGUISTICA,True,False,"XXXII, 2025/1 (gennaio-marzo)",31336,chiuso,HTML+PDF,https://id.accademiadellacrusca.org/File/Download?code=8ddf8e35-606b-45b5-bc2c-4818f9232154,Sei milioni e rotti | oppure | sei milioni erotti | ? | Mille sterline e rotte | o | e rotti | ? | Lorenzo Tomasin | Pagine | 135-136 - | PDF
33376,https://id.accademiadellacrusca.org/articoli/eccentrico-allambiente--espressione-ammissibile/33376,eccentrico-allambiente--espressione-ammissibile,Eccentrico all’ ambiente… è espressione ammissibile?,Consulenza linguistica,CONSULENZA LINGUISTICA,True,False,"XXXII, 2025/1 (gennaio-marzo)",31336,chiuso,HTML+PDF,https://id.accademiadellacrusca.org/File/Download?code=59be31e3-4a13-44d6-b7a4-bfd95289dbaf,Eccentrico all’ | ambiente… è espressione ammissibile? | Emanuele Banfi | Pagine | 137-140 - | PDF
33377,https://id.accademiadellacrusca.org/articoli/ormai-la-gente-dicono-di-tutto/33377,ormai-la-gente-dicono-di-tutto,Ormai la gente dicono di tutto!,Consulenza linguistica,CONSULENZA LINGUISTICA,True,False,"XXXII, 2025/1 (gennaio-marzo)",31336,chiuso,HTML+PDF,https://id.accademiadellacrusca.org/File/Download?code=81f729cb-fe93-4be4-af4a-db2855d5a35e,Ormai | la gente dicono | di tutto! | Pietro Trifone | Pagine | 141-142 - | PDF
33378,https://id.accademiadellacrusca.org/articoli/scotolare-il-lino-o-la-tovaglia/33378,scotolare-il-lino-o-la-tovaglia,Scotolare ... il lino o la tovaglia?,Consulenza linguistica,CONSULENZA LINGUISTICA,True,False,"XXXII, 2025/1 (gennaio-marzo)",31336,chiuso,HTML+PDF,https://id.accademiadellacrusca.org/File/Download?code=ddfab61a-19cd-445d-bacf-4a56b9c83470,Scotolare | ... il lino o la tovaglia? | Salvatore Iacolare | Pagine | 143-146 - | PDF
33379,https://id.accademiadellacrusca.org/articoli/ho-rimasto-fa-incontrare-nord-e-sud/33379,ho-rimasto-fa-incontrare-nord-e-sud,Ho rimasto fa incontrare Nord e Sud,Consulenza linguistica,CONSULENZA LINGUISTICA,True,False,"XXXII, 2025/1 (gennaio-marzo)",31336,chiuso,HTML+PDF,https://id.accademiadellacrusca.org/File/Download?code=f9032411-4d7e-4140-9cdc-1671d33b3fa3,Ho rimasto | fa incontrare Nord e Sud | Matilde Paoli | Pagine | 147-154 - | PDF
33380,https://id.accademiadellacrusca.org/articoli/con-buona-pace-di-chi-pensa-che-si-dica-solo-con-buona-pace/33380,con-buona-pace-di-chi-pensa-che-si-dica-solo-con-buona-pace,Con buona pace di… chi pensa che si dica solo con buona pace,Consulenza linguistica,CONSULENZA LINGUISTICA,True,False,"XXXII, 2025/1 (gennaio-marzo)",31336,chiuso,HTML+PDF,https://id.accademiadellacrusca.org/File/Download?code=164f37ea-159f-4b3e-b4d9-e61b0490a85e,Con buona pace di… chi pensa che si dica solo | con buona pace | Lorenzo Tomasin | Pagine | 155-156 - | PDF
33381,https://id.accademiadellacrusca.org/articoli/uso-del-verbo-chiosare/33381,uso-del-verbo-chiosare,Uso del verbo chiosare,Consulenza linguistica,CONSULENZA LINGUISTICA,True,False,"XXXII, 2025/1 (gennaio-marzo)",31336,chiuso,HTML+PDF,https://id.accademiadellacrusca.org/File/Download?code=73ac0af0-e98e-42ff-8ae2-85750afa83c2,Uso del verbo | chiosare | Giuseppe Patota | Pagine | 157 - | PDF
32357,https://id.accademiadellacrusca.org/articoli/tra-nepotismo-e-clientelismo-lamichettismo/32357,tra-nepotismo-e-clientelismo-lamichettismo,Tra nepotismo e clientelismo: l’ amichettismo,Parole nuove,PAROLE NUOVE,False,True,"XXXII, 2025/1 (gennaio-marzo)",31336,chiuso,HTML+PDF,https://id.accademiadellacrusca.org/File/Download?code=cd1c239e-1920-4294-b8c1-77e69f61a79e,Tra nepotismo e clientelismo: l’ | amichettismo | Sara Giovine | Pagine | 158-162 - | PDF
32361,https://id.accademiadellacrusca.org/articoli/brat-o-demure-i-tormentoni-social-che-influenzano-la-lingua/32361,brat-o-demure-i-tormentoni-social-che-influenzano-la-lingua,Brat o demure ? I tormentoni social che influenzano la lingua,Parole nuove,PAROLE NUOVE,False,True,"XXXII, 2025/1 (gennaio-marzo)",31336,chiuso,HTML+PDF,https://id.accademiadellacrusca.org/File/Download?code=23d4b02f-7b70-476d-b50f-d611be8ffc58,Brat | o | demure | ? I tormentoni social che influenzano la lingua | Luisa di Valvasone | Pagine | 163-169 - | PDF
32364,https://id.accademiadellacrusca.org/articoli/spellicolare-e-altri-derivati-di-pellicola/32364,spellicolare-e-altri-derivati-di-pellicola,Spellicolare (e altri derivati di pellicola),Parole nuove,PAROLE NUOVE,False,True,"XXXII, 2025/1 (gennaio-marzo)",31336,chiuso,HTML+PDF,https://id.accademiadellacrusca.org/File/Download?code=69a22330-555e-44c2-b091-9abc7c0b1268,Spellicolare | (e altri derivati di pellicola) | Ersilia Russo | Pagine | 170-174 - | PDF
33366,https://id.accademiadellacrusca.org/articoli/undertourism/33366,undertourism,Undertourism,Parole nuove,PAROLE NUOVE,False,True,"XXXII, 2025/1 (gennaio-marzo)",31336,chiuso,HTML+PDF,https://id.accademiadellacrusca.org/File/Download?code=dc560ab4-db82-4466-a36d-ce7952fc440d,Undertourism | Miriam Di Carlo | Pagine | 175-179 - | PDF
33368,https://id.accademiadellacrusca.org/articoli/femminicidio-i-perch-di-una-parola/33368,femminicidio-i-perch-di-una-parola,Femminicidio : i perché di una parola,La Crusca rispose,LA CRUSCA RISPOSE,True,False,"XXXII, 2025/1 (gennaio-marzo)",31336,chiuso,HTML+PDF,https://id.accademiadellacrusca.org/File/Download?code=2cdef5d9-a106-4417-8cbf-0f1ecd1e5991,Femminicidio | : i perché di una parola | Matilde Paoli | Pagine | 180-185 - | PDF
33369,https://id.accademiadellacrusca.org/articoli/in-inglese-stalking-in-italiano/33369,in-inglese-stalking-in-italiano,In inglese stalking ; in italiano?,La Crusca rispose,LA CRUSCA RISPOSE,True,False,"XXXII, 2025/1 (gennaio-marzo)",31336,chiuso,HTML+PDF,https://id.accademiadellacrusca.org/File/Download?code=ea876c9d-1544-41ab-ae0f-4b3d2ff78bac,In inglese | stalking | ; in italiano? | Matilde Paoli | Pagine | 186-189 - | PDF
33370,https://id.accademiadellacrusca.org/articoli/grooming-chiamiamolo-adescamento-di-minori-in-rete/33370,grooming-chiamiamolo-adescamento-di-minori-in-rete,Grooming ? Chiamiamolo adescamento ( di minori in rete )!,La Crusca rispose,LA CRUSCA RISPOSE,True,False,"XXXII, 2025/1 (gennaio-marzo)",31336,chiuso,HTML+PDF,https://id.accademiadellacrusca.org/File/Download?code=f1b8e9bc-f8ad-4051-8d58-bd78b94f80bb,Grooming | ? Chiamiamolo | adescamento | ( | di minori in rete | )! | Matilde Paoli | Pagine | 190-193 - | PDF
37482,https://id.accademiadellacrusca.org/articoli/dialettologia-toscana-per-gabriella-giacomelli-e-luciano-agostiniani/37482,dialettologia-toscana-per-gabriella-giacomelli-e-luciano-agostiniani,Dialettologia toscana per Gabriella Giacomelli e Luciano Agostiniani,Articoli,ARTICOLI,False,False,"XXXII, 2025/1 (gennaio-marzo)",31336,chiuso,HTML+PDF,https://id.accademiadellacrusca.org/File/Download?code=194cd503-07cd-4d54-bc4c-6713b8c85926,Dialettologia toscana per Gabriella Giacomelli e Luciano Agostiniani | Annalisa Nesi | Pagine | 194-197 - | PDF
37484,https://id.accademiadellacrusca.org/articoli/per-gabriella-giacomelli/37484,per-gabriella-giacomelli,Per Gabriella Giacomelli,Articoli,ARTICOLI,False,False,"XXXII, 2025/1 (gennaio-marzo)",31336,chiuso,HTML+PDF,https://id.accademiadellacrusca.org/File/Download?code=482c6c92-ae39-4f24-9ca5-59c72e4210c0,Per Gabriella Giacomelli | Giovanni Ruffino | Pagine | 198-202 - | PDF
37486,https://id.accademiadellacrusca.org/articoli/luciano-agostiniani-e-la-linguistica-toscana/37486,luciano-agostiniani-e-la-linguistica-toscana,Luciano Agostiniani e la linguistica toscana,Articoli,ARTICOLI,False,False,"XXXII, 2025/1 (gennaio-marzo)",31336,chiuso,HTML+PDF,https://id.accademiadellacrusca.org/File/Download?code=06ee8c82-0e5a-40f3-9d44-f762f4091f66,Luciano Agostiniani e la linguistica toscana | Riccardo Massarelli | Pagine | 203-210 - | PDF
37487,https://id.accademiadellacrusca.org/articoli/dalla-parte-del-parlante-gabriella-giacomelli-e-la-dialettologia-toscana/37487,dalla-parte-del-parlante-gabriella-giacomelli-e-la-dialettologia-toscana,Dalla parte del parlante. Gabriella Giacomelli e la dialettologia toscana,Articoli,ARTICOLI,False,False,"XXXII, 2025/1 (gennaio-marzo)",31336,chiuso,HTML+PDF,https://id.accademiadellacrusca.org/File/Download?code=c6ff323d-6490-42a1-ab6d-d43b9efdf924,Dalla parte del parlante. Gabriella Giacomelli e la dialettologia toscana | Neri Binazzi | Pagine | 211-230 - | PDF
37488,https://id.accademiadellacrusca.org/articoli/ricordo-di-gabriella-giacomelli-e-luciano-agostiniani/37488,ricordo-di-gabriella-giacomelli-e-luciano-agostiniani,Ricordo di Gabriella Giacomelli e Luciano Agostiniani,Articoli,ARTICOLI,False,False,"XXXII, 2025/1 (gennaio-marzo)",31336,chiuso,HTML+PDF,https://id.accademiadellacrusca.org/File/Download?code=f769a46e-cb6e-488d-aad9-f2d621051f95,Ricordo di Gabriella Giacomelli e Luciano Agostiniani | Simonetta Montemagni | Pagine | 231-233 - | PDF
37489,https://id.accademiadellacrusca.org/articoli/la-mia-dialettologia-i-miei-dialettologi-un-debito-di-riconoscenza/37489,la-mia-dialettologia-i-miei-dialettologi-un-debito-di-riconoscenza,"La mia dialettologia, i miei dialettologi (un debito di riconoscenza)",Articoli,ARTICOLI,False,False,"XXXII, 2025/1 (gennaio-marzo)",31336,chiuso,HTML+PDF,https://id.accademiadellacrusca.org/File/Download?code=670a3d32-fee1-4368-af39-f0096f4d561d,"La mia dialettologia, i miei dialettologi (un debito di riconoscenza) | Pär Larson | Pagine | 234-235 - | PDF"
37483,https://id.accademiadellacrusca.org/articoli/in-forma-di-lettera/37483,in-forma-di-lettera,In forma di lettera,Articoli,ARTICOLI,False,False,"XXXII, 2025/1 (gennaio-marzo)",31336,chiuso,HTML+PDF,https://id.accademiadellacrusca.org/File/Download?code=66bc0fed-fd75-47a3-9bc1-9e626cb680ef,In forma di lettera | Tullio Telmon | Pagine | 236-237 - | PDF
37501,https://id.accademiadellacrusca.org/articoli/filologia-e-metrica-di-aldo-menichetti-saluti-del-presidente/37501,filologia-e-metrica-di-aldo-menichetti-saluti-del-presidente,Filologia e metrica di Aldo Menichetti . Saluti del Presidente,Incontri e tornate,INCONTRI E TORNATE,False,False,"XXXII, 2025/1 (gennaio-marzo)",31336,chiuso,HTML+PDF,https://id.accademiadellacrusca.org/File/Download?code=c5e49581-a1d8-4f5e-9a28-3f027b91e31e,Filologia e metrica di Aldo Menichetti | . Saluti del Presidente | Paolo D'Achille | Pagine | 238-239 - | PDF
37500,https://id.accademiadellacrusca.org/articoli/la-metrica/37500,la-metrica,La metrica,Incontri e tornate,INCONTRI E TORNATE,False,False,"XXXII, 2025/1 (gennaio-marzo)",31336,chiuso,HTML+PDF,https://id.accademiadellacrusca.org/File/Download?code=91d187d7-5fa1-4c21-a432-b48f9666b59f,La metrica | Maria Sofia Lannutti | Pagine | 240-246 - | PDF
37498,https://id.accademiadellacrusca.org/articoli/la-filologia/37498,la-filologia,La filologia,Incontri e tornate,INCONTRI E TORNATE,False,False,"XXXII, 2025/1 (gennaio-marzo)",31336,chiuso,HTML+PDF,https://id.accademiadellacrusca.org/File/Download?code=399f632f-c095-4ed9-b360-b150a33a996d,La filologia | Luca Barbieri | Pagine | 247-259 - | PDF
37497,https://id.accademiadellacrusca.org/articoli/ricordo-di-aldo-menichetti-gli-studi-di-filologia-italiana/37497,ricordo-di-aldo-menichetti-gli-studi-di-filologia-italiana,"Ricordo di Aldo Menichetti. Gli ""Studi di Filologia Italiana""",Incontri e tornate,INCONTRI E TORNATE,False,False,"XXXII, 2025/1 (gennaio-marzo)",31336,chiuso,HTML+PDF,https://id.accademiadellacrusca.org/File/Download?code=e5558999-ee4c-4ba1-9f07-3948e86ed14e,"Ricordo di Aldo Menichetti. Gli ""Studi di Filologia Italiana"" | Anna Bettarini Bruni | Pagine | 260-263 - | PDF"
37496,https://id.accademiadellacrusca.org/articoli/aldo-menichetti-ricordi/37496,aldo-menichetti-ricordi,Aldo Menichetti. Ricordi,Incontri e tornate,INCONTRI E TORNATE,False,False,"XXXII, 2025/1 (gennaio-marzo)",31336,chiuso,HTML+PDF,https://id.accademiadellacrusca.org/File/Download?code=acc1d025-3c14-423f-aa4a-8f65ab0f6cbb,Aldo Menichetti. Ricordi | Claudio Ciociola | Pagine | 264-266 - | PDF
37495,https://id.accademiadellacrusca.org/articoli/ricordo-di-aldo-menichetti/37495,ricordo-di-aldo-menichetti,Ricordo di Aldo Menichetti,Incontri e tornate,INCONTRI E TORNATE,False,False,"XXXII, 2025/1 (gennaio-marzo)",31336,chiuso,HTML+PDF,https://id.accademiadellacrusca.org/File/Download?code=de721f04-4e81-40ee-bcd2-64f0aa0a1912,Ricordo di Aldo Menichetti | Lino Leonardi | Pagine | 267-269 - | PDF
37494,https://id.accademiadellacrusca.org/articoli/ricordo-di-aldo-menichetti/37494,ricordo-di-aldo-menichetti,Ricordo di Aldo Menichetti,Incontri e tornate,INCONTRI E TORNATE,False,False,"XXXII, 2025/1 (gennaio-marzo)",31336,chiuso,HTML+PDF,https://id.accademiadellacrusca.org/File/Download?code=1fa97444-b1cb-4cb7-9cca-30eb37bd0ae2,Ricordo di Aldo Menichetti | Claudio Marazzini | Pagine | 270-272 - | PDF
31352,https://id.accademiadellacrusca.org/articoli/in-toscana-c-il-dialetto/31352,in-toscana-c-il-dialetto,In Toscana c’è il dialetto?,Temi di discussione,TEMI DI DISCUSSIONE,False,False,"XXXII, 2025/1 (gennaio-marzo)",31336,chiuso,HTML+PDF,https://id.accademiadellacrusca.org/File/Download?code=2a664e6c-64a6-48e7-91fb-aac6efff6a94,In Toscana c’è il dialetto? | Annalisa Nesi | Pagine | 273-279 - | PDF
40596,https://id.accademiadellacrusca.org/articoli/notizie-dall-accademia/40596,notizie-dall-accademia,Notizie dall'Accademia,Notizie,NOTIZIE,False,False,"XXXII, 2025/1 (gennaio-marzo)",31336,chiuso,HTML+PDF,https://id.accademiadellacrusca.org/File/Download?code=42a2d80c-2bc0-4a1f-bffa-14946c39d01c,Notizie dall'Accademia | A cura di comitato di redazione | Pagine | 280-281 - | PDF
40597,https://id.accademiadellacrusca.org/articoli/bibliografia-della-consulenza-linguistica/40597,bibliografia-della-consulenza-linguistica,Bibliografia della Consulenza linguistica,Bibliografia,BIBLIOGRAFIA,False,False,"XXXII, 2025/1 (gennaio-marzo)",31336,chiuso,HTML+PDF,https://id.accademiadellacrusca.org/File/Download?code=b4a1971d-c3a2-4cff-9408-dd47de73345e,Bibliografia della Consulenza linguistica | Pagine | 282-286 - | PDF
40594,https://id.accademiadellacrusca.org/articoli/editoriale-del-direttore/40594,editoriale-del-direttore,Editoriale del direttore,Editoriale,EDITORIALE,False,False,"XXXI, 2024/4 (ottobre-dicembre)",31281,chiuso,HTML+PDF,https://id.accademiadellacrusca.org/File/Download?code=66510103-b8d8-42b6-b39c-9e8a627b8af0,Editoriale del direttore | Marco Biffi | Pagine | 1-2 - | PDF
31280,https://id.accademiadellacrusca.org/articoli/evidenziare-evidenziatura-evidenziazione/31280,evidenziare-evidenziatura-evidenziazione,"Evidenziare , evidenziatura , evidenziazione",Consulenza linguistica,CONSULENZA LINGUISTICA,True,False,"XXXI, 2024/4 (ottobre-dicembre)",31281,chiuso,HTML+PDF,https://id.accademiadellacrusca.org/File/Download?code=6bb84627-49f6-4d89-a7f1-85a9b1770a39,"Evidenziare | , | evidenziatura | , | evidenziazione | Daniele D'Aguanno | Pagine | 3-7 - | PDF"
31286,https://id.accademiadellacrusca.org/articoli/sul-verbo-intorcinare-e-non-solo/31286,sul-verbo-intorcinare-e-non-solo,Sul verbo intorcinare e non solo,Consulenza linguistica,CONSULENZA LINGUISTICA,True,False,"XXXI, 2024/4 (ottobre-dicembre)",31281,chiuso,HTML+PDF,https://id.accademiadellacrusca.org/File/Download?code=9ac659eb-f568-48d9-b213-042f5be74855,Sul verbo | intorcinare | e non solo | Miriam Di Carlo | Pagine | 8-12 - | PDF
31287,https://id.accademiadellacrusca.org/articoli/nocumento/31287,nocumento,Nocumento,Consulenza linguistica,CONSULENZA LINGUISTICA,True,False,"XXXI, 2024/4 (ottobre-dicembre)",31281,chiuso,HTML+PDF,https://id.accademiadellacrusca.org/File/Download?code=e3d4caa4-5ca2-4d7e-bfd4-586f6ffc5325,Nocumento | Lorenzo Tomasin | Pagine | 13 - | PDF
31288,https://id.accademiadellacrusca.org/articoli/safety-e-security-solo-sicurezza/31288,safety-e-security-solo-sicurezza,Safety e security : solo sicurezza ?,Consulenza linguistica,CONSULENZA LINGUISTICA,True,False,"XXXI, 2024/4 (ottobre-dicembre)",31281,chiuso,HTML+PDF,https://id.accademiadellacrusca.org/File/Download?code=18ae930d-67de-4e22-9bc2-3be73bdef1be,Safety | e | security | : solo | sicurezza | ? | Edoardo Lombardi Vallauri | Pagine | 14-20 - | PDF
31290,https://id.accademiadellacrusca.org/articoli/sarcastico-e-sardonico/31290,sarcastico-e-sardonico,Sarcastico e sardonico,Consulenza linguistica,CONSULENZA LINGUISTICA,True,False,"XXXI, 2024/4 (ottobre-dicembre)",31281,chiuso,HTML+PDF,https://id.accademiadellacrusca.org/File/Download?code=d6d4b82f-624a-4ecd-8993-3d2a453aac48,Sarcastico | e | sardonico | Vittorio Coletti | Pagine | 21-22 - | PDF
31291,https://id.accademiadellacrusca.org/articoli/il-genere-delletna/31291,il-genere-delletna,Il genere dell’ Etna,Consulenza linguistica,CONSULENZA LINGUISTICA,True,False,"XXXI, 2024/4 (ottobre-dicembre)",31281,chiuso,HTML+PDF,https://id.accademiadellacrusca.org/File/Download?code=a0362e61-b816-4f34-a514-c044706e042e,Il genere dell’ | Etna | Enzo Caffarelli | Pagine | 23 - | PDF
31292,https://id.accademiadellacrusca.org/articoli/prosaico-e-prosastico/31292,prosaico-e-prosastico,Prosaico e prosastico,Consulenza linguistica,CONSULENZA LINGUISTICA,True,False,"XXXI, 2024/4 (ottobre-dicembre)",31281,chiuso,HTML+PDF,https://id.accademiadellacrusca.org/File/Download?code=f659fef5-6be7-4a89-9877-c2aca545ab0e,Prosaico | e | prosastico | Arnaldo Soldani | Pagine | 24-26 - | PDF
31293,https://id.accademiadellacrusca.org/articoli/il-guzzi-la-guzzi/31293,il-guzzi-la-guzzi,Il Guzzi / la Guzzi,Consulenza linguistica,CONSULENZA LINGUISTICA,True,False,"XXXI, 2024/4 (ottobre-dicembre)",31281,chiuso,HTML+PDF,https://id.accademiadellacrusca.org/File/Download?code=7579b92d-0bc1-4813-a285-e1f0fcaba571,Il Guzzi | / | la Guzzi | Gianluca Lauta | Pagine | 27-28 - | PDF
31294,https://id.accademiadellacrusca.org/articoli/chi--in-involuzione--involuto-o-inevoluto/31294,chi--in-involuzione--involuto-o-inevoluto,Chi è in involuzione è involuto o inevoluto ?,Consulenza linguistica,CONSULENZA LINGUISTICA,True,False,"XXXI, 2024/4 (ottobre-dicembre)",31281,chiuso,HTML+PDF,https://id.accademiadellacrusca.org/File/Download?code=04547eac-ee63-4b2b-a500-ac2fa637eebb,Chi è in involuzione è | involuto | o | inevoluto | ? | Vittorio Coletti | Pagine | 29-31 - | PDF
31295,https://id.accademiadellacrusca.org/articoli/florda-e-canad-pronunce-incerte-ma-corrette/31295,florda-e-canad-pronunce-incerte-ma-corrette,"Florìda e Canadà , pronunce incerte ma corrette",Consulenza linguistica,CONSULENZA LINGUISTICA,True,False,"XXXI, 2024/4 (ottobre-dicembre)",31281,chiuso,HTML+PDF,https://id.accademiadellacrusca.org/File/Download?code=438d9935-3007-44f7-aaaf-b246f29bcc70,"Florìda | e | Canadà | , pronunce incerte ma corrette | Enzo Caffarelli | Pagine | 32-34 - | PDF"
31305,https://id.accademiadellacrusca.org/articoli/quel-poco-di-intimo-che-c-nellintimare/31305,quel-poco-di-intimo-che-c-nellintimare,Quel poco di intimo che c’è nell’ intimare,Consulenza linguistica,CONSULENZA LINGUISTICA,True,False,"XXXI, 2024/4 (ottobre-dicembre)",31281,chiuso,HTML+PDF,https://id.accademiadellacrusca.org/File/Download?code=af710dba-0788-4f33-8349-cdeb93524e9d,Quel poco di intimo che c’è nell’ | intimare | Cristiana De Santis | Pagine | 35-36 - | PDF
31306,https://id.accademiadellacrusca.org/articoli/prossimo-venturo/31306,prossimo-venturo,( Prossimo ) venturo,Consulenza linguistica,CONSULENZA LINGUISTICA,True,False,"XXXI, 2024/4 (ottobre-dicembre)",31281,chiuso,HTML+PDF,https://id.accademiadellacrusca.org/File/Download?code=b0542905-5886-45eb-b56e-e4837de3ca08,( | Prossimo | ) | venturo | Miriam Di Carlo | Pagine | 37-40 - | PDF
31307,https://id.accademiadellacrusca.org/articoli/un-cavallo-non-domato--sdomo-o-indmito/31307,un-cavallo-non-domato--sdomo-o-indmito,Un cavallo non domato è sdomo o indòmito ?,Consulenza linguistica,CONSULENZA LINGUISTICA,True,False,"XXXI, 2024/4 (ottobre-dicembre)",31281,chiuso,HTML+PDF,https://id.accademiadellacrusca.org/File/Download?code=42379b2e-b81b-48f7-83fc-ba8dd082e655,Un cavallo non domato è | sdomo | o | indòmito | ? | Elisa Altissimi | Pagine | 41-43 - | PDF
31308,https://id.accademiadellacrusca.org/articoli/-possibile-molto-possibile/31308,-possibile-molto-possibile,È possibile… molto possibile ?,Consulenza linguistica,CONSULENZA LINGUISTICA,True,False,"XXXI, 2024/4 (ottobre-dicembre)",31281,chiuso,HTML+PDF,https://id.accademiadellacrusca.org/File/Download?code=1accc987-5b6f-42ad-b2c7-dd6df0a79a7f,È possibile… | molto possibile | ? | Ilaria Bonomi | Pagine | 44-46 - | PDF
31309,https://id.accademiadellacrusca.org/articoli/quelli-delle-langhe/31309,quelli-delle-langhe,Quelli delle Langhe,Consulenza linguistica,CONSULENZA LINGUISTICA,True,False,"XXXI, 2024/4 (ottobre-dicembre)",31281,chiuso,HTML+PDF,https://id.accademiadellacrusca.org/File/Download?code=11451985-c27d-4b55-9cf9-060723b63309,Quelli delle Langhe | Enzo Caffarelli | Pagine | 47-49 - | PDF
31310,https://id.accademiadellacrusca.org/articoli/alle-nostre-egregie-lettrici-e-ai-nostri-gentili-lettori/31310,alle-nostre-egregie-lettrici-e-ai-nostri-gentili-lettori,Alle nostre egregie lettrici e ai nostri gentili lettori…,Consulenza linguistica,CONSULENZA LINGUISTICA,True,False,"XXXI, 2024/4 (ottobre-dicembre)",31281,chiuso,HTML+PDF,https://id.accademiadellacrusca.org/File/Download?code=1ab88b4d-67f7-4335-98d3-9df21fc34163,Alle nostre | egregie | lettrici e ai nostri | gentili | lettori… | Valeria Della Valle | Pagine | 50-51 - | PDF
31311,https://id.accademiadellacrusca.org/articoli/cosa-facciamo-quando-riponiamo-le-cose-al-loro-posto-le-ritiriamo-o-le-rientriamo-oppure-le-conservi/31311,cosa-facciamo-quando-riponiamo-le-cose-al-loro-posto-le-ritiriamo-o-le-rientriamo-oppure-le-conservi,Cosa facciamo quando riponiamo le cose al loro posto? Le ritiriamo o le rientriamo ? Oppure le conserviamo ? O invece le posiamo ?,Consulenza linguistica,CONSULENZA LINGUISTICA,True,False,"XXXI, 2024/4 (ottobre-dicembre)",31281,chiuso,HTML+PDF,https://id.accademiadellacrusca.org/File/Download?code=cd2cf7f9-9606-4b82-8843-55846963d3a1,Cosa facciamo quando | riponiamo | le cose al loro posto? Le | ritiriamo | o le | rientriamo | ? Oppure le | conserviamo | ? O invece le | posiamo | ? | Matilde Paoli | Pagine | 52-57 - | PDF
31313,https://id.accademiadellacrusca.org/articoli/la-pi-parte-o-la-maggior-parte/31313,la-pi-parte-o-la-maggior-parte,La più parte o la maggior parte ?,Consulenza linguistica,CONSULENZA LINGUISTICA,True,False,"XXXI, 2024/4 (ottobre-dicembre)",31281,chiuso,HTML+PDF,https://id.accademiadellacrusca.org/File/Download?code=e7d142c7-d7bf-4f84-89f8-346ff828684d,La più parte | o | la maggior parte | ? | Ersilia Russo | Pagine | 58-62 - | PDF
31314,https://id.accademiadellacrusca.org/articoli/perch-i-borbone-sono-chiamati-anche-borboni/31314,perch-i-borbone-sono-chiamati-anche-borboni,Perché i Borbone sono chiamati anche Borboni ?,Consulenza linguistica,CONSULENZA LINGUISTICA,True,False,"XXXI, 2024/4 (ottobre-dicembre)",31281,chiuso,HTML+PDF,https://id.accademiadellacrusca.org/File/Download?code=d5d18394-7782-432d-9089-14e9d26d990c,Perché i Borbone sono chiamati anche | Borboni | ? | Enzo Caffarelli | Pagine | 63-64 - | PDF
31316,https://id.accademiadellacrusca.org/articoli/sottendere/31316,sottendere,Sottendere,Consulenza linguistica,CONSULENZA LINGUISTICA,True,False,"XXXI, 2024/4 (ottobre-dicembre)",31281,chiuso,HTML+PDF,https://id.accademiadellacrusca.org/File/Download?code=c7b475b6-56cc-4e7d-a64f-baca379ff067,Sottendere | Massimo Palermo | Pagine | 65-67 - | PDF
31317,https://id.accademiadellacrusca.org/articoli/il-genere-di-artide-e-antartide/31317,il-genere-di-artide-e-antartide,Il genere di Artide e Antartide,Consulenza linguistica,CONSULENZA LINGUISTICA,True,False,"XXXI, 2024/4 (ottobre-dicembre)",31281,chiuso,HTML+PDF,https://id.accademiadellacrusca.org/File/Download?code=84a7fb33-eb3d-4f48-aecf-4de7804bab73,Il genere di | Artide | e | Antartide | Franz Rainer e Anna M. Thornton | Pagine | 68-72 - | PDF
31318,https://id.accademiadellacrusca.org/articoli/sul-genere-sul-singolare-e-sui-sinonimi-di-asciugamano/31318,sul-genere-sul-singolare-e-sui-sinonimi-di-asciugamano,"Sul genere, sul singolare e sui sinonimi di asciugamano",Consulenza linguistica,CONSULENZA LINGUISTICA,True,False,"XXXI, 2024/4 (ottobre-dicembre)",31281,chiuso,HTML+PDF,https://id.accademiadellacrusca.org/File/Download?code=80bd36fd-4a2b-4c14-81b8-d85f1de7813f,"Sul genere, sul singolare e sui sinonimi di | asciugamano | Miriam Di Carlo | Pagine | 73-79 - | PDF"
31319,https://id.accademiadellacrusca.org/articoli/transeunte-un-aggettivo-che-passa-e-non-dura/31319,transeunte-un-aggettivo-che-passa-e-non-dura,"Transeunte , un aggettivo che… passa e non dura",Consulenza linguistica,CONSULENZA LINGUISTICA,True,False,"XXXI, 2024/4 (ottobre-dicembre)",31281,chiuso,HTML+PDF,https://id.accademiadellacrusca.org/File/Download?code=c0cd885f-e0cf-40ae-8239-d7473c6a08a7,"Transeunte | , un aggettivo che… passa e non dura | Lorenzo Tomasin | Pagine | 80-81 - | PDF"
31320,https://id.accademiadellacrusca.org/articoli/si-riesce-o-si-riescono-a-capire-le-ragioni-di-questa-regola/31320,si-riesce-o-si-riescono-a-capire-le-ragioni-di-questa-regola,Si riesce (o si riescono ) a capire le ragioni di questa regola?,Consulenza linguistica,CONSULENZA LINGUISTICA,True,False,"XXXI, 2024/4 (ottobre-dicembre)",31281,chiuso,HTML+PDF,https://id.accademiadellacrusca.org/File/Download?code=7b841bb7-bdb9-444a-8269-c98d4e703d30,Si riesce | (o | si riescono | ) a capire le ragioni di questa regola? | Massimo Palermo | Pagine | 82-84 - | PDF
31322,https://id.accademiadellacrusca.org/articoli/gesuita-e-gesuitico/31322,gesuita-e-gesuitico,Gesuita e gesuitico,Consulenza linguistica,CONSULENZA LINGUISTICA,True,False,"XXXI, 2024/4 (ottobre-dicembre)",31281,chiuso,HTML+PDF,https://id.accademiadellacrusca.org/File/Download?code=d5e7d858-94c9-493c-b787-b590f92d9c53,Gesuita | e | gesuitico | Rita Librandi | Pagine | 85-88 - | PDF
31323,https://id.accademiadellacrusca.org/articoli/israele-stato-senza-larticolo-determinativo/31323,israele-stato-senza-larticolo-determinativo,Israele : Stato senza l’articolo determinativo,Consulenza linguistica,CONSULENZA LINGUISTICA,True,False,"XXXI, 2024/4 (ottobre-dicembre)",31281,chiuso,HTML+PDF,https://id.accademiadellacrusca.org/File/Download?code=f41cdab5-0f47-44f5-97e7-8999541dd328,Israele | : Stato senza l’articolo determinativo | Enzo Caffarelli | Pagine | 89-91 - | PDF
31324,https://id.accademiadellacrusca.org/articoli/il-paziente-non-va-contenuto-o-contenzionato/31324,il-paziente-non-va-contenuto-o-contenzionato,Il paziente (non) va contenuto o contenzionato ?,Consulenza linguistica,CONSULENZA LINGUISTICA,True,False,"XXXI, 2024/4 (ottobre-dicembre)",31281,chiuso,HTML+PDF,https://id.accademiadellacrusca.org/File/Download?code=0193ea51-9230-4d52-8065-0fb7c9cc12f9,Il paziente (non) va | contenuto | o | contenzionato | ? | Stefano Miani | Pagine | 92-101 - | PDF
31325,https://id.accademiadellacrusca.org/articoli/nutraceutica-o-nutriceutica/31325,nutraceutica-o-nutriceutica,Nutraceutica o nutriceutica ?,Consulenza linguistica,CONSULENZA LINGUISTICA,True,False,"XXXI, 2024/4 (ottobre-dicembre)",31281,chiuso,HTML+PDF,https://id.accademiadellacrusca.org/File/Download?code=a2b6a576-2710-422a-b758-25b655652587,Nutraceutica | o | nutriceutica | ? | Miriam Di Carlo | Pagine | 102-105 - | PDF
31326,https://id.accademiadellacrusca.org/articoli/advocacy/31326,advocacy,Advocacy,Consulenza linguistica,CONSULENZA LINGUISTICA,True,False,"XXXI, 2024/4 (ottobre-dicembre)",31281,chiuso,HTML+PDF,https://id.accademiadellacrusca.org/File/Download?code=8647e709-29c9-44cc-9d1d-d357a22f7ca5,Advocacy | Carla Marello | Pagine | 106-109 - | PDF
31327,https://id.accademiadellacrusca.org/articoli/il-capo-o-la-capa-spesso-la-capa-gira/31327,il-capo-o-la-capa-spesso-la-capa-gira,Il capo o la capa ? Spesso... la capa gira !,Consulenza linguistica,CONSULENZA LINGUISTICA,True,False,"XXXI, 2024/4 (ottobre-dicembre)",31281,chiuso,HTML+PDF,https://id.accademiadellacrusca.org/File/Download?code=e9502a6e-1a5f-4391-bbc6-6093a688f894,Il capo | o | la capa | ? Spesso... | la capa gira | ! | Raffaella Setti | Pagine | 110-113 - | PDF
31328,https://id.accademiadellacrusca.org/articoli/in-principio-fu-la-catalisi/31328,in-principio-fu-la-catalisi,In principio fu la catalisi,Consulenza linguistica,CONSULENZA LINGUISTICA,True,False,"XXXI, 2024/4 (ottobre-dicembre)",31281,chiuso,HTML+PDF,https://id.accademiadellacrusca.org/File/Download?code=110d18b4-4cd4-4ae4-9527-2895f7f129b1,In principio fu la | catalisi | Massimo Palermo | Pagine | 114-116 - | PDF
31329,https://id.accademiadellacrusca.org/articoli/incrocicchiamento/31329,incrocicchiamento,Incrocicchiamento,Consulenza linguistica,CONSULENZA LINGUISTICA,True,False,"XXXI, 2024/4 (ottobre-dicembre)",31281,chiuso,HTML+PDF,https://id.accademiadellacrusca.org/File/Download?code=a84994e1-1a04-4eaa-a013-c1db03b40d72,Incrocicchiamento | Gabriella Cartago | Pagine | 117-118 - | PDF
31330,https://id.accademiadellacrusca.org/articoli/vi-diamo-oggi-qualche-risposta-sugli-usi-di-lindomani/31330,vi-diamo-oggi-qualche-risposta-sugli-usi-di-lindomani,Vi diamo oggi qualche risposta sugli usi di l’indomani,Consulenza linguistica,CONSULENZA LINGUISTICA,True,False,"XXXI, 2024/4 (ottobre-dicembre)",31281,chiuso,HTML+PDF,https://id.accademiadellacrusca.org/File/Download?code=2ae20934-08d1-4b59-b366-f2942474c732,Vi diamo oggi qualche risposta sugli usi di | l’indomani | Andrea Riga | Pagine | 119-124 - | PDF
31332,https://id.accademiadellacrusca.org/articoli/ex-novo-ab-ovo-de-novo/31332,ex-novo-ab-ovo-de-novo,"Ex novo , ab ovo , de novo",Consulenza linguistica,CONSULENZA LINGUISTICA,True,False,"XXXI, 2024/4 (ottobre-dicembre)",31281,chiuso,HTML+PDF,https://id.accademiadellacrusca.org/File/Download?code=e74a677b-92b1-4d84-918b-a3f23a4a26e5,"Ex novo | , | ab ovo | , | de novo | Yorick Gomez Gane | Pagine | 125-130 - | PDF"
31333,https://id.accademiadellacrusca.org/articoli/sanezza-mentale-e-non-solo-si-pu-dire/31333,sanezza-mentale-e-non-solo-si-pu-dire,Sanezza mentale e non solo: si può dire?,Consulenza linguistica,CONSULENZA LINGUISTICA,True,False,"XXXI, 2024/4 (ottobre-dicembre)",31281,chiuso,HTML+PDF,https://id.accademiadellacrusca.org/File/Download?code=064a240f-377a-4888-a76e-33119e0bc214,Sanezza | mentale e non solo: si può dire? | Miriam Di Carlo | Pagine | 131-136 - | PDF
31334,https://id.accademiadellacrusca.org/articoli/parole-e-strumenti-da-antiche-tradizioni-natalizie/31334,parole-e-strumenti-da-antiche-tradizioni-natalizie,Parole e strumenti da antiche tradizioni natalizie,Consulenza linguistica,CONSULENZA LINGUISTICA,True,False,"XXXI, 2024/4 (ottobre-dicembre)",31281,chiuso,HTML+PDF,https://id.accademiadellacrusca.org/File/Download?code=74aa135a-be9f-4ecd-ac30-15a1cdcaca16,Parole e strumenti da antiche tradizioni natalizie | Paolo D'Achille e Matilde Paoli | Pagine | 137-145 - | PDF
31289,https://id.accademiadellacrusca.org/articoli/il-content-creator--un-creatore-di-contenuti/31289,il-content-creator--un-creatore-di-contenuti,Il ( content ) creator è un creatore di contenuti,Parole nuove,PAROLE NUOVE,False,True,"XXXI, 2024/4 (ottobre-dicembre)",31281,chiuso,HTML+PDF,https://id.accademiadellacrusca.org/File/Download?code=76c7051b-dd8a-479e-acf4-b2cd36aba931,Il ( | content | ) | creator | è un | creatore di contenuti | Luisa di Valvasone | Pagine | 146-152 - | PDF
31312,https://id.accademiadellacrusca.org/articoli/ambiente-protesico/31312,ambiente-protesico,Ambiente protesico,Parole nuove,PAROLE NUOVE,False,True,"XXXI, 2024/4 (ottobre-dicembre)",31281,chiuso,HTML+PDF,https://id.accademiadellacrusca.org/File/Download?code=d07e18d5-de65-451b-9783-decca7b6962e,Ambiente protesico | Kevin De Vecchis | Pagine | 153-156 - | PDF
31321,https://id.accademiadellacrusca.org/articoli/rewilding/31321,rewilding,Rewilding,Parole nuove,PAROLE NUOVE,False,True,"XXXI, 2024/4 (ottobre-dicembre)",31281,chiuso,HTML+PDF,https://id.accademiadellacrusca.org/File/Download?code=6086f651-641b-480a-80c1-82aa2f188c3a,Rewilding | Gloria Fiorentini | Pagine | 157-162 - | PDF
31343,https://id.accademiadellacrusca.org/articoli/sull-uso-di-fuori-al-balcone/31343,sull-uso-di-fuori-al-balcone,Sull'uso di fuori al balcone,La Crusca rispose,LA CRUSCA RISPOSE,True,False,"XXXI, 2024/4 (ottobre-dicembre)",31281,chiuso,HTML+PDF,https://id.accademiadellacrusca.org/File/Download?code=8dcf9acc-12e1-45b7-8874-4683ac0c3441,Sull'uso di | fuori al balcone | Matilde Paoli | Pagine | 163-165 - | PDF
31344,https://id.accademiadellacrusca.org/articoli/la-sequenza-preposizione--articolo-partitivo-si-pu-usare-in-dei-casi-e-in-quali/31344,la-sequenza-preposizione--articolo-partitivo-si-pu-usare-in-dei-casi-e-in-quali,La sequenza preposizione + articolo partitivo si può usare in dei casi ? E in quali?,La Crusca rispose,LA CRUSCA RISPOSE,True,False,"XXXI, 2024/4 (ottobre-dicembre)",31281,chiuso,HTML+PDF,https://id.accademiadellacrusca.org/File/Download?code=88d3377b-82ec-4ba5-946d-d49b9d17dbb6,La sequenza preposizione + articolo partitivo si può usare | in dei casi | ? E in quali? | Raffaella Setti | Pagine | 166-168 - | PDF
31345,https://id.accademiadellacrusca.org/articoli/macchina-da-scrivere-o-macchina-per-scrivere/31345,macchina-da-scrivere-o-macchina-per-scrivere,Macchina da scrivere o macchina per scrivere ?,La Crusca rispose,LA CRUSCA RISPOSE,True,False,"XXXI, 2024/4 (ottobre-dicembre)",31281,chiuso,HTML+PDF,https://id.accademiadellacrusca.org/File/Download?code=33e0bb99-6a54-4b61-8fd2-f72179daf52d,Macchina da scrivere | o | macchina per scrivere | ? | Cristina Torchia | Pagine | 169-172 - | PDF
36436,https://id.accademiadellacrusca.org/articoli/lingua-italiana-e-musica-tra-otto-e-novecento-premessa-del-presidente/36436,lingua-italiana-e-musica-tra-otto-e-novecento-premessa-del-presidente,Lingua italiana e musica tra Otto e Novecento : premessa del Presidente,Articoli,ARTICOLI,False,False,"XXXI, 2024/4 (ottobre-dicembre)",31281,chiuso,HTML+PDF,https://id.accademiadellacrusca.org/File/Download?code=f0cc88c8-87ac-4291-b811-2f4640c61578,Lingua italiana e musica tra Otto e Novecento | : premessa del Presidente | Paolo D'Achille | Pagine | 173-174 - | PDF
36437,https://id.accademiadellacrusca.org/articoli/i-carteggi-degli-operisti-italiani-edizioni-vecchie-e-nuove/36437,i-carteggi-degli-operisti-italiani-edizioni-vecchie-e-nuove,I carteggi degli operisti italiani: edizioni vecchie e nuove,Articoli,ARTICOLI,False,False,"XXXI, 2024/4 (ottobre-dicembre)",31281,chiuso,HTML+PDF,https://id.accademiadellacrusca.org/File/Download?code=1dc772bb-26bf-43fd-92f9-9c050e292fac,I carteggi degli operisti italiani: edizioni vecchie e nuove | Fabrizio Della Seta | Pagine | 175-182 - | PDF
36440,https://id.accademiadellacrusca.org/articoli/il-carteggio-verdi-ghislanzoni/36440,il-carteggio-verdi-ghislanzoni,Il Carteggio Verdi-Ghislanzoni,Articoli,ARTICOLI,False,False,"XXXI, 2024/4 (ottobre-dicembre)",31281,chiuso,HTML+PDF,https://id.accademiadellacrusca.org/File/Download?code=cd249afa-79a4-4d67-bedf-dfc186dfa88e,"Il Carteggio Verdi-Ghislanzoni | Ilaria Bonomi, Edoardo Buroni e Marco Spada | Pagine | 183-196 - | PDF"
36441,https://id.accademiadellacrusca.org/articoli/lofficina-musicale-dei-libretti-indizi-dai-carteggi-tra-verdi-e-puccini/36441,lofficina-musicale-dei-libretti-indizi-dai-carteggi-tra-verdi-e-puccini,"L’officina musicale dei libretti: indizi dai carteggi, tra Verdi e Puccini",Articoli,ARTICOLI,False,False,"XXXI, 2024/4 (ottobre-dicembre)",31281,chiuso,HTML+PDF,https://id.accademiadellacrusca.org/File/Download?code=cb681b45-c953-4805-bb85-84fb6b55047c,"L’officina musicale dei libretti: indizi dai carteggi, tra Verdi e Puccini | Alessandro Roccatagliati | Pagine | 197-206 - | PDF"
36442,https://id.accademiadellacrusca.org/articoli/lepistolario-pucciniano-e-la-sua-lingua-alcuni-esempi-lessicali/36442,lepistolario-pucciniano-e-la-sua-lingua-alcuni-esempi-lessicali,L’epistolario pucciniano e la sua lingua: alcuni esempi lessicali,Articoli,ARTICOLI,False,False,"XXXI, 2024/4 (ottobre-dicembre)",31281,chiuso,HTML+PDF,https://id.accademiadellacrusca.org/File/Download?code=af2fd9cb-1423-461a-b7c5-cd2851a15259,L’epistolario pucciniano e la sua lingua: alcuni esempi lessicali | Fiammetta Papi | Pagine | 207-218 - | PDF
34419,https://id.accademiadellacrusca.org/articoli/laccademia-della-crusca-nel-passato-e-oggi/34419,laccademia-della-crusca-nel-passato-e-oggi,L’Accademia della Crusca nel passato e oggi,Incontri e tornate,INCONTRI E TORNATE,False,False,"XXXI, 2024/4 (ottobre-dicembre)",31281,chiuso,HTML+PDF,https://id.accademiadellacrusca.org/File/Download?code=80d95175-958c-42ba-9eeb-d7cc2f2f183a,L’Accademia della Crusca nel passato e oggi | Rosario Coluccia | Pagine | 219-224 - | PDF
31285,https://id.accademiadellacrusca.org/articoli/molte-parole-nascono-ma-poche-crescono-chi-lo-decide/31285,molte-parole-nascono-ma-poche-crescono-chi-lo-decide,Molte parole nascono ma poche crescono: chi lo decide?,Temi di discussione,TEMI DI DISCUSSIONE,False,False,"XXXI, 2024/4 (ottobre-dicembre)",31281,chiuso,HTML+PDF,https://id.accademiadellacrusca.org/File/Download?code=a7a73f19-9039-4646-8b88-e7cc9ffe37cc,Molte parole nascono ma poche crescono: chi lo decide? | Rita Librandi | Pagine | 225-227 - | PDF
31315,https://id.accademiadellacrusca.org/articoli/enfasi-ed-eufemismi-negli-usi-linguistici-attuali/31315,enfasi-ed-eufemismi-negli-usi-linguistici-attuali,Enfasi ed eufemismi negli usi linguistici attuali,Temi di discussione,TEMI DI DISCUSSIONE,False,False,"XXXI, 2024/4 (ottobre-dicembre)",31281,chiuso,HTML+PDF,https://id.accademiadellacrusca.org/File/Download?code=612f117b-1adf-4dbe-b4d2-e6684fab4023,Enfasi ed eufemismi negli usi linguistici attuali | Vittorio Coletti | Pagine | 228-230 - | PDF
31331,https://id.accademiadellacrusca.org/articoli/la-competenza-grammaticale--o-non--importante-per-la-comprensione-dei-testi-e-quale-competenza-gramm/31331,la-competenza-grammaticale--o-non--importante-per-la-comprensione-dei-testi-e-quale-competenza-gramm,La competenza grammaticale è o non è importante per la comprensione dei testi? E quale competenza grammaticale?,Temi di discussione,TEMI DI DISCUSSIONE,False,False,"XXXI, 2024/4 (ottobre-dicembre)",31281,chiuso,HTML+PDF,https://id.accademiadellacrusca.org/File/Download?code=c0316f39-0c81-4d7a-98a7-240ab3404395,La competenza grammaticale è o non è importante per la comprensione dei testi? E quale competenza grammaticale? | Mirko Tavoni | Pagine | 231-236 - | PDF
36443,https://id.accademiadellacrusca.org/articoli/notizie-dall-accademia/36443,notizie-dall-accademia,Notizie dall'Accademia,Notizie,NOTIZIE,False,False,"XXXI, 2024/4 (ottobre-dicembre)",31281,chiuso,HTML+PDF,https://id.accademiadellacrusca.org/File/Download?code=8e8a7956-1784-44bd-bae7-7532593eafa9,Notizie dall'Accademia | A cura di comitato di redazione | Pagine | 237-239 - | PDF
36444,https://id.accademiadellacrusca.org/articoli/bibliografia-della-consulenza-linguistica/36444,bibliografia-della-consulenza-linguistica,Bibliografia della Consulenza linguistica,Bibliografia,BIBLIOGRAFIA,False,False,"XXXI, 2024/4 (ottobre-dicembre)",31281,chiuso,HTML+PDF,https://id.accademiadellacrusca.org/File/Download?code=e7133973-5f39-4770-977a-707b4eaaeea3,Bibliografia della Consulenza linguistica | Pagine | 240-244 - | PDF
35431,https://id.accademiadellacrusca.org/articoli/editoriale-del-direttore/35431,editoriale-del-direttore,Editoriale del direttore,Editoriale,EDITORIALE,False,False,"XXX, 2024/3 (luglio-settembre)",30241,chiuso,HTML+PDF,https://id.accademiadellacrusca.org/File/Download?code=999986aa-7fa8-49e1-a896-b78988f6cea0,Editoriale del direttore | Marco Biffi | Pagine | 1-2 - | PDF
30240,https://id.accademiadellacrusca.org/articoli/pu-questa-risposta-esser-per-voi-succulente/30240,pu-questa-risposta-esser-per-voi-succulente,Può questa risposta esser per voi succulente ?,Consulenza linguistica,CONSULENZA LINGUISTICA,True,False,"XXX, 2024/3 (luglio-settembre)",30241,chiuso,HTML+PDF,https://id.accademiadellacrusca.org/File/Download?code=47bf1c06-8d06-40b8-8af2-6934b825533d,Può questa risposta esser per voi | succulente | ? | Lorenzo Tomasin | Pagine | 3-4 - | PDF
30242,https://id.accademiadellacrusca.org/articoli/se-cubiamo-facciamo-peccato-di-lingua-ma-veniale/30242,se-cubiamo-facciamo-peccato-di-lingua-ma-veniale,"Se cubiamo facciamo peccato (di lingua), ma veniale",Consulenza linguistica,CONSULENZA LINGUISTICA,True,False,"XXX, 2024/3 (luglio-settembre)",30241,chiuso,HTML+PDF,https://id.accademiadellacrusca.org/File/Download?code=e66993f2-504f-41a8-beb0-0b44a60e6a1b,"Se | cubiamo | facciamo peccato (di lingua), ma veniale | Riccardo Gualdo | Pagine | 5-7 - | PDF"
30243,https://id.accademiadellacrusca.org/articoli/scena-del-crimine-repertamento-o-repertazione-gli-oggetti-sono-repertabili/30243,scena-del-crimine-repertamento-o-repertazione-gli-oggetti-sono-repertabili,Scena del crimine: repertamento o repertazione ? Gli oggetti sono repertabili ?,Consulenza linguistica,CONSULENZA LINGUISTICA,True,False,"XXX, 2024/3 (luglio-settembre)",30241,chiuso,HTML+PDF,https://id.accademiadellacrusca.org/File/Download?code=c79d4be0-f530-466e-9b1d-916caf783c50,Scena del crimine: | repertamento | o | repertazione | ? Gli oggetti sono | repertabili | ? | Miriam Di Carlo | Pagine | 8-12 - | PDF
30244,https://id.accademiadellacrusca.org/articoli/di-norma/30244,di-norma,Di norma,Consulenza linguistica,CONSULENZA LINGUISTICA,True,False,"XXX, 2024/3 (luglio-settembre)",30241,chiuso,HTML+PDF,https://id.accademiadellacrusca.org/File/Download?code=c8b75b50-5787-4d10-bb89-8de43e30707a,Di norma | Paolo Carnevale | Pagine | 13-15 - | PDF
30245,https://id.accademiadellacrusca.org/articoli/ottemperare-alle-norme-anche-grammaticali/30245,ottemperare-alle-norme-anche-grammaticali,Ottemperare alle norme (anche grammaticali),Consulenza linguistica,CONSULENZA LINGUISTICA,True,False,"XXX, 2024/3 (luglio-settembre)",30241,chiuso,HTML+PDF,https://id.accademiadellacrusca.org/File/Download?code=aa5f5b7c-4f57-496d-9781-b9deec7c506e,Ottemperare alle | norme (anche grammaticali) | Sergio Lubello | Pagine | 16-18 - | PDF
31246,https://id.accademiadellacrusca.org/articoli/guadambiare-e-sparambiare-da-dove-arrivano/31246,guadambiare-e-sparambiare-da-dove-arrivano,Guadambiare e sparambiare : da dove arrivano?,Consulenza linguistica,CONSULENZA LINGUISTICA,True,False,"XXX, 2024/3 (luglio-settembre)",30241,chiuso,HTML+PDF,https://id.accademiadellacrusca.org/File/Download?code=1ae4d635-441d-4596-9330-229c07324c65,Guadambiare | e | sparambiare | : da dove arrivano? | Pietro Trifone | Pagine | 19-20 - | PDF
31247,https://id.accademiadellacrusca.org/articoli/non-subito-ma-quanto-prima/31247,non-subito-ma-quanto-prima,"Non subito, ma quanto prima !",Consulenza linguistica,CONSULENZA LINGUISTICA,True,False,"XXX, 2024/3 (luglio-settembre)",30241,chiuso,HTML+PDF,https://id.accademiadellacrusca.org/File/Download?code=0c7fe16a-0fae-4489-9eae-d00fe86ab262,"Non subito, ma | quanto prima | ! | Cristiana De Santis | Pagine | 21-22 - | PDF"
31248,https://id.accademiadellacrusca.org/articoli/lasceremo-non-lascieremo-perdere-quella-i/31248,lasceremo-non-lascieremo-perdere-quella-i,"Lasceremo , non lascieremo, perdere quella i",Consulenza linguistica,CONSULENZA LINGUISTICA,True,False,"XXX, 2024/3 (luglio-settembre)",30241,chiuso,HTML+PDF,https://id.accademiadellacrusca.org/File/Download?code=9923be8b-b3b8-4aab-8839-c13e3657df64,"Lasceremo | , non | lascieremo, | perdere quella | i | Rosario Coluccia | Pagine | 23-24 - | PDF"
31249,https://id.accademiadellacrusca.org/articoli/costing-o-costificare-questo--il-dilemma/31249,costing-o-costificare-questo--il-dilemma,Costing o costificare ? Questo è il dilemma!,Consulenza linguistica,CONSULENZA LINGUISTICA,True,False,"XXX, 2024/3 (luglio-settembre)",30241,chiuso,HTML+PDF,https://id.accademiadellacrusca.org/File/Download?code=6600932c-6597-4727-98a1-fdb1cf9e4023,Costing | o | costificare | ? Questo è il dilemma! | Sergio Lubello | Pagine | 25-26 - | PDF
31250,https://id.accademiadellacrusca.org/articoli/se-tha-detto-pedalino-vuol-dire-che-sei-stato-sfortunato/31250,se-tha-detto-pedalino-vuol-dire-che-sei-stato-sfortunato,Se t’ha detto pedalino vuol dire che sei stato sfortunato,Consulenza linguistica,CONSULENZA LINGUISTICA,True,False,"XXX, 2024/3 (luglio-settembre)",30241,chiuso,HTML+PDF,https://id.accademiadellacrusca.org/File/Download?code=ca815e33-03ee-4758-b364-ab8f5263d9f2,Se | t’ha detto pedalino | vuol dire che sei stato sfortunato | Andrea Riga | Pagine | 27-30 - | PDF
31251,https://id.accademiadellacrusca.org/articoli/proviamo-a-rispondere/31251,proviamo-a-rispondere,Proviamo a rispondere,Consulenza linguistica,CONSULENZA LINGUISTICA,True,False,"XXX, 2024/3 (luglio-settembre)",30241,chiuso,HTML+PDF,https://id.accademiadellacrusca.org/File/Download?code=f546dd96-6331-4ddc-9a67-8f69c99f5a84,Proviamo a | rispondere | Cristiana De Santis | Pagine | 31-32 - | PDF
31252,https://id.accademiadellacrusca.org/articoli/olimpiade-olimpiadi-e-giochi-olimpici-storia-di-un-evento-e-di-parole-che-hanno-attraversato-i-mille/31252,olimpiade-olimpiadi-e-giochi-olimpici-storia-di-un-evento-e-di-parole-che-hanno-attraversato-i-mille,"Olimpiade , Olimpiadi e Giochi olimpici : storia di un evento e di parole che hanno attraversato i millenni",Consulenza linguistica,CONSULENZA LINGUISTICA,True,False,"XXX, 2024/3 (luglio-settembre)",30241,chiuso,HTML+PDF,https://id.accademiadellacrusca.org/File/Download?code=5cea58b8-a9f3-410f-a352-84a67940bcce,"Olimpiade | , | Olimpiadi | e | Giochi olimpici | : storia di un evento e di parole che hanno attraversato i millenni | Raffaella Setti | Pagine | 33-36 - | PDF"
31253,https://id.accademiadellacrusca.org/articoli/il-nome-dazione-derivato-dal-verbo-tramandare-e-la-rivalit-tra-i-suffissi/31253,il-nome-dazione-derivato-dal-verbo-tramandare-e-la-rivalit-tra-i-suffissi,Il nome d’azione derivato dal verbo tramandare e la rivalità tra i suffissi,Consulenza linguistica,CONSULENZA LINGUISTICA,True,False,"XXX, 2024/3 (luglio-settembre)",30241,chiuso,HTML+PDF,https://id.accademiadellacrusca.org/File/Download?code=6f541726-dd2a-4f8b-b46d-2eae557de3e1,Il nome d’azione derivato dal verbo | tramandare | e la rivalità tra i suffissi | Livio Gaeta | Pagine | 37-38 - | PDF
31254,https://id.accademiadellacrusca.org/articoli/cos-tanto/31254,cos-tanto,Così tanto …,Consulenza linguistica,CONSULENZA LINGUISTICA,True,False,"XXX, 2024/3 (luglio-settembre)",30241,chiuso,HTML+PDF,https://id.accademiadellacrusca.org/File/Download?code=fd348b24-5f6e-46e7-b2db-36eaccdbe788,Così tanto | … | Emanuele Banfi | Pagine | 39-45 - | PDF
31257,https://id.accademiadellacrusca.org/articoli/quando-venire-viene-a-costare/31257,quando-venire-viene-a-costare,Quando venire viene a costare,Consulenza linguistica,CONSULENZA LINGUISTICA,True,False,"XXX, 2024/3 (luglio-settembre)",30241,chiuso,HTML+PDF,https://id.accademiadellacrusca.org/File/Download?code=204ab5fd-bb63-47ff-980b-fe2fd61afad7,Quando | venire | viene a | costare | Andrea Riga | Pagine | 46-47 - | PDF
31258,https://id.accademiadellacrusca.org/articoli/su-neancora-e-sulluso-di-ancora-con-il-valore-di-gi/31258,su-neancora-e-sulluso-di-ancora-con-il-valore-di-gi,Su neancora e sull’uso di ancora con il valore di ‘già’,Consulenza linguistica,CONSULENZA LINGUISTICA,True,False,"XXX, 2024/3 (luglio-settembre)",30241,chiuso,HTML+PDF,https://id.accademiadellacrusca.org/File/Download?code=c9693c2d-e6b6-4ab4-bacf-d7d5d0b887db,Su | neancora | e sull’uso di | ancora | con il valore di ‘già’ | Bruno Moretti | Pagine | 48-52 - | PDF
31259,https://id.accademiadellacrusca.org/articoli/quando-verit-e-cronaca-chiamano-in-causa-lonore/31259,quando-verit-e-cronaca-chiamano-in-causa-lonore,Quando verità e cronaca chiamano in causa l’ onore,Consulenza linguistica,CONSULENZA LINGUISTICA,True,False,"XXX, 2024/3 (luglio-settembre)",30241,chiuso,HTML+PDF,https://id.accademiadellacrusca.org/File/Download?code=1488c1a4-f3c6-48bf-9495-dc3ed3456306,Quando | verità | e | cronaca | chiamano in causa l’ | onore | Raffaella Setti | Pagine | 53-56 - | PDF
31261,https://id.accademiadellacrusca.org/articoli/siamo-pronti-per-affrontare-lovertourism-estivo/31261,siamo-pronti-per-affrontare-lovertourism-estivo,Siamo pronti per affrontare l’ overtourism estivo?,Consulenza linguistica,CONSULENZA LINGUISTICA,True,False,"XXX, 2024/3 (luglio-settembre)",30241,chiuso,HTML+PDF,https://id.accademiadellacrusca.org/File/Download?code=a4697cab-945a-419d-979a-f61aede354f3,Siamo pronti per affrontare l’ | overtourism | estivo? | Miriam Di Carlo | Pagine | 57-61 - | PDF
31262,https://id.accademiadellacrusca.org/articoli/tra-un-passato-lontano-e-un-transitorio-presente-a-proposito-di-pro-tempore-e-in-illo-tempore/31262,tra-un-passato-lontano-e-un-transitorio-presente-a-proposito-di-pro-tempore-e-in-illo-tempore,Tra un passato lontano e un transitorio presente: a proposito di pro tempore e in illo tempore,Consulenza linguistica,CONSULENZA LINGUISTICA,True,False,"XXX, 2024/3 (luglio-settembre)",30241,chiuso,HTML+PDF,https://id.accademiadellacrusca.org/File/Download?code=20b06d92-659e-413c-9d2d-b4f4df40aa7c,Tra un passato lontano e un transitorio presente: a proposito di | pro tempore | e | in illo tempore | Mariella Canzani | Pagine | 62-66 - | PDF
31263,https://id.accademiadellacrusca.org/articoli/compare-e-comare/31263,compare-e-comare,Compare e comare,Consulenza linguistica,CONSULENZA LINGUISTICA,True,False,"XXX, 2024/3 (luglio-settembre)",30241,chiuso,HTML+PDF,https://id.accademiadellacrusca.org/File/Download?code=9ce28961-31a1-4c3c-8d3f-a297439ed582,Compare | e | comare | Massimo Cerruti | Pagine | 67-69 - | PDF
31264,https://id.accademiadellacrusca.org/articoli/sulla-locuzione-al-netto-di/31264,sulla-locuzione-al-netto-di,Sulla locuzione al netto di,Consulenza linguistica,CONSULENZA LINGUISTICA,True,False,"XXX, 2024/3 (luglio-settembre)",30241,chiuso,HTML+PDF,https://id.accademiadellacrusca.org/File/Download?code=a2adedb3-9a19-495e-8f93-41c01b42cca9,Sulla locuzione | al netto di | Rosario Coluccia | Pagine | 70-72 - | PDF
31265,https://id.accademiadellacrusca.org/articoli/acusmatico-un-doppio-tecnicismo-e-qualcosa-in-pi/31265,acusmatico-un-doppio-tecnicismo-e-qualcosa-in-pi,Acusmatico : un doppio tecnicismo (e qualcosa in più),Consulenza linguistica,CONSULENZA LINGUISTICA,True,False,"XXX, 2024/3 (luglio-settembre)",30241,chiuso,HTML+PDF,https://id.accademiadellacrusca.org/File/Download?code=bae8b430-250f-4ad4-a03d-55ccde2a6402,Acusmatico | : un doppio tecnicismo (e qualcosa in più) | Simona Cresti | Pagine | 73-78 - | PDF
31267,https://id.accademiadellacrusca.org/articoli/percoca-percocca-o-percoco-basta-che-sia-succosa/31267,percoca-percocca-o-percoco-basta-che-sia-succosa,"Percoca , percocca o percoco ? Basta che sia succosa!",Consulenza linguistica,CONSULENZA LINGUISTICA,True,False,"XXX, 2024/3 (luglio-settembre)",30241,chiuso,HTML+PDF,https://id.accademiadellacrusca.org/File/Download?code=f9489ea0-fbb0-4743-a56e-b20469d236cb,"Percoca | , | percocca | o | percoco | ? Basta che sia succosa! | Elisa Altissimi | Pagine | 79-81 - | PDF"
31268,https://id.accademiadellacrusca.org/articoli/scusate-il-francesismo/31268,scusate-il-francesismo,Scusate il francesismo,Consulenza linguistica,CONSULENZA LINGUISTICA,True,False,"XXX, 2024/3 (luglio-settembre)",30241,chiuso,HTML+PDF,https://id.accademiadellacrusca.org/File/Download?code=5cd8b89d-b4fa-498a-98e2-46dad25a8279,Scusate il francesismo | Miriam Di Carlo | Pagine | 82-86 - | PDF
31269,https://id.accademiadellacrusca.org/articoli/la-vendetta-del-sangue/31269,la-vendetta-del-sangue,La vendetta del sangue,Consulenza linguistica,CONSULENZA LINGUISTICA,True,False,"XXX, 2024/3 (luglio-settembre)",30241,chiuso,HTML+PDF,https://id.accademiadellacrusca.org/File/Download?code=e14d48e9-787d-4556-bfe4-441d8856d9fd,La | vendetta del sangue | Maria Silvia Rati | Pagine | 87-89 - | PDF
31270,https://id.accademiadellacrusca.org/articoli/il-de-cuius--vivo-o--morto/31270,il-de-cuius--vivo-o--morto,Il de cuius è vivo o è morto?,Consulenza linguistica,CONSULENZA LINGUISTICA,True,False,"XXX, 2024/3 (luglio-settembre)",30241,chiuso,HTML+PDF,https://id.accademiadellacrusca.org/File/Download?code=09144ad8-1246-41a6-8e35-de0085e2c0a5,Il | de cuius | è vivo o è morto? | Maurizio Trifone | Pagine | 90-91 - | PDF
31271,https://id.accademiadellacrusca.org/articoli/dallitaliano-e-italianismo-mandolino-al-francesismo-sassofono-saxofono/31271,dallitaliano-e-italianismo-mandolino-al-francesismo-sassofono-saxofono,Dall’italiano (e italianismo) mandolino al francesismo sassofono/saxofono,Consulenza linguistica,CONSULENZA LINGUISTICA,True,False,"XXX, 2024/3 (luglio-settembre)",30241,chiuso,HTML+PDF,https://id.accademiadellacrusca.org/File/Download?code=d04d8ada-f4cc-48ef-b003-aebd6e4caf3d,Dall’italiano (e italianismo) | mandolino | al francesismo | sassofono/saxofono | Ilaria Bonomi | Pagine | 92-94 - | PDF
31272,https://id.accademiadellacrusca.org/articoli/loscuro-oggetto-del-deliberare/31272,loscuro-oggetto-del-deliberare,L’oscuro oggetto del deliberare,Consulenza linguistica,CONSULENZA LINGUISTICA,True,False,"XXX, 2024/3 (luglio-settembre)",30241,chiuso,HTML+PDF,https://id.accademiadellacrusca.org/File/Download?code=8a229f07-aaa2-49e5-be9d-12e3d82c9fee,L’oscuro oggetto del | deliberare | Sergio Lubello | Pagine | 95-96 - | PDF
31274,https://id.accademiadellacrusca.org/articoli/in-quanti-modi-si-pu-chiedere-la-data-di-oggi/31274,in-quanti-modi-si-pu-chiedere-la-data-di-oggi,In quanti modi si può chiedere la data di oggi?,Consulenza linguistica,CONSULENZA LINGUISTICA,True,False,"XXX, 2024/3 (luglio-settembre)",30241,chiuso,HTML+PDF,https://id.accademiadellacrusca.org/File/Download?code=a64ad925-9f1a-4673-bb5c-13d8d44b8cfa,In quanti modi si può chiedere la data di oggi? | Elisa Altissimi | Pagine | 97-99 - | PDF
31275,https://id.accademiadellacrusca.org/articoli/funerale-o-funerali-funerale-civile-o-laico/31275,funerale-o-funerali-funerale-civile-o-laico,Funerale o funerali ? Funerale civile o laico ?,Consulenza linguistica,CONSULENZA LINGUISTICA,True,False,"XXX, 2024/3 (luglio-settembre)",30241,chiuso,HTML+PDF,https://id.accademiadellacrusca.org/File/Download?code=6c3277d3-6f69-4e7d-a01b-077d7a4d2fde,Funerale | o | funerali | ? | Funerale civile | o | laico | ? | Miriam Di Carlo | Pagine | 100-105 - | PDF
31276,https://id.accademiadellacrusca.org/articoli/irrequietare/31276,irrequietare,Irrequietare,Consulenza linguistica,CONSULENZA LINGUISTICA,True,False,"XXX, 2024/3 (luglio-settembre)",30241,chiuso,HTML+PDF,https://id.accademiadellacrusca.org/File/Download?code=5f3f3bde-cc8a-4f3b-847d-c573ab721941,Irrequietare | Lorenzo Tomasin | Pagine | 106-107 - | PDF
31277,https://id.accademiadellacrusca.org/articoli/nun-hai-capito-una-cippa-ma-speriamo-non-sia-questo-il-caso/31277,nun-hai-capito-una-cippa-ma-speriamo-non-sia-questo-il-caso,Nun hai capito una cippa! (Ma speriamo non sia questo il caso),Consulenza linguistica,CONSULENZA LINGUISTICA,True,False,"XXX, 2024/3 (luglio-settembre)",30241,chiuso,HTML+PDF,https://id.accademiadellacrusca.org/File/Download?code=79e57590-a4a7-442d-b5a4-141bb1dc2e9d,Nun hai capito una cippa! | (Ma speriamo non sia questo il caso) | Marzia Caria | Pagine | 108-111 - | PDF
31278,https://id.accademiadellacrusca.org/articoli/vi-omaggiamo-della-risposta/31278,vi-omaggiamo-della-risposta,Vi omaggiamo della risposta,Consulenza linguistica,CONSULENZA LINGUISTICA,True,False,"XXX, 2024/3 (luglio-settembre)",30241,chiuso,HTML+PDF,https://id.accademiadellacrusca.org/File/Download?code=4cf91f67-cd4b-4b64-a11c-6afa77e6897a,Vi | omaggiamo | della risposta | Roberta Cella | Pagine | 112-114 - | PDF
31279,https://id.accademiadellacrusca.org/articoli/i-nomi-delle-fobie/31279,i-nomi-delle-fobie,I nomi delle fobie,Consulenza linguistica,CONSULENZA LINGUISTICA,True,False,"XXX, 2024/3 (luglio-settembre)",30241,chiuso,HTML+PDF,https://id.accademiadellacrusca.org/File/Download?code=d507a6ed-4a0f-473e-bf57-1ebbcae93ef2,I nomi delle fobie | Lucia Francalanci | Pagine | 115-124 - | PDF
30246,https://id.accademiadellacrusca.org/articoli/un-italiano-wannabe/30246,un-italiano-wannabe,Un italiano wannabe ?,Parole nuove,PAROLE NUOVE,False,True,"XXX, 2024/3 (luglio-settembre)",30241,chiuso,HTML+PDF,https://id.accademiadellacrusca.org/File/Download?code=1d7e3fe5-bd5d-4454-a8b2-f43dcde8ceb0,Un italiano | wannabe | ? | Kevin De Vecchis | Pagine | 125-128 - | PDF
31260,https://id.accademiadellacrusca.org/articoli/k-k-o-kappa/31260,k-k-o-kappa,k ( K o kappa ),Parole nuove,PAROLE NUOVE,False,True,"XXX, 2024/3 (luglio-settembre)",30241,chiuso,HTML+PDF,https://id.accademiadellacrusca.org/File/Download?code=0854d251-c0a1-415b-982b-e4fe0da17582,k | ( | K | o | kappa | ) | Barbara Patella | Pagine | 129-136 - | PDF
31273,https://id.accademiadellacrusca.org/articoli/ingegneria-sociale-larte-dellinganno/31273,ingegneria-sociale-larte-dellinganno,Ingegneria sociale : l’arte dell’inganno,Parole nuove,PAROLE NUOVE,False,True,"XXX, 2024/3 (luglio-settembre)",30241,chiuso,HTML+PDF,https://id.accademiadellacrusca.org/File/Download?code=88a257f3-c597-46e4-b846-30e16b69b0e6,Ingegneria sociale | : l’arte dell’inganno | Lucia Francalanci | Pagine | 137-142 - | PDF
31282,https://id.accademiadellacrusca.org/articoli/una-risposta-a-alla-la-settimana/31282,una-risposta-a-alla-la-settimana,Una risposta a / alla / la settimana?,La Crusca rispose,LA CRUSCA RISPOSE,True,False,"XXX, 2024/3 (luglio-settembre)",30241,chiuso,HTML+PDF,https://id.accademiadellacrusca.org/File/Download?code=a85c1e63-fffa-4706-a1a7-43d69b9937a5,Una risposta | a | / | alla | / | la | settimana? | Luca Serianni | Pagine | 143-144 - | PDF
31283,https://id.accademiadellacrusca.org/articoli/stavolta-a-che-cosa-ci-dobbiamo-sobbarcare/31283,stavolta-a-che-cosa-ci-dobbiamo-sobbarcare,Stavolta (a) che cosa ci dobbiamo sobbarcare ?,La Crusca rispose,LA CRUSCA RISPOSE,True,False,"XXX, 2024/3 (luglio-settembre)",30241,chiuso,HTML+PDF,https://id.accademiadellacrusca.org/File/Download?code=497a8fd6-1d99-439a-b18f-c1dda13bb3fa,Stavolta (a) che cosa ci dobbiamo | sobbarcare | ? | Elisa De Roberto | Pagine | 145-148 - | PDF
31284,https://id.accademiadellacrusca.org/articoli/siamo-bravi-in-italiano/31284,siamo-bravi-in-italiano,Siamo bravi in italiano?,La Crusca rispose,LA CRUSCA RISPOSE,True,False,"XXX, 2024/3 (luglio-settembre)",30241,chiuso,HTML+PDF,https://id.accademiadellacrusca.org/File/Download?code=8c6d75e5-cfa9-4de4-8926-f1e2e2128c3f,Siamo | bravi in | italiano? | Giuseppe Patota | Pagine | 149-150 - | PDF
34414,https://id.accademiadellacrusca.org/articoli/linguaggio-degenere/34414,linguaggio-degenere,Linguaggio degenere,Articoli,ARTICOLI,False,False,"XXX, 2024/3 (luglio-settembre)",30241,chiuso,HTML+PDF,https://id.accademiadellacrusca.org/File/Download?code=52a734b9-3d58-42d6-b7ce-ac06d0cf82cf,Linguaggio degenere | Alberto Voltolini | Pagine | 151-163 - | PDF
31266,https://id.accademiadellacrusca.org/articoli/ancora-sulluso-del-genere-femminile-nei-testi-giuridico-amministrativi/31266,ancora-sulluso-del-genere-femminile-nei-testi-giuridico-amministrativi,Ancora sull’uso del genere femminile nei testi giuridico-amministrativi,Temi di discussione,TEMI DI DISCUSSIONE,False,False,"XXX, 2024/3 (luglio-settembre)",30241,chiuso,HTML+PDF,https://id.accademiadellacrusca.org/File/Download?code=d89ad0d8-98ca-4fbc-9de4-8e3ff7dcc2de,Ancora sull’uso del genere femminile nei testi giuridico-amministrativi | Il Consiglio Direttivo dell’Accademia della Crusca | Pagine | 164-168 - | PDF
36438,https://id.accademiadellacrusca.org/articoli/notizie-dall-accademia/36438,notizie-dall-accademia,Notizie dall'Accademia,Notizie,NOTIZIE,False,False,"XXX, 2024/3 (luglio-settembre)",30241,chiuso,HTML+PDF,https://id.accademiadellacrusca.org/File/Download?code=0b89fbc2-b7e9-47d5-9464-31b0e444261c,Notizie dall'Accademia | A cura di comitato di redazione | Pagine | 169-171 - | PDF
36439,https://id.accademiadellacrusca.org/articoli/bibliografia-della-consulenza-linguistica/36439,bibliografia-della-consulenza-linguistica,Bibliografia della Consulenza linguistica,Bibliografia,BIBLIOGRAFIA,False,False,"XXX, 2024/3 (luglio-settembre)",30241,chiuso,HTML+PDF,https://id.accademiadellacrusca.org/File/Download?code=78ef720d-14e7-4668-9ac6-04f42f884028,Bibliografia della Consulenza linguistica | Pagine | 172-176 - | PDF
34432,https://id.accademiadellacrusca.org/articoli/editoriale-del-direttore/34432,editoriale-del-direttore,Editoriale del direttore,Editoriale,EDITORIALE,False,False,"XXIX, 2024/2 (aprile-giugno)",28186,chiuso,HTML+PDF,https://id.accademiadellacrusca.org/File/Download?code=421f60e5-54da-4769-974b-f0e7c73bba00,Editoriale del direttore | Marco Biffi | Pagine | 1-2 - | PDF
28187,https://id.accademiadellacrusca.org/articoli/la-valenza-di-decidersi/28187,la-valenza-di-decidersi,La valenza di decidersi,Consulenza linguistica,CONSULENZA LINGUISTICA,True,False,"XXIX, 2024/2 (aprile-giugno)",28186,chiuso,HTML+PDF,https://id.accademiadellacrusca.org/File/Download?code=76dd3752-0a80-4d2e-843a-01ed2fb7176a,La valenza di | decidersi | Giovanni Rovere | Pagine | 3-7 - | PDF
28191,https://id.accademiadellacrusca.org/articoli/peraltro/28191,peraltro,Peraltro,Consulenza linguistica,CONSULENZA LINGUISTICA,True,False,"XXIX, 2024/2 (aprile-giugno)",28186,chiuso,HTML+PDF,https://id.accademiadellacrusca.org/File/Download?code=abb84e1a-76c0-4f46-9938-4f147a3701ce,Peraltro | Angela Ferrari | Pagine | 8-11 - | PDF
28192,https://id.accademiadellacrusca.org/articoli/sullorigine-di-andare-in-tilt/28192,sullorigine-di-andare-in-tilt,Sull’origine di andare in tilt,Consulenza linguistica,CONSULENZA LINGUISTICA,True,False,"XXIX, 2024/2 (aprile-giugno)",28186,chiuso,HTML+PDF,https://id.accademiadellacrusca.org/File/Download?code=6e39943d-a2cf-4e24-907b-9406eab161fa,Sull’origine di | andare in tilt | Luisa di Valvasone | Pagine | 12-14 - | PDF
28193,https://id.accademiadellacrusca.org/articoli/c-chi-non-si-capacita-della-capacitazione/28193,c-chi-non-si-capacita-della-capacitazione,C’è chi non si capacita della capacitazione,Consulenza linguistica,CONSULENZA LINGUISTICA,True,False,"XXIX, 2024/2 (aprile-giugno)",28186,chiuso,HTML+PDF,https://id.accademiadellacrusca.org/File/Download?code=61b67e2d-c721-450e-bac6-eb259789249e,C’è chi non si capacita della | capacitazione | Kevin De Vecchis | Pagine | 15-20 - | PDF
28194,https://id.accademiadellacrusca.org/articoli/vedavamo-chiedavamo-leggiavamo-che-italiano-/28194,vedavamo-chiedavamo-leggiavamo-che-italiano-,"Vedavamo , chiedavamo , leggiavamo : che italiano è?",Consulenza linguistica,CONSULENZA LINGUISTICA,True,False,"XXIX, 2024/2 (aprile-giugno)",28186,chiuso,HTML+PDF,https://id.accademiadellacrusca.org/File/Download?code=82685fc3-9e04-460d-81db-9ad60c98742f,"Vedavamo | , | chiedavamo | , | leggiavamo | : che italiano è? | Anna M. Thornton | Pagine | 21-22 - | PDF"
28195,https://id.accademiadellacrusca.org/articoli/da-dozzina-ad-addozzinare/28195,da-dozzina-ad-addozzinare,Da dozzina ad addozzinare,Consulenza linguistica,CONSULENZA LINGUISTICA,True,False,"XXIX, 2024/2 (aprile-giugno)",28186,chiuso,HTML+PDF,https://id.accademiadellacrusca.org/File/Download?code=5e305147-956d-41ec-a900-36bd8a3bd811,Da | dozzina | ad | addozzinare | Erling Strudsholm | Pagine | 23-25 - | PDF
28197,https://id.accademiadellacrusca.org/articoli/il-femminile-nella-lingua-delle-forze-armate/28197,il-femminile-nella-lingua-delle-forze-armate,Il femminile nella lingua delle Forze Armate,Consulenza linguistica,CONSULENZA LINGUISTICA,True,False,"XXIX, 2024/2 (aprile-giugno)",28186,chiuso,HTML+PDF,https://id.accademiadellacrusca.org/File/Download?code=99d51955-2e9d-4561-a8b7-457d8ac22ad1,Il femminile nella lingua delle Forze Armate | Cecilia Robustelli | Pagine | 26-32 - | PDF
28198,https://id.accademiadellacrusca.org/articoli/un-valore-locale-di-ormai/28198,un-valore-locale-di-ormai,Un valore locale di ormai,Consulenza linguistica,CONSULENZA LINGUISTICA,True,False,"XXIX, 2024/2 (aprile-giugno)",28186,chiuso,HTML+PDF,https://id.accademiadellacrusca.org/File/Download?code=ac6ea20b-bcc4-4787-a681-be9dd1145c48,Un valore locale di | ormai | Marco Mazzoleni | Pagine | 33-36 - | PDF
28199,https://id.accademiadellacrusca.org/articoli/venghino-lettori-venghino-abbiamo-le-risposte-per-voi/28199,venghino-lettori-venghino-abbiamo-le-risposte-per-voi,"Venghino , lettori, venghino! Abbiamo le risposte per voi!",Consulenza linguistica,CONSULENZA LINGUISTICA,True,False,"XXIX, 2024/2 (aprile-giugno)",28186,chiuso,HTML+PDF,https://id.accademiadellacrusca.org/File/Download?code=ff699ef7-b505-43e5-b182-0ae4cdc87ab8,"Venghino | , lettori, | venghino! | Abbiamo le risposte per voi! | Anna M. Thornton | Pagine | 37-40 - | PDF"
28200,https://id.accademiadellacrusca.org/articoli/non-mi-conta-questa-cosa--frase-corretta/28200,non-mi-conta-questa-cosa--frase-corretta,“ Non mi conta questa cosa…” è frase corretta?,Consulenza linguistica,CONSULENZA LINGUISTICA,True,False,"XXIX, 2024/2 (aprile-giugno)",28186,chiuso,HTML+PDF,https://id.accademiadellacrusca.org/File/Download?code=b4de0ec7-cf0d-426f-9f61-e5e108c63d3c,“ | Non mi conta | questa cosa…” è frase corretta? | Emanuele Banfi | Pagine | 41-45 - | PDF
28201,https://id.accademiadellacrusca.org/articoli/defaunazione-o-defaunizzazione-sarebbe-meglio-rifaunare/28201,defaunazione-o-defaunizzazione-sarebbe-meglio-rifaunare,Defaunazione o defaunizzazione ? Sarebbe meglio rifaunare,Consulenza linguistica,CONSULENZA LINGUISTICA,True,False,"XXIX, 2024/2 (aprile-giugno)",28186,chiuso,HTML+PDF,https://id.accademiadellacrusca.org/File/Download?code=b4d021cf-7c3d-4738-b985-a64a25fe4e86,Defaunazione | o | defaunizzazione | ? Sarebbe meglio | rifaunare | Riccardo Gualdo | Pagine | 46-49 - | PDF
28202,https://id.accademiadellacrusca.org/articoli/un-brndolo-di-storia-della-nostra-lingua/28202,un-brndolo-di-storia-della-nostra-lingua,Un brèndolo di storia della nostra lingua,Consulenza linguistica,CONSULENZA LINGUISTICA,True,False,"XXIX, 2024/2 (aprile-giugno)",28186,chiuso,HTML+PDF,https://id.accademiadellacrusca.org/File/Download?code=f8f7ebde-c4ac-4de4-8a3d-d6b33cba2bbb,Un | brèndolo | di storia della nostra lingua | Matilde Paoli | Pagine | 50-54 - | PDF
28203,https://id.accademiadellacrusca.org/articoli/optare-e-cooptare-un-aiuto-per-la-scelta/28203,optare-e-cooptare-un-aiuto-per-la-scelta,Optare e cooptare : un aiuto per la scelta,Consulenza linguistica,CONSULENZA LINGUISTICA,True,False,"XXIX, 2024/2 (aprile-giugno)",28186,chiuso,HTML+PDF,https://id.accademiadellacrusca.org/File/Download?code=926d29dc-7b32-4222-89ee-069284082f4f,Optare | e | cooptare | : un aiuto per la scelta | Vittorio Coletti | Pagine | 55-56 - | PDF
28204,https://id.accademiadellacrusca.org/articoli/essere-familiare-con-chi-o-con-cosa/28204,essere-familiare-con-chi-o-con-cosa,Essere familiare : con chi o con cosa?,Consulenza linguistica,CONSULENZA LINGUISTICA,True,False,"XXIX, 2024/2 (aprile-giugno)",28186,chiuso,HTML+PDF,https://id.accademiadellacrusca.org/File/Download?code=b61e13fb-f167-4346-abd1-5dddb17fc298,Essere familiare | : | con | chi o | con | cosa? | Cristiana De Santis | Pagine | 57-58 - | PDF
28205,https://id.accademiadellacrusca.org/articoli/un-tecnicismo-edile-e-artistico-architettonico-di-area-veneta-alcune-note-sul-sostantivo-lievo/28205,un-tecnicismo-edile-e-artistico-architettonico-di-area-veneta-alcune-note-sul-sostantivo-lievo,Un tecnicismo edile e artistico-architettonico di area veneta: alcune note sul sostantivo lievo,Consulenza linguistica,CONSULENZA LINGUISTICA,True,False,"XXIX, 2024/2 (aprile-giugno)",28186,chiuso,HTML+PDF,https://id.accademiadellacrusca.org/File/Download?code=fae11586-ffe7-4af0-b951-5f223d64c0c1,Un tecnicismo edile e artistico-architettonico di area veneta: alcune note sul sostantivo | lievo | Matteo Mazzone | Pagine | 59-62 - | PDF
28207,https://id.accademiadellacrusca.org/articoli/mettiamo-tutto-e-tutti-al-femminile/28207,mettiamo-tutto-e-tutti-al-femminile,Mettiamo tutto e tutti al femminile?,Consulenza linguistica,CONSULENZA LINGUISTICA,True,False,"XXIX, 2024/2 (aprile-giugno)",28186,chiuso,HTML+PDF,https://id.accademiadellacrusca.org/File/Download?code=4cb15e36-fcc3-4f76-ab08-f4f3c339448f,Mettiamo tutto e tutti al femminile? | Claudio Marazzini | Pagine | 63-65 - | PDF
28213,https://id.accademiadellacrusca.org/articoli/non-sar-n-carne-n-pesce-ma-si-tratta-comunque-di-carne/28213,non-sar-n-carne-n-pesce-ma-si-tratta-comunque-di-carne,Non sarà né carne né pesce … Ma si tratta comunque di carne ?,Consulenza linguistica,CONSULENZA LINGUISTICA,True,False,"XXIX, 2024/2 (aprile-giugno)",28186,chiuso,HTML+PDF,https://id.accademiadellacrusca.org/File/Download?code=939ba141-8489-4beb-85ab-10255812b2fb,Non sarà | né carne né pesce | … Ma si tratta comunque di | carne | ? | Caterina Canneti | Pagine | 66-74 - | PDF
28214,https://id.accademiadellacrusca.org/articoli/come-si-traduce-case-study-in-italiano/28214,come-si-traduce-case-study-in-italiano,Come si traduce case study in italiano?,Consulenza linguistica,CONSULENZA LINGUISTICA,True,False,"XXIX, 2024/2 (aprile-giugno)",28186,chiuso,HTML+PDF,https://id.accademiadellacrusca.org/File/Download?code=9ec791d5-5a16-4f29-9d45-43061f2d7496,Come si traduce | case study | in italiano? | Carla Marello | Pagine | 75-76 - | PDF
28215,https://id.accademiadellacrusca.org/articoli/in-giro-vs-a-giro/28215,in-giro-vs-a-giro,In giro vs a giro,Consulenza linguistica,CONSULENZA LINGUISTICA,True,False,"XXIX, 2024/2 (aprile-giugno)",28186,chiuso,HTML+PDF,https://id.accademiadellacrusca.org/File/Download?code=1c537517-b93c-43e3-9e74-e6ae2ca1511d,In giro | vs | a giro | Emanuele Banfi | Pagine | 77-82 - | PDF
28216,https://id.accademiadellacrusca.org/articoli/considerazione-e-reputazione-non-sono-quasi-mai-sinonimi/28216,considerazione-e-reputazione-non-sono-quasi-mai-sinonimi,Considerazione e reputazione non sono quasi mai sinonimi,Consulenza linguistica,CONSULENZA LINGUISTICA,True,False,"XXIX, 2024/2 (aprile-giugno)",28186,chiuso,HTML+PDF,https://id.accademiadellacrusca.org/File/Download?code=0c1436ea-7709-4a2f-ae75-377fb1c48f15,Considerazione | e | reputazione | non sono quasi mai sinonimi | Vittorio Coletti | Pagine | 83-84 - | PDF
28217,https://id.accademiadellacrusca.org/articoli/si-fa-presto-a-dire-arrosto/28217,si-fa-presto-a-dire-arrosto,Si fa presto a dire arrosto,Consulenza linguistica,CONSULENZA LINGUISTICA,True,False,"XXIX, 2024/2 (aprile-giugno)",28186,chiuso,HTML+PDF,https://id.accademiadellacrusca.org/File/Download?code=5ae217cf-7274-46bc-af4d-b1e72b2004d7,Si fa presto a dire | arrosto | Monica Alba | Pagine | 85-89 - | PDF
28218,https://id.accademiadellacrusca.org/articoli/educativa-pu-essere-anche-un-sostantivo/28218,educativa-pu-essere-anche-un-sostantivo,Educativa può essere anche un sostantivo?,Consulenza linguistica,CONSULENZA LINGUISTICA,True,False,"XXIX, 2024/2 (aprile-giugno)",28186,chiuso,HTML+PDF,https://id.accademiadellacrusca.org/File/Download?code=0be68d19-aaf6-469c-8369-64b591f71856,Educativa | può essere anche un sostantivo? | Valeria Della Valle | Pagine | 90 - | PDF
29218,https://id.accademiadellacrusca.org/articoli/esilarante--solo-ci-che-provoca-riso-o-euforia/29218,esilarante--solo-ci-che-provoca-riso-o-euforia,Esilarante è solo ciò che provoca riso o euforia,Consulenza linguistica,CONSULENZA LINGUISTICA,True,False,"XXIX, 2024/2 (aprile-giugno)",28186,chiuso,HTML+PDF,https://id.accademiadellacrusca.org/File/Download?code=9b306ad3-9f98-4f53-8e1e-20958cac8002,Esilarante | è solo ciò che provoca riso o euforia | Rita Librandi | Pagine | 91-93 - | PDF
29221,https://id.accademiadellacrusca.org/articoli/tre-parole-rare-ma-non-impossibili-suonabilit-liuteristico-e-confraternale/29221,tre-parole-rare-ma-non-impossibili-suonabilit-liuteristico-e-confraternale,"Tre parole rare ma non impossibili: suonabilità , liuteristico e confraternale",Consulenza linguistica,CONSULENZA LINGUISTICA,True,False,"XXIX, 2024/2 (aprile-giugno)",28186,chiuso,HTML+PDF,https://id.accademiadellacrusca.org/File/Download?code=69b83c90-52e1-4ccf-a84d-7d9793d65412,"Tre parole rare ma non impossibili: | suonabilità | , | liuteristico | e | confraternale | Vittorio Coletti | Pagine | 94-95 - | PDF"
29222,https://id.accademiadellacrusca.org/articoli/mordere-vs-morsicare/29222,mordere-vs-morsicare,Mordere vs morsicare,Consulenza linguistica,CONSULENZA LINGUISTICA,True,False,"XXIX, 2024/2 (aprile-giugno)",28186,chiuso,HTML+PDF,https://id.accademiadellacrusca.org/File/Download?code=36b59e91-b791-47cb-af7c-dc94a6793ef4,Mordere | vs | morsicare | Emanuele Banfi | Pagine | 96-103 - | PDF
29223,https://id.accademiadellacrusca.org/articoli/cernere-e-derivati-alcune-delucidazioni/29223,cernere-e-derivati-alcune-delucidazioni,Cernere e derivati: alcune delucidazioni,Consulenza linguistica,CONSULENZA LINGUISTICA,True,False,"XXIX, 2024/2 (aprile-giugno)",28186,chiuso,HTML+PDF,https://id.accademiadellacrusca.org/File/Download?code=7ac2325b-ac0f-446e-81ed-761f3578d6a3,Cernere | e derivati: alcune delucidazioni | Miriam Di Carlo | Pagine | 104-108 - | PDF
29224,https://id.accademiadellacrusca.org/articoli/crescentine-o-tigelle-questo--il-dilemma/29224,crescentine-o-tigelle-questo--il-dilemma,"Crescentine o tigelle , questo è il dilemma",Consulenza linguistica,CONSULENZA LINGUISTICA,True,False,"XXIX, 2024/2 (aprile-giugno)",28186,chiuso,HTML+PDF,https://id.accademiadellacrusca.org/File/Download?code=f072f519-ec05-4f86-9837-1334b9089b52,"Crescentine | o | tigelle | , questo è il dilemma | Monica Alba | Pagine | 109-113 - | PDF"
29225,https://id.accademiadellacrusca.org/articoli/non-abbiamo-o-non-facciamo-difficolt-a-rispondervi/29225,non-abbiamo-o-non-facciamo-difficolt-a-rispondervi,Non abbiamo (o non facciamo ?) difficoltà a rispondervi!,Consulenza linguistica,CONSULENZA LINGUISTICA,True,False,"XXIX, 2024/2 (aprile-giugno)",28186,chiuso,HTML+PDF,https://id.accademiadellacrusca.org/File/Download?code=77d293ee-ec5a-4b8b-a4af-34b651afb680,Non | abbiamo | (o non | facciamo | ?) | difficoltà | a rispondervi! | Vittorio Coletti | Pagine | 114-115 - | PDF
29226,https://id.accademiadellacrusca.org/articoli/dubbi-da-asporto/29226,dubbi-da-asporto,Dubbi da asporto,Consulenza linguistica,CONSULENZA LINGUISTICA,True,False,"XXIX, 2024/2 (aprile-giugno)",28186,chiuso,HTML+PDF,https://id.accademiadellacrusca.org/File/Download?code=3e106de5-afd2-427f-8156-1101e3004a61,Dubbi | da asporto | Ilaria Bonomi | Pagine | 116-117 - | PDF
29228,https://id.accademiadellacrusca.org/articoli/enclave-ed-exclave/29228,enclave-ed-exclave,Enclave ed exclave,Consulenza linguistica,CONSULENZA LINGUISTICA,True,False,"XXIX, 2024/2 (aprile-giugno)",28186,chiuso,HTML+PDF,https://id.accademiadellacrusca.org/File/Download?code=8ec099b7-c47c-4bfc-b29f-4ed8f21cef4b,Enclave | ed | exclave | Lorenzo Tomasin | Pagine | 118-119 - | PDF
29232,https://id.accademiadellacrusca.org/articoli/busta-sacchetto-borsa-della-spesa-o-shopper/29232,busta-sacchetto-borsa-della-spesa-o-shopper,"Busta , sacchetto , borsa della spesa ... o shopper ?",Consulenza linguistica,CONSULENZA LINGUISTICA,True,False,"XXIX, 2024/2 (aprile-giugno)",28186,chiuso,HTML+PDF,https://id.accademiadellacrusca.org/File/Download?code=32f83ed5-2b45-4f01-a0da-eaddf678edcc,"Busta | , | sacchetto | , | borsa della spesa | ... o | shopper | ? | Miriam Di Carlo | Pagine | 120-127 - | PDF"
29233,https://id.accademiadellacrusca.org/articoli/una-sudata-risposta/29233,una-sudata-risposta,Una sudata risposta?,Consulenza linguistica,CONSULENZA LINGUISTICA,True,False,"XXIX, 2024/2 (aprile-giugno)",28186,chiuso,HTML+PDF,https://id.accademiadellacrusca.org/File/Download?code=acc85e1f-a9af-4c88-8464-92d2ebbaed3a,Una | sudata | risposta? | Cristiana De Santis | Pagine | 128-129 - | PDF
30234,https://id.accademiadellacrusca.org/articoli/la-deplastificazione--auspicabile/30234,la-deplastificazione--auspicabile,La deplastificazione è auspicabile,Consulenza linguistica,CONSULENZA LINGUISTICA,True,False,"XXIX, 2024/2 (aprile-giugno)",28186,chiuso,HTML+PDF,https://id.accademiadellacrusca.org/File/Download?code=d816f001-8b28-4cc7-8245-6f248760c31f,La | deplastificazione | è auspicabile | Edoardo Lombardi Vallauri | Pagine | 130-131 - | PDF
30235,https://id.accademiadellacrusca.org/articoli/un-segno-impercettibile-o-impercttile/30235,un-segno-impercettibile-o-impercttile,"Un segno impercettibile , o ( im ) percèttile ?",Consulenza linguistica,CONSULENZA LINGUISTICA,True,False,"XXIX, 2024/2 (aprile-giugno)",28186,chiuso,HTML+PDF,https://id.accademiadellacrusca.org/File/Download?code=7f726b44-a9a4-4e79-abc2-ea3c0a020059,"Un segno | impercettibile | , o ( | im | ) | percèttile | ? | Riccardo Gualdo | Pagine | 132-135 - | PDF"
30236,https://id.accademiadellacrusca.org/articoli/accettazionista-o-accettatore-dubbi-allaccoglienza/30236,accettazionista-o-accettatore-dubbi-allaccoglienza,Accettazionista o accettatore ? Dubbi all’accoglienza,Consulenza linguistica,CONSULENZA LINGUISTICA,True,False,"XXIX, 2024/2 (aprile-giugno)",28186,chiuso,HTML+PDF,https://id.accademiadellacrusca.org/File/Download?code=e8887c58-36b5-4230-8d93-174b3e59be29,Accettazionista | o | accettatore | ? Dubbi all’accoglienza | Miriam Di Carlo | Pagine | 136-142 - | PDF
30237,https://id.accademiadellacrusca.org/articoli/i-nostri-padri-doverono-o-dovettero-lottare-per-la-libert/30237,i-nostri-padri-doverono-o-dovettero-lottare-per-la-libert,I nostri padri doverono o dovettero lottare per la libertà?,Consulenza linguistica,CONSULENZA LINGUISTICA,True,False,"XXIX, 2024/2 (aprile-giugno)",28186,chiuso,HTML+PDF,https://id.accademiadellacrusca.org/File/Download?code=a35ac8ea-e8d6-4ed9-a17a-93f5d24ab6fa,I nostri padri | doverono | o | dovettero | lottare per la libertà? | Pietro Trifone | Pagine | 143-144 - | PDF
30239,https://id.accademiadellacrusca.org/articoli/si-pu-dire-installativo/30239,si-pu-dire-installativo,Si può dire installativo ?,Consulenza linguistica,CONSULENZA LINGUISTICA,True,False,"XXIX, 2024/2 (aprile-giugno)",28186,chiuso,HTML+PDF,https://id.accademiadellacrusca.org/File/Download?code=7a24860e-7eec-4e62-a202-e5d54fb14fd6,Si può dire | installativo | ? | Laura Clemenzi | Pagine | 145-148 - | PDF
29220,https://id.accademiadellacrusca.org/articoli/degenero/29220,degenero,Degenero,Parole nuove,PAROLE NUOVE,False,True,"XXIX, 2024/2 (aprile-giugno)",28186,chiuso,HTML+PDF,https://id.accademiadellacrusca.org/File/Download?code=2fb3559f-03af-4dea-a953-11bb342785b3,Degenero | Anna M. Thornton | Pagine | 149-152 - | PDF
30233,https://id.accademiadellacrusca.org/articoli/su-sottone-e-sottona/30233,su-sottone-e-sottona,Su sottone (e sottona ),Parole nuove,PAROLE NUOVE,False,True,"XXIX, 2024/2 (aprile-giugno)",28186,chiuso,HTML+PDF,https://id.accademiadellacrusca.org/File/Download?code=9fe8f285-7e5a-4e52-b476-14c4db50b40e,Su | sottone | (e | sottona | ) | Luisa di Valvasone | Pagine | 153-158 - | PDF
30238,https://id.accademiadellacrusca.org/articoli/monopattinista/30238,monopattinista,Monopattinista,Parole nuove,PAROLE NUOVE,False,True,"XXIX, 2024/2 (aprile-giugno)",28186,chiuso,HTML+PDF,https://id.accademiadellacrusca.org/File/Download?code=9c25f9cc-1898-4499-8f94-7b84d691a156,Monopattinista | Miriam Di Carlo | Pagine | 159-163 - | PDF
29229,https://id.accademiadellacrusca.org/articoli/eclissi-o-eclisse/29229,eclissi-o-eclisse,Eclissi o eclisse ?,La Crusca rispose,LA CRUSCA RISPOSE,True,False,"XXIX, 2024/2 (aprile-giugno)",28186,chiuso,HTML+PDF,https://id.accademiadellacrusca.org/File/Download?code=7ef61dc1-5829-4918-9ff3-b4cb3cfcfa2e,Eclissi | o | eclisse | ? | Giuseppe Patota | Pagine | 164-165 - | PDF
29230,https://id.accademiadellacrusca.org/articoli/un-dubbio-scientifico-modellare-o-modellizzare/29230,un-dubbio-scientifico-modellare-o-modellizzare,"Un dubbio ""scientifico"": modellare o modellizzare ?",La Crusca rispose,LA CRUSCA RISPOSE,True,False,"XXIX, 2024/2 (aprile-giugno)",28186,chiuso,HTML+PDF,https://id.accademiadellacrusca.org/File/Download?code=315a5647-6b47-4847-b0cb-46019312d6ec,"Un dubbio ""scientifico"": | modellare | o | modellizzare | ? | Simona Cresti | Pagine | 166-169 - | PDF"
29231,https://id.accademiadellacrusca.org/articoli/si-rivela-la-presenza-di-una-sostanza-ma-se-ne-rileva-la-quantit-o-la-concentrazione/29231,si-rivela-la-presenza-di-una-sostanza-ma-se-ne-rileva-la-quantit-o-la-concentrazione,"Si rivela la presenza di una sostanza, ma se ne rileva la quantità o la concentrazione",La Crusca rispose,LA CRUSCA RISPOSE,True,False,"XXIX, 2024/2 (aprile-giugno)",28186,chiuso,HTML+PDF,https://id.accademiadellacrusca.org/File/Download?code=b04ce141-f7a4-48dc-aa36-c4b473b41403,"Si | rivela | la presenza di una sostanza, ma se ne | rileva | la quantità o la concentrazione | Laura Eliseo | Pagine | 170-171 - | PDF"
33375,https://id.accademiadellacrusca.org/articoli/scottona-e-scottone/33375,scottona-e-scottone,Scottona e scottone,Articoli,ARTICOLI,False,False,"XXIX, 2024/2 (aprile-giugno)",28186,chiuso,HTML+PDF,https://id.accademiadellacrusca.org/File/Download?code=65d0c2fe-ca16-41df-b721-25256f387740,Scottona | e | scottone | Massimo Bellina | Pagine | 172-195 - | PDF
28185,https://id.accademiadellacrusca.org/articoli/una-lingua-davvero-per-tutti-quella-del-diritto/28185,una-lingua-davvero-per-tutti-quella-del-diritto,Una lingua davvero per tutti (quella del diritto),Temi di discussione,TEMI DI DISCUSSIONE,False,False,"XXIX, 2024/2 (aprile-giugno)",28186,chiuso,HTML+PDF,https://id.accademiadellacrusca.org/File/Download?code=0638da8e-a676-4d6a-a1c6-22fe07ad36b7,Una lingua davvero per tutti (quella del diritto) | Federigo Bambi | Pagine | 196-200 - | PDF
28206,https://id.accademiadellacrusca.org/articoli/litaliano-musica-e-parole-per-le-nostre-orecchie/28206,litaliano-musica-e-parole-per-le-nostre-orecchie,L’italiano: musica (e parole) per le nostre orecchie,Temi di discussione,TEMI DI DISCUSSIONE,False,False,"XXIX, 2024/2 (aprile-giugno)",28186,chiuso,HTML+PDF,https://id.accademiadellacrusca.org/File/Download?code=2d86963c-4b32-4254-844f-d3de61bb494d,L’italiano: musica (e parole) per le nostre orecchie | Paolo D'Achille | Pagine | 201-203 - | PDF
29227,https://id.accademiadellacrusca.org/articoli/il-dialetto-in-televisione-ieri-e-oggi/29227,il-dialetto-in-televisione-ieri-e-oggi,Il dialetto in televisione ieri e oggi,Temi di discussione,TEMI DI DISCUSSIONE,False,False,"XXIX, 2024/2 (aprile-giugno)",28186,chiuso,HTML+PDF,https://id.accademiadellacrusca.org/File/Download?code=f676a328-f024-4bd5-9237-2606a94a1856,Il dialetto in televisione ieri e oggi | Gabriella Alfieri e Ilaria Bonomi | Pagine | 204-208 - | PDF
34427,https://id.accademiadellacrusca.org/articoli/notizie-dall-accademia/34427,notizie-dall-accademia,Notizie dall'Accademia,Notizie,NOTIZIE,False,False,"XXIX, 2024/2 (aprile-giugno)",28186,chiuso,HTML+PDF,https://id.accademiadellacrusca.org/File/Download?code=5a35f075-6a00-405c-b6c8-ebbee07bf92e,Notizie dall'Accademia | A cura del comitato di redazione | Pagine | 209-212 - | PDF
35432,https://id.accademiadellacrusca.org/articoli/bibliografia-della-consulenza-linguistica/35432,bibliografia-della-consulenza-linguistica,Bibliografia della Consulenza linguistica,Bibliografia,BIBLIOGRAFIA,False,False,"XXIX, 2024/2 (aprile-giugno)",28186,chiuso,HTML+PDF,https://id.accademiadellacrusca.org/File/Download?code=14b0af43-2704-4753-8fe6-50c26cd84910,Bibliografia della Consulenza linguistica | Pagine | 213-217 - | PDF
34431,https://id.accademiadellacrusca.org/articoli/editoriale-del-direttore/34431,editoriale-del-direttore,Editoriale del direttore,Editoriale,EDITORIALE,False,False,"XXVIII, 2024/1 (gennaio-marzo)",26086,chiuso,HTML+PDF,https://id.accademiadellacrusca.org/File/Download?code=b67a6eca-5efd-4efd-be42-f65b46c3776c,Editoriale del direttore | Marco Biffi | Pagine | 1-2 - | PDF
27140,https://id.accademiadellacrusca.org/articoli/prospiciente-un-latinismo-che-ci-mette-di-fronte-a-molti-quesiti/27140,prospiciente-un-latinismo-che-ci-mette-di-fronte-a-molti-quesiti,Prospiciente : un latinismo che ci mette di fronte a molti quesiti,Consulenza linguistica,CONSULENZA LINGUISTICA,True,False,"XXVIII, 2024/1 (gennaio-marzo)",26086,chiuso,HTML+PDF,https://id.accademiadellacrusca.org/File/Download?code=e8c1c5c2-d241-42c1-bfc9-d6161d78cd86,Prospiciente | : un latinismo che ci mette di fronte a molti quesiti | Raffaella Setti | Pagine | 3-5 - | PDF
27145,https://id.accademiadellacrusca.org/articoli/su-prendere-un-colpo/27145,su-prendere-un-colpo,Su prendere un colpo,Consulenza linguistica,CONSULENZA LINGUISTICA,True,False,"XXVIII, 2024/1 (gennaio-marzo)",26086,chiuso,HTML+PDF,https://id.accademiadellacrusca.org/File/Download?code=c03e95d4-1689-4658-824b-caf01a7315ee,Su | prendere un colpo | Cristiana De Santis | Pagine | 6 - | PDF
27149,https://id.accademiadellacrusca.org/articoli/le-idee-verdi-che-dormono-furiosamente-sono-incolori-o-incolore/27149,le-idee-verdi-che-dormono-furiosamente-sono-incolori-o-incolore,Le idee verdi che dormono furiosamente sono incolori o incolore ?,Consulenza linguistica,CONSULENZA LINGUISTICA,True,False,"XXVIII, 2024/1 (gennaio-marzo)",26086,chiuso,HTML+PDF,https://id.accademiadellacrusca.org/File/Download?code=2dc53ace-346c-4869-90ad-fc88a9b352f8,Le idee verdi che dormono furiosamente sono | incolori | o | incolore | ? | Anna M. Thornton | Pagine | 7-13 - | PDF
27150,https://id.accademiadellacrusca.org/articoli/rispondiamo-pedissequamente-alle-vostre-domande/27150,rispondiamo-pedissequamente-alle-vostre-domande,Rispondiamo pedissequamente alle vostre domande?,Consulenza linguistica,CONSULENZA LINGUISTICA,True,False,"XXVIII, 2024/1 (gennaio-marzo)",26086,chiuso,HTML+PDF,https://id.accademiadellacrusca.org/File/Download?code=7f3720ea-f32d-41b5-b5d3-48c7b768e391,Rispondiamo | pedissequamente | alle vostre domande? | Paolo D'Achille | Pagine | 14-16 - | PDF
27151,https://id.accademiadellacrusca.org/articoli/superlativi-poco-eccellenti/27151,superlativi-poco-eccellenti,Superlativi poco eccellenti,Consulenza linguistica,CONSULENZA LINGUISTICA,True,False,"XXVIII, 2024/1 (gennaio-marzo)",26086,chiuso,HTML+PDF,https://id.accademiadellacrusca.org/File/Download?code=d9337f17-5aaf-4680-a242-312516b24cf1,Superlativi poco | eccellenti | Ilaria Bonomi | Pagine | 17-19 - | PDF
27152,https://id.accademiadellacrusca.org/articoli/monumentalistica-monumentalizzare-monumentalizzazione/27152,monumentalistica-monumentalizzare-monumentalizzazione,"Monumentalistica , monumentalizzare , monumentalizzazione",Consulenza linguistica,CONSULENZA LINGUISTICA,True,False,"XXVIII, 2024/1 (gennaio-marzo)",26086,chiuso,HTML+PDF,https://id.accademiadellacrusca.org/File/Download?code=d7ce142e-1b65-4d5b-b40a-1427a9081d1f,"Monumentalistica | , | monumentalizzare | , | monumentalizzazione | Claudio Iacobini e Mikaela Cordisco | Pagine | 20-22 - | PDF"
27153,https://id.accademiadellacrusca.org/articoli/corretemi-in-aiuto-per-mettermi-in-salvo/27153,corretemi-in-aiuto-per-mettermi-in-salvo,Corretemi in aiuto per mettermi in salvo,Consulenza linguistica,CONSULENZA LINGUISTICA,True,False,"XXVIII, 2024/1 (gennaio-marzo)",26086,chiuso,HTML+PDF,https://id.accademiadellacrusca.org/File/Download?code=b2cadc70-6c54-4bf4-93cf-4f332c86153d,Corretemi in aiuto | per | mettermi in salvo | Cristiana De Santis | Pagine | 23 - | PDF
27154,https://id.accademiadellacrusca.org/articoli/si-dice-conduzione-o-condotta-del-pallone/27154,si-dice-conduzione-o-condotta-del-pallone,Si dice conduzione o condotta del pallone ?,Consulenza linguistica,CONSULENZA LINGUISTICA,True,False,"XXVIII, 2024/1 (gennaio-marzo)",26086,chiuso,HTML+PDF,https://id.accademiadellacrusca.org/File/Download?code=de0edbf9-a7c4-402e-b998-45b5913ed102,Si dice | conduzione | o | condotta del pallone | ? | Andrea Riga | Pagine | 24-26 - | PDF
27155,https://id.accademiadellacrusca.org/articoli/caspo-cespo-o-cesto-di-insalata/27155,caspo-cespo-o-cesto-di-insalata,"Caspo , cespo o cesto di insalata?",Consulenza linguistica,CONSULENZA LINGUISTICA,True,False,"XXVIII, 2024/1 (gennaio-marzo)",26086,chiuso,HTML+PDF,https://id.accademiadellacrusca.org/File/Download?code=5a0c42e0-4cec-4760-b16e-d9d9ddda01f6,"Caspo | , | cespo | o | cesto | di insalata? | Marzia Caria | Pagine | 27-33 - | PDF"
27156,https://id.accademiadellacrusca.org/articoli/il-problema-di-prendere-un-granchio/27156,il-problema-di-prendere-un-granchio,Il problema di prendere un granchio,Consulenza linguistica,CONSULENZA LINGUISTICA,True,False,"XXVIII, 2024/1 (gennaio-marzo)",26086,chiuso,HTML+PDF,https://id.accademiadellacrusca.org/File/Download?code=6af12731-06bd-4ed8-a822-33b64569916c,Il problema di | prendere un granchio | Alessandro Parenti | Pagine | 34-37 - | PDF
27157,https://id.accademiadellacrusca.org/articoli/sdigiunino/27157,sdigiunino,Sdigiunino,Consulenza linguistica,CONSULENZA LINGUISTICA,True,False,"XXVIII, 2024/1 (gennaio-marzo)",26086,chiuso,HTML+PDF,https://id.accademiadellacrusca.org/File/Download?code=52a8585a-4ed1-4838-85d1-f37f5b30c761,Sdigiunino | Miriam Di Carlo | Pagine | 38-41 - | PDF
27158,https://id.accademiadellacrusca.org/articoli/chi--e-da-dove-viene-lo-scappato-di-casa/27158,chi--e-da-dove-viene-lo-scappato-di-casa,Chi è e da dove viene lo scappato di casa ?,Consulenza linguistica,CONSULENZA LINGUISTICA,True,False,"XXVIII, 2024/1 (gennaio-marzo)",26086,chiuso,HTML+PDF,https://id.accademiadellacrusca.org/File/Download?code=ba80710c-8f45-4d2e-9ec6-bf83a943f550,Chi è e da dove viene lo | scappato di casa | ? | Andrea Riga | Pagine | 42-45 - | PDF
27159,https://id.accademiadellacrusca.org/articoli/i-razionali/27159,i-razionali,I razionali,Consulenza linguistica,CONSULENZA LINGUISTICA,True,False,"XXVIII, 2024/1 (gennaio-marzo)",26086,chiuso,HTML+PDF,https://id.accademiadellacrusca.org/File/Download?code=0634a4bf-c9c3-42fe-9023-4ee71443bf7e,I razionali | Stefano Ondelli | Pagine | 46-48 - | PDF
27161,https://id.accademiadellacrusca.org/articoli/vuole-altro-altro-su-una-risposta-possibile-a-firenze-e-dintorni/27161,vuole-altro-altro-su-una-risposta-possibile-a-firenze-e-dintorni,“Vuole altro?” “ Altro! ” Su una risposta possibile a Firenze e dintorni,Consulenza linguistica,CONSULENZA LINGUISTICA,True,False,"XXVIII, 2024/1 (gennaio-marzo)",26086,chiuso,HTML+PDF,https://id.accademiadellacrusca.org/File/Download?code=1bcc374f-280b-4c52-8e10-b9bfd827ab76,“Vuole altro?” “ | Altro! | ” Su una risposta possibile a Firenze e dintorni | Neri Binazzi | Pagine | 49-52 - | PDF
27162,https://id.accademiadellacrusca.org/articoli/adultit/27162,adultit,Adultità,Consulenza linguistica,CONSULENZA LINGUISTICA,True,False,"XXVIII, 2024/1 (gennaio-marzo)",26086,chiuso,HTML+PDF,https://id.accademiadellacrusca.org/File/Download?code=5006dead-2f2d-48e3-a8db-d816508a894e,Adultità | Franz Rainer | Pagine | 53-54 - | PDF
27163,https://id.accademiadellacrusca.org/articoli/suisufficiente/27163,suisufficiente,Suisufficiente,Consulenza linguistica,CONSULENZA LINGUISTICA,True,False,"XXVIII, 2024/1 (gennaio-marzo)",26086,chiuso,HTML+PDF,https://id.accademiadellacrusca.org/File/Download?code=0489eb46-060f-472b-98bc-a1656a9e4a8f,Suisufficiente | Valeria Della Valle | Pagine | 55 - | PDF
27164,https://id.accademiadellacrusca.org/articoli/parodizzare-e-parodizzazione/27164,parodizzare-e-parodizzazione,Parodizzare e parodizzazione,Consulenza linguistica,CONSULENZA LINGUISTICA,True,False,"XXVIII, 2024/1 (gennaio-marzo)",26086,chiuso,HTML+PDF,https://id.accademiadellacrusca.org/File/Download?code=5f934888-6dba-46ce-a1f0-86aeebb118b1,Parodizzare | e | parodizzazione | Claudia Tarallo | Pagine | 56-59 - | PDF
28164,https://id.accademiadellacrusca.org/articoli/buttare-il-ferro-a-fondo-lasciare-perdere-oppure-no/28164,buttare-il-ferro-a-fondo-lasciare-perdere-oppure-no,Buttare il ferro a fondo : lasciare perdere oppure no?,Consulenza linguistica,CONSULENZA LINGUISTICA,True,False,"XXVIII, 2024/1 (gennaio-marzo)",26086,chiuso,HTML+PDF,https://id.accademiadellacrusca.org/File/Download?code=dc594db7-ef24-4887-afc6-453bc47b1c0c,Buttare il ferro a fondo | : lasciare perdere oppure no? | Paolo Rondinelli | Pagine | 60-62 - | PDF
28165,https://id.accademiadellacrusca.org/articoli/stiloso-un-aggettivo-di-moda/28165,stiloso-un-aggettivo-di-moda,"Stiloso , un aggettivo di moda",Consulenza linguistica,CONSULENZA LINGUISTICA,True,False,"XXVIII, 2024/1 (gennaio-marzo)",26086,chiuso,HTML+PDF,https://id.accademiadellacrusca.org/File/Download?code=4826826e-4c38-43d9-ab9c-5c2f6ec4ac8e,"Stiloso | , un aggettivo di moda | Lorenzo Coveri | Pagine | 63-67 - | PDF"
28167,https://id.accademiadellacrusca.org/articoli/discalculia-discalculico-discalculo/28167,discalculia-discalculico-discalculo,"Discalculia, discalculico, discalculo",Consulenza linguistica,CONSULENZA LINGUISTICA,True,False,"XXVIII, 2024/1 (gennaio-marzo)",26086,chiuso,HTML+PDF,https://id.accademiadellacrusca.org/File/Download?code=4bc7b006-067c-4916-abc5-03fb76b2bd3a,"Discalculia, discalculico, discalculo | Valeria Della Valle | Pagine | 68 - | PDF"
28168,https://id.accademiadellacrusca.org/articoli/sui-trigrammi/28168,sui-trigrammi,Sui trigrammi,Consulenza linguistica,CONSULENZA LINGUISTICA,True,False,"XXVIII, 2024/1 (gennaio-marzo)",26086,chiuso,HTML+PDF,https://id.accademiadellacrusca.org/File/Download?code=3490388e-6013-4009-9fda-1a41eb44105c,Sui trigrammi | Anna M. Thornton | Pagine | 69-70 - | PDF
28169,https://id.accademiadellacrusca.org/articoli/se-la-montagna-non-va-da-maometto/28169,se-la-montagna-non-va-da-maometto,Se la montagna non va da Maometto…,Consulenza linguistica,CONSULENZA LINGUISTICA,True,False,"XXVIII, 2024/1 (gennaio-marzo)",26086,chiuso,HTML+PDF,https://id.accademiadellacrusca.org/File/Download?code=0490b743-3402-481b-ac57-fa4b9cd90df7,Se la montagna non va da Maometto… | Paolo Rondinelli | Pagine | 71-75 - | PDF
28170,https://id.accademiadellacrusca.org/articoli/vada-o-vadi/28170,vada-o-vadi,Vada o vadi ?,Consulenza linguistica,CONSULENZA LINGUISTICA,True,False,"XXVIII, 2024/1 (gennaio-marzo)",26086,chiuso,HTML+PDF,https://id.accademiadellacrusca.org/File/Download?code=193949c7-2ae1-44ee-92fc-f390b71c6818,Vada | o | vadi | ? | Pietro Trifone | Pagine | 76-77 - | PDF
28171,https://id.accademiadellacrusca.org/articoli/due-lessemi-complessi-attraverso-il-tempo-sullorigine-di-mandare-a-monte-e-fare-il-punto/28171,due-lessemi-complessi-attraverso-il-tempo-sullorigine-di-mandare-a-monte-e-fare-il-punto,Due lessemi complessi attraverso il tempo: sull’origine di mandare a monte e fare il punto,Consulenza linguistica,CONSULENZA LINGUISTICA,True,False,"XXVIII, 2024/1 (gennaio-marzo)",26086,chiuso,HTML+PDF,https://id.accademiadellacrusca.org/File/Download?code=965873ad-4cc6-49dc-abf2-90915aa8cc13,Due lessemi complessi attraverso il tempo: sull’origine di | mandare a monte | e | fare il punto | Matteo Agolini | Pagine | 78-83 - | PDF
28173,https://id.accademiadellacrusca.org/articoli/scrutare-e-scrutinare/28173,scrutare-e-scrutinare,Scrutare e scrutinare,Consulenza linguistica,CONSULENZA LINGUISTICA,True,False,"XXVIII, 2024/1 (gennaio-marzo)",26086,chiuso,HTML+PDF,https://id.accademiadellacrusca.org/File/Download?code=673c6f34-e125-40cb-9af9-88f05b7c25c9,Scrutare | e | scrutinare | Cesáreo Calvo Rigual | Pagine | 84-87 - | PDF
28174,https://id.accademiadellacrusca.org/articoli/un-cuscino-antisffoco/28174,un-cuscino-antisffoco,Un cuscino antisòffoco ?,Consulenza linguistica,CONSULENZA LINGUISTICA,True,False,"XXVIII, 2024/1 (gennaio-marzo)",26086,chiuso,HTML+PDF,https://id.accademiadellacrusca.org/File/Download?code=ff825169-1611-42c0-ab97-da0b229ced06,Un cuscino | antisòffoco | ? | Miriam Di Carlo | Pagine | 88-92 - | PDF
28175,https://id.accademiadellacrusca.org/articoli/iconosofia-la-visione-dellinvisibile/28175,iconosofia-la-visione-dellinvisibile,Iconosofia . La visione dell’invisibile,Consulenza linguistica,CONSULENZA LINGUISTICA,True,False,"XXVIII, 2024/1 (gennaio-marzo)",26086,chiuso,HTML+PDF,https://id.accademiadellacrusca.org/File/Download?code=d0ee0a72-82ef-487f-ae26-1c36d7dbe928,Iconosofia | . La visione dell’invisibile | Mariella Canzani | Pagine | 93-96 - | PDF
28176,https://id.accademiadellacrusca.org/articoli/inficiare/28176,inficiare,Inficiare,Consulenza linguistica,CONSULENZA LINGUISTICA,True,False,"XXVIII, 2024/1 (gennaio-marzo)",26086,chiuso,HTML+PDF,https://id.accademiadellacrusca.org/File/Download?code=dbc6b898-4e1d-4cff-bc08-cdde007425eb,Inficiare | Stefano Ondelli | Pagine | 97-99 - | PDF
28177,https://id.accademiadellacrusca.org/articoli/sullorigine-delle-espressioni-farsene-una-ragione-e-mettersela-via/28177,sullorigine-delle-espressioni-farsene-una-ragione-e-mettersela-via,Sull’origine delle espressioni farsene una ragione e mettersela via,Consulenza linguistica,CONSULENZA LINGUISTICA,True,False,"XXVIII, 2024/1 (gennaio-marzo)",26086,chiuso,HTML+PDF,https://id.accademiadellacrusca.org/File/Download?code=f09245a8-204a-4354-a424-1a804995b1d7,Sull’origine delle espressioni | farsene una ragione | e | mettersela via | Sara Giovine | Pagine | 100-105 - | PDF
28178,https://id.accademiadellacrusca.org/articoli/pro-capite-cio-a-testa/28178,pro-capite-cio-a-testa,"Pro capite , cioè ‘a testa’",Consulenza linguistica,CONSULENZA LINGUISTICA,True,False,"XXVIII, 2024/1 (gennaio-marzo)",26086,chiuso,HTML+PDF,https://id.accademiadellacrusca.org/File/Download?code=bb464ab1-4f83-4aef-a4c6-2e27eae12e18,"Pro capite | , cioè ‘a testa’ | Franz Rainer | Pagine | 106-109 - | PDF"
28179,https://id.accademiadellacrusca.org/articoli/quando-i-sensi-confondono-i-significati-fragrante-e-croccante-sono-sinonimi/28179,quando-i-sensi-confondono-i-significati-fragrante-e-croccante-sono-sinonimi,Quando i sensi confondono i significati: fragrante e croccante sono sinonimi?,Consulenza linguistica,CONSULENZA LINGUISTICA,True,False,"XXVIII, 2024/1 (gennaio-marzo)",26086,chiuso,HTML+PDF,https://id.accademiadellacrusca.org/File/Download?code=be6025a3-550d-4584-9e62-3e57c351dbd1,Quando i sensi confondono i significati: | fragrante | e | croccante | sono sinonimi? | Raffaella Setti | Pagine | 110-114 - | PDF
28180,https://id.accademiadellacrusca.org/articoli/filo-e-filo/28180,filo-e-filo,Filo- e -filo,Consulenza linguistica,CONSULENZA LINGUISTICA,True,False,"XXVIII, 2024/1 (gennaio-marzo)",26086,chiuso,HTML+PDF,https://id.accademiadellacrusca.org/File/Download?code=a1c7b8cb-47fe-448e-8f25-8c2392744ac0,Filo- | e | -filo | Maria Silvia Rati | Pagine | 115-118 - | PDF
28181,https://id.accademiadellacrusca.org/articoli/si-possono-avere-molti-pochi-o-molto-pochi-dubbi-di-grammatica-ma-non-molti-pochi/28181,si-possono-avere-molti-pochi-o-molto-pochi-dubbi-di-grammatica-ma-non-molti-pochi,"Si possono avere molti, pochi o molto pochi dubbi di grammatica, ma non molti pochi !",Consulenza linguistica,CONSULENZA LINGUISTICA,True,False,"XXVIII, 2024/1 (gennaio-marzo)",26086,chiuso,HTML+PDF,https://id.accademiadellacrusca.org/File/Download?code=67b393cf-8155-43f5-91d2-b8f7ad458c3a,"Si possono avere molti, pochi o | molto pochi | dubbi di grammatica, ma non | molti pochi | ! | Ilaria Bonomi | Pagine | 119-120 - | PDF"
28182,https://id.accademiadellacrusca.org/articoli/un-campione-neoclassico-specimen/28182,un-campione-neoclassico-specimen,Un “campione” neoclassico: specimen,Consulenza linguistica,CONSULENZA LINGUISTICA,True,False,"XXVIII, 2024/1 (gennaio-marzo)",26086,chiuso,HTML+PDF,https://id.accademiadellacrusca.org/File/Download?code=b2280e2b-df5e-461b-97d6-3be9603b2c93,Un “campione” neoclassico: specimen | Riccardo Gualdo | Pagine | 121-124 - | PDF
28183,https://id.accademiadellacrusca.org/articoli/utile-idiota/28183,utile-idiota,Utile idiota,Consulenza linguistica,CONSULENZA LINGUISTICA,True,False,"XXVIII, 2024/1 (gennaio-marzo)",26086,chiuso,HTML+PDF,https://id.accademiadellacrusca.org/File/Download?code=9b52e0ae-22e2-497b-bc59-86175e75533a,Utile idiota | Massimo Fanfani | Pagine | 125 - | PDF
28184,https://id.accademiadellacrusca.org/articoli/voci-di-pace/28184,voci-di-pace,Voci di pace,Consulenza linguistica,CONSULENZA LINGUISTICA,True,False,"XXVIII, 2024/1 (gennaio-marzo)",26086,chiuso,HTML+PDF,https://id.accademiadellacrusca.org/File/Download?code=dcf5b0e3-5577-49b9-81dc-5124c337908e,Voci di | pace | Cristiana De Santis | Pagine | 126-128 - | PDF
28166,https://id.accademiadellacrusca.org/articoli/agrivoltaico/28166,agrivoltaico,Agrivoltaico,Parole nuove,PAROLE NUOVE,False,True,"XXVIII, 2024/1 (gennaio-marzo)",26086,chiuso,HTML+PDF,https://id.accademiadellacrusca.org/File/Download?code=190ff8b8-f73a-4970-b30d-e7af7c9d2fca,Agrivoltaico | Francesca Maltagliati | Pagine | 129-134 - | PDF
28196,https://id.accademiadellacrusca.org/articoli/turistificazione/28196,turistificazione,Turistificazione,Parole nuove,PAROLE NUOVE,False,True,"XXVIII, 2024/1 (gennaio-marzo)",26086,chiuso,HTML+PDF,https://id.accademiadellacrusca.org/File/Download?code=5c618ab2-fd26-48a0-b25d-4123b4e23713,Turistificazione | Miriam Di Carlo | Pagine | 135-141 - | PDF
28212,https://id.accademiadellacrusca.org/articoli/autosvezzamento/28212,autosvezzamento,Autosvezzamento,Parole nuove,PAROLE NUOVE,False,True,"XXVIII, 2024/1 (gennaio-marzo)",26086,chiuso,HTML+PDF,https://id.accademiadellacrusca.org/File/Download?code=53eb44ae-6b02-47a5-9271-bca4b7dc5ff8,Autosvezzamento | Miriam Di Carlo | Pagine | 142-149 - | PDF
28188,https://id.accademiadellacrusca.org/articoli/si-pu-sostenere-lendorsement/28188,si-pu-sostenere-lendorsement,Si può sostenere l’ endorsement ?,La Crusca rispose,LA CRUSCA RISPOSE,True,False,"XXVIII, 2024/1 (gennaio-marzo)",26086,chiuso,HTML+PDF,https://id.accademiadellacrusca.org/File/Download?code=6f9b7f15-30a2-42a8-bb18-a91567e425c7,Si può sostenere l’ | endorsement | ? | Valeria Della Valle | Pagine | 150-151 - | PDF
28189,https://id.accademiadellacrusca.org/articoli/che-cosa-indica-e-come-si-traduce-la-parola-inglese-whistleblower/28189,che-cosa-indica-e-come-si-traduce-la-parola-inglese-whistleblower,Che cosa indica e come si traduce la parola inglese whistleblower ?,La Crusca rispose,LA CRUSCA RISPOSE,True,False,"XXVIII, 2024/1 (gennaio-marzo)",26086,chiuso,HTML+PDF,https://id.accademiadellacrusca.org/File/Download?code=6053390f-fbdc-43fc-8364-b4ef717a8bba,Che cosa indica e come si traduce la parola inglese | whistleblower | ? | Cristina Torchia | Pagine | 152-156 - | PDF
28190,https://id.accademiadellacrusca.org/articoli/l-importante--essere-della-partita/28190,l-importante--essere-della-partita,L'importante è essere della partita,La Crusca rispose,LA CRUSCA RISPOSE,True,False,"XXVIII, 2024/1 (gennaio-marzo)",26086,chiuso,HTML+PDF,https://id.accademiadellacrusca.org/File/Download?code=84c4e69e-e33f-4c26-a9a4-2ca085ca7600,L'importante è | essere della partita | Claudio Giovanardi | Pagine | 157 - | PDF
27136,https://id.accademiadellacrusca.org/articoli/in-margine-a-unestate-tra-le-voci-dialettali-nelle-carte-dellais/27136,in-margine-a-unestate-tra-le-voci-dialettali-nelle-carte-dellais,In margine a: Un’estate tra le voci dialettali nelle carte dell’AIS,Temi di discussione,TEMI DI DISCUSSIONE,False,False,"XXVIII, 2024/1 (gennaio-marzo)",26086,chiuso,HTML+PDF,https://id.accademiadellacrusca.org/File/Download?code=6b943697-b48a-4454-9983-468426a0d32f,In margine a: | Un’estate tra le voci dialettali nelle carte dell’AIS | Annalisa Nesi | Pagine | 158-161 - | PDF
27160,https://id.accademiadellacrusca.org/articoli/riflessioni-su-alcune-particolarit-dellitaliano-di-oggi-il-cambiamento-non-investe-solo-la-lingua-ma/27160,riflessioni-su-alcune-particolarit-dellitaliano-di-oggi-il-cambiamento-non-investe-solo-la-lingua-ma,"Riflessioni su alcune particolarità dell’italiano di oggi: il cambiamento non investe solo la lingua, ma anche la lingua",Temi di discussione,TEMI DI DISCUSSIONE,False,False,"XXVIII, 2024/1 (gennaio-marzo)",26086,chiuso,HTML+PDF,https://id.accademiadellacrusca.org/File/Download?code=c9034969-9fbb-45af-bc1b-d2e8da4291a5,"Riflessioni su alcune particolarità dell’italiano di oggi: il cambiamento non investe solo la lingua, ma anche la lingua | Paolo D'Achille | Pagine | 162-165 - | PDF"
28172,https://id.accademiadellacrusca.org/articoli/marco-polo-litaliano-reso-famoso-dalle-traduzioni/28172,marco-polo-litaliano-reso-famoso-dalle-traduzioni,"Marco Polo, l’italiano reso famoso… dalle traduzioni",Temi di discussione,TEMI DI DISCUSSIONE,False,False,"XXVIII, 2024/1 (gennaio-marzo)",26086,chiuso,HTML+PDF,https://id.accademiadellacrusca.org/File/Download?code=da218efe-6d25-406d-af0a-b5b6773684c8,"Marco Polo, l’italiano reso famoso… dalle traduzioni | Lorenzo Tomasin | Pagine | 166-168 - | PDF"
28211,https://id.accademiadellacrusca.org/articoli/la-fortuna-commerciale-dei-suffissati-in-eria-nellitaliano-contemporaneo/28211,la-fortuna-commerciale-dei-suffissati-in-eria-nellitaliano-contemporaneo,La fortuna (commerciale) dei suffissati in -eria nell’italiano contemporaneo,Articoli,ARTICOLI,False,False,"XXVIII, 2024/1 (gennaio-marzo)",26086,chiuso,HTML+PDF,https://id.accademiadellacrusca.org/File/Download?code=eaf80055-f248-42cd-948d-2dbd01b0243f,La fortuna (commerciale) dei suffissati in | -eria | nell’italiano contemporaneo | Sara Giovine | Pagine | 169-180 - | PDF
28208,https://id.accademiadellacrusca.org/articoli/discorso-del-presidente-dellaccademia-della-crusca-paolo-dachille-in-occasione-della-cerimonia-per-l/28208,discorso-del-presidente-dellaccademia-della-crusca-paolo-dachille-in-occasione-della-cerimonia-per-l,"Discorso del Presidente dell’Accademia della Crusca Paolo D’Achille in occasione della cerimonia per lo scoprimento della lapide dedicata a Pietro Bembo (Roma, 18 gennaio 2024)",Incontri e tornate,INCONTRI E TORNATE,False,False,"XXVIII, 2024/1 (gennaio-marzo)",26086,chiuso,HTML+PDF,https://id.accademiadellacrusca.org/File/Download?code=acf745a9-9f9d-47b2-be25-2f519c905b25,"Discorso del Presidente dell’Accademia della Crusca Paolo D’Achille in occasione della cerimonia per lo scoprimento della lapide dedicata a Pietro Bembo (Roma, 18 gennaio 2024) | Paolo D'Achille | Pagine | 181-182 - | PDF"
28209,https://id.accademiadellacrusca.org/articoli/lultima-dimora-di-pietro-bembo-per-la-lapide-posta-il-18-gennaio-2024-in-palazzo-baldassini-a-roma/28209,lultima-dimora-di-pietro-bembo-per-la-lapide-posta-il-18-gennaio-2024-in-palazzo-baldassini-a-roma,L’ultima dimora di Pietro Bembo. Per la lapide posta il 18 gennaio 2024 in Palazzo Baldassini a Roma,Incontri e tornate,INCONTRI E TORNATE,False,False,"XXVIII, 2024/1 (gennaio-marzo)",26086,chiuso,HTML+PDF,https://id.accademiadellacrusca.org/File/Download?code=8dd98bf7-4c16-4036-ad24-1e04950a4c2c,L’ultima dimora di Pietro Bembo. Per la lapide posta il 18 gennaio 2024 in Palazzo Baldassini a Roma | Claudio Marazzini | Pagine | 183-189 - | PDF
28210,https://id.accademiadellacrusca.org/articoli/pietro-bembo-e-roma-pietro-bembo-a-roma/28210,pietro-bembo-e-roma-pietro-bembo-a-roma,"Pietro Bembo e Roma, Pietro Bembo a Roma",Incontri e tornate,INCONTRI E TORNATE,False,False,"XXVIII, 2024/1 (gennaio-marzo)",26086,chiuso,HTML+PDF,https://id.accademiadellacrusca.org/File/Download?code=2528f542-ccb4-45f4-9bd9-709582674c59,"Pietro Bembo e Roma, Pietro Bembo a Roma | Giuseppe Patota | Pagine | 190-193 - | PDF"
34426,https://id.accademiadellacrusca.org/articoli/notizie-dall-accademia/34426,notizie-dall-accademia,Notizie dall'Accademia,Notizie,NOTIZIE,False,False,"XXVIII, 2024/1 (gennaio-marzo)",26086,chiuso,HTML+PDF,https://id.accademiadellacrusca.org/File/Download?code=510d06a6-9399-420b-a8ea-8b69f8be65bf,Notizie dall'Accademia | A cura del comitato di redazione | Pagine | 194-196 - | PDF
27139,https://id.accademiadellacrusca.org/articoli/bibliografia-della-consulenza-linguistica/27139,bibliografia-della-consulenza-linguistica,Bibliografia della Consulenza linguistica,Bibliografia,BIBLIOGRAFIA,False,False,"XXVIII, 2024/1 (gennaio-marzo)",26086,chiuso,HTML+PDF,https://id.accademiadellacrusca.org/File/Download?code=19957a37-86d7-4412-a576-8781e2a9dc6d,Bibliografia della Consulenza linguistica | Pagine | 197-201 - | PDF
34428,https://id.accademiadellacrusca.org/articoli/editoriale-del-direttore/34428,editoriale-del-direttore,Editoriale del direttore,Editoriale,EDITORIALE,False,False,"XXVII, 2023/4 (ottobre-dicembre)",26081,chiuso,HTML+PDF,https://id.accademiadellacrusca.org/File/Download?code=1f9627e0-d83e-498b-bcfa-ad5726908321,Editoriale del direttore | Marco Biffi | Pagine | 1-2 - | PDF
26085,https://id.accademiadellacrusca.org/articoli/stormo/26085,stormo,Stormo,Consulenza linguistica,CONSULENZA LINGUISTICA,True,False,"XXVII, 2023/4 (ottobre-dicembre)",26081,chiuso,HTML+PDF,https://id.accademiadellacrusca.org/File/Download?code=12bf1618-4244-4132-bcb7-985d2a978ce9,Stormo | Manuela Manfredini | Pagine | 3-4 - | PDF
26087,https://id.accademiadellacrusca.org/articoli/mappa-cartina-o-carta/26087,mappa-cartina-o-carta,"Mappa , cartina o carta ?",Consulenza linguistica,CONSULENZA LINGUISTICA,True,False,"XXVII, 2023/4 (ottobre-dicembre)",26081,chiuso,HTML+PDF,https://id.accademiadellacrusca.org/File/Download?code=92cd60c5-9214-4219-99d6-e6c06956d305,"Mappa | , | cartina | o | carta | ? | Miriam Di Carlo | Pagine | 5-10 - | PDF"
26088,https://id.accademiadellacrusca.org/articoli/pesticida-fitofarmaco-e-agrofarmaco/26088,pesticida-fitofarmaco-e-agrofarmaco,"Pesticida , fitofarmaco e agrofarmaco",Consulenza linguistica,CONSULENZA LINGUISTICA,True,False,"XXVII, 2023/4 (ottobre-dicembre)",26081,chiuso,HTML+PDF,https://id.accademiadellacrusca.org/File/Download?code=2d4a6210-ede5-4a1f-bcef-70a1767457c4,"Pesticida | , | fitofarmaco | e | agrofarmaco | Carla Marello | Pagine | 11-12 - | PDF"
26090,https://id.accademiadellacrusca.org/articoli/ha-da-molto-che-o--da-molto-che/26090,ha-da-molto-che-o--da-molto-che,Ha da molto che … o è da molto che…?,Consulenza linguistica,CONSULENZA LINGUISTICA,True,False,"XXVII, 2023/4 (ottobre-dicembre)",26081,chiuso,HTML+PDF,https://id.accademiadellacrusca.org/File/Download?code=f114a74b-9d69-4f0a-8dd1-b379b466367f,Ha da molto che | … o | è da molto | che…? | Giovanni Ruffino | Pagine | 13 - | PDF
26092,https://id.accademiadellacrusca.org/articoli/errore-di-sbaglio/26092,errore-di-sbaglio,Errore di sbaglio,Consulenza linguistica,CONSULENZA LINGUISTICA,True,False,"XXVII, 2023/4 (ottobre-dicembre)",26081,chiuso,HTML+PDF,https://id.accademiadellacrusca.org/File/Download?code=5b80e90a-b0bd-41d7-b9c9-b04b28870ed1,Errore di sbaglio | Manuela Manfredini | Pagine | 14-15 - | PDF
26093,https://id.accademiadellacrusca.org/articoli/siamo-in-unepoca-di-bambini-adulti-e-adulti-bambini/26093,siamo-in-unepoca-di-bambini-adulti-e-adulti-bambini,Siamo in un’epoca di bambini-adulti e adulti-bambini,Consulenza linguistica,CONSULENZA LINGUISTICA,True,False,"XXVII, 2023/4 (ottobre-dicembre)",26081,chiuso,HTML+PDF,https://id.accademiadellacrusca.org/File/Download?code=f02e71f1-cf0d-424e-b9a9-4240bd9c839e,Siamo in un’epoca di | bambini-adulti | e | adulti-bambini | Miriam Di Carlo | Pagine | 16-23 - | PDF
26095,https://id.accademiadellacrusca.org/articoli/dai-aiutame-tramacar-larmadio-in-quela-camara--da-qui-che-si-deve-partire/26095,dai-aiutame-tramacar-larmadio-in-quela-camara--da-qui-che-si-deve-partire,"Dai, aiutame tramacar l’armadio in quela camara : è da qui che si deve partire?",Consulenza linguistica,CONSULENZA LINGUISTICA,True,False,"XXVII, 2023/4 (ottobre-dicembre)",26081,chiuso,HTML+PDF,https://id.accademiadellacrusca.org/File/Download?code=ea127c26-a42e-430e-bb02-6ef4391dc34f,"Dai, aiutame tramacar l’armadio in quela camara | : è da qui che si deve partire? | Annalisa Nesi | Pagine | 24-30 - | PDF"
26097,https://id.accademiadellacrusca.org/articoli/niccol-o-nicol/26097,niccol-o-nicol,Niccolò o Nicolò ?,Consulenza linguistica,CONSULENZA LINGUISTICA,True,False,"XXVII, 2023/4 (ottobre-dicembre)",26081,chiuso,HTML+PDF,https://id.accademiadellacrusca.org/File/Download?code=1dcc4e63-3c82-415b-94a3-34f2b3bbd857,Niccolò | o | Nicolò | ? | Enzo Caffarelli | Pagine | 31-32 - | PDF
26098,https://id.accademiadellacrusca.org/articoli/si-possono-capitalizzare-le-lettere/26098,si-possono-capitalizzare-le-lettere,Si possono capitalizzare le lettere?,Consulenza linguistica,CONSULENZA LINGUISTICA,True,False,"XXVII, 2023/4 (ottobre-dicembre)",26081,chiuso,HTML+PDF,https://id.accademiadellacrusca.org/File/Download?code=e40783cc-904d-488a-ba7f-3b4381586462,Si possono | capitalizzare | le lettere? | Claudio Marazzini | Pagine | 33-35 - | PDF
26099,https://id.accademiadellacrusca.org/articoli/auditare-audire-auditore/26099,auditare-audire-auditore,"Auditare , audire , auditore",Consulenza linguistica,CONSULENZA LINGUISTICA,True,False,"XXVII, 2023/4 (ottobre-dicembre)",26081,chiuso,HTML+PDF,https://id.accademiadellacrusca.org/File/Download?code=8e6be1bd-f020-4b14-9450-46d2bb6b8c9d,"Auditare | , | audire | , | auditore | Gianluca Lauta | Pagine | 36-37 - | PDF"
26100,https://id.accademiadellacrusca.org/articoli/ferramenta-parola-antica-usi-nuovi/26100,ferramenta-parola-antica-usi-nuovi,"Ferramenta : parola antica, usi nuovi",Consulenza linguistica,CONSULENZA LINGUISTICA,True,False,"XXVII, 2023/4 (ottobre-dicembre)",26081,chiuso,HTML+PDF,https://id.accademiadellacrusca.org/File/Download?code=d32298fb-3b57-4c6d-8571-19b0cefa56d6,"Ferramenta | : parola antica, usi nuovi | Ilaria Bonomi | Pagine | 38-41 - | PDF"
26101,https://id.accademiadellacrusca.org/articoli/cronotassi/26101,cronotassi,Cronotassi,Consulenza linguistica,CONSULENZA LINGUISTICA,True,False,"XXVII, 2023/4 (ottobre-dicembre)",26081,chiuso,HTML+PDF,https://id.accademiadellacrusca.org/File/Download?code=21c70630-6ce4-4978-a453-8839dcf0c3d6,Cronotassi | Franz Rainer | Pagine | 42-43 - | PDF
26102,https://id.accademiadellacrusca.org/articoli/siamo-tentati-a-fare-o-di-fare-qualcosa/26102,siamo-tentati-a-fare-o-di-fare-qualcosa,Siamo tentati a fare o di fare qualcosa?,Consulenza linguistica,CONSULENZA LINGUISTICA,True,False,"XXVII, 2023/4 (ottobre-dicembre)",26081,chiuso,HTML+PDF,https://id.accademiadellacrusca.org/File/Download?code=072c58ba-fac6-49fc-bd03-f8a5701104a7,Siamo tentati a fare | o | di fare | qualcosa? | Carla Marello | Pagine | 44-45 - | PDF
26103,https://id.accademiadellacrusca.org/articoli/capace-che-sia-giusto-sulla-scelta-tra-capace-a-e-capace-di/26103,capace-che-sia-giusto-sulla-scelta-tra-capace-a-e-capace-di,Capace che sia giusto? Sulla scelta tra capace a e capace di,Consulenza linguistica,CONSULENZA LINGUISTICA,True,False,"XXVII, 2023/4 (ottobre-dicembre)",26081,chiuso,HTML+PDF,https://id.accademiadellacrusca.org/File/Download?code=3c891633-923a-4c3a-bdef-3b077e388294,Capace che sia giusto? Sulla scelta tra | capace a | e | capace di | Cristiana De Santis | Pagine | 46-48 - | PDF
26104,https://id.accademiadellacrusca.org/articoli/se-c-il-perito-ci-deve-essere-anche-la-perita-e-sono-entrambi-vivi-e-vegeti/26104,se-c-il-perito-ci-deve-essere-anche-la-perita-e-sono-entrambi-vivi-e-vegeti,"Se c’è il perito , ci deve essere anche la perita (e sono entrambi vivi e vegeti…)!",Consulenza linguistica,CONSULENZA LINGUISTICA,True,False,"XXVII, 2023/4 (ottobre-dicembre)",26081,chiuso,HTML+PDF,https://id.accademiadellacrusca.org/File/Download?code=c7cd31af-f767-4fbb-81dd-fb3315cc41ea,"Se c’è il | perito | , ci deve essere anche la | perita | (e sono entrambi vivi e vegeti…)! | Paolo D'Achille e Anna M. Thornton | Pagine | 49-50 - | PDF"
26106,https://id.accademiadellacrusca.org/articoli/fino-lalba-o-fino-allalba/26106,fino-lalba-o-fino-allalba,Fino l’alba o fino all’alba ?,Consulenza linguistica,CONSULENZA LINGUISTICA,True,False,"XXVII, 2023/4 (ottobre-dicembre)",26081,chiuso,HTML+PDF,https://id.accademiadellacrusca.org/File/Download?code=66af28b6-83d5-4cf1-86f5-e71a16b1b592,Fino l’alba | o | fino all’alba | ? | Emanuele Banfi | Pagine | 51-53 - | PDF
26107,https://id.accademiadellacrusca.org/articoli/si-pu-dire-pi-nuovo/26107,si-pu-dire-pi-nuovo,Si può dire più nuovo ?,Consulenza linguistica,CONSULENZA LINGUISTICA,True,False,"XXVII, 2023/4 (ottobre-dicembre)",26081,chiuso,HTML+PDF,https://id.accademiadellacrusca.org/File/Download?code=403f8f7b-5f0f-4fa1-8bc4-9e854a027648,Si può dire | più nuovo | ? | Vittorio Coletti | Pagine | 54 - | PDF
26108,https://id.accademiadellacrusca.org/articoli/ah-saperlo-ma-non-lo-sappiamo/26108,ah-saperlo-ma-non-lo-sappiamo,A(h) saperlo! Ma (non) lo sappiamo…,Consulenza linguistica,CONSULENZA LINGUISTICA,True,False,"XXVII, 2023/4 (ottobre-dicembre)",26081,chiuso,HTML+PDF,https://id.accademiadellacrusca.org/File/Download?code=47edcae0-16a7-4822-a831-1f64ad78dd82,A(h) saperlo! | Ma (non) lo sappiamo… | Paolo D'Achille | Pagine | 55-57 - | PDF
26109,https://id.accademiadellacrusca.org/articoli/laggettivo-verbale-pu-essere-usato-al-posto-di-orale/26109,laggettivo-verbale-pu-essere-usato-al-posto-di-orale,L’aggettivo verbale può essere usato al posto di orale ?,Consulenza linguistica,CONSULENZA LINGUISTICA,True,False,"XXVII, 2023/4 (ottobre-dicembre)",26081,chiuso,HTML+PDF,https://id.accademiadellacrusca.org/File/Download?code=484bcec5-114b-4d32-8eaf-e31e60736e78,L’aggettivo | verbale | può essere usato al posto di | orale | ? | Elisa Altissimi | Pagine | 58-59 - | PDF
26110,https://id.accademiadellacrusca.org/articoli/prodromico/26110,prodromico,Prodromico,Consulenza linguistica,CONSULENZA LINGUISTICA,True,False,"XXVII, 2023/4 (ottobre-dicembre)",26081,chiuso,HTML+PDF,https://id.accademiadellacrusca.org/File/Download?code=f2a81a2b-f950-4005-8f45-f78443142853,Prodromico | Franz Rainer | Pagine | 60-61 - | PDF
26112,https://id.accademiadellacrusca.org/articoli/sappiamo-fare-a-rispondere/26112,sappiamo-fare-a-rispondere,Sappiamo fare a rispondere?,Consulenza linguistica,CONSULENZA LINGUISTICA,True,False,"XXVII, 2023/4 (ottobre-dicembre)",26081,chiuso,HTML+PDF,https://id.accademiadellacrusca.org/File/Download?code=bc8ee770-9f8a-4262-b089-60ac33ea8d57,Sappiamo fare a rispondere? | Matilde Paoli | Pagine | 62-68 - | PDF
26114,https://id.accademiadellacrusca.org/articoli/consonanti-doppie-o-scempie-questo--a-volte-il-problema/26114,consonanti-doppie-o-scempie-questo--a-volte-il-problema,Consonanti doppie o scempie? Questo è (a volte) il problema,Consulenza linguistica,CONSULENZA LINGUISTICA,True,False,"XXVII, 2023/4 (ottobre-dicembre)",26081,chiuso,HTML+PDF,https://id.accademiadellacrusca.org/File/Download?code=3b2dd95a-adf3-4286-96ce-c08f9b09a2b8,Consonanti doppie o scempie? Questo è (a volte) il problema | Paolo D'Achille | Pagine | 69-71 - | PDF
26119,https://id.accademiadellacrusca.org/articoli/su-pop-corn/26119,su-pop-corn,Su pop corn,Consulenza linguistica,CONSULENZA LINGUISTICA,True,False,"XXVII, 2023/4 (ottobre-dicembre)",26081,chiuso,HTML+PDF,https://id.accademiadellacrusca.org/File/Download?code=021cd58b-a5d2-4285-ad1d-009f07323502,Su | pop corn | Anna M. Thornton | Pagine | 72-76 - | PDF
26120,https://id.accademiadellacrusca.org/articoli/emissioni-di-carbonio-o-di-anidride-carbonica-la-il-co2-o-co2/26120,emissioni-di-carbonio-o-di-anidride-carbonica-la-il-co2-o-co2,Emissioni di carbonio o di anidride carbonica ? La/il CO2 o CO 2 ?,Consulenza linguistica,CONSULENZA LINGUISTICA,True,False,"XXVII, 2023/4 (ottobre-dicembre)",26081,chiuso,HTML+PDF,https://id.accademiadellacrusca.org/File/Download?code=95fb45e1-255b-4d20-908c-264952a66323,Emissioni di | carbonio | o di | anidride carbonica | ? La/il | CO2 | o | CO | 2 | ? | Raffaella Setti | Pagine | 77-81 - | PDF
26121,https://id.accademiadellacrusca.org/articoli/non-c-da-peritarsi-a-chiedere-se-non-si-conosce-il-verbo/26121,non-c-da-peritarsi-a-chiedere-se-non-si-conosce-il-verbo,"Non c’è da peritarsi a chiedere, se non si conosce il verbo",Consulenza linguistica,CONSULENZA LINGUISTICA,True,False,"XXVII, 2023/4 (ottobre-dicembre)",26081,chiuso,HTML+PDF,https://id.accademiadellacrusca.org/File/Download?code=75ebb581-9ce6-49f6-ac96-00d420f6c2f4,"Non c’è da | peritarsi a | chiedere, se non si conosce il verbo | Cristiana De Santis | Pagine | 82-83 - | PDF"
26122,https://id.accademiadellacrusca.org/articoli/incessante-e-perpetuo/26122,incessante-e-perpetuo,Incessante e perpetuo,Consulenza linguistica,CONSULENZA LINGUISTICA,True,False,"XXVII, 2023/4 (ottobre-dicembre)",26081,chiuso,HTML+PDF,https://id.accademiadellacrusca.org/File/Download?code=e9f895ee-db8a-4998-b55a-6e71e990a9fc,Incessante | e | perpetuo | Valeria Della Valle | Pagine | 84-85 - | PDF
26124,https://id.accademiadellacrusca.org/articoli/presidente-la-repubblica-o-presidente-della-repubblica/26124,presidente-la-repubblica-o-presidente-della-repubblica,Presidente la Repubblica o presidente della Repubblica ?,Consulenza linguistica,CONSULENZA LINGUISTICA,True,False,"XXVII, 2023/4 (ottobre-dicembre)",26081,chiuso,HTML+PDF,https://id.accademiadellacrusca.org/File/Download?code=fd8f1391-0353-4f95-9295-fa62be86e912,Presidente la Repubblica | o | presidente della Repubblica | ? | Miriam Di Carlo | Pagine | 86-89 - | PDF
26125,https://id.accademiadellacrusca.org/articoli/un-olio-pu-essere-agrumato/26125,un-olio-pu-essere-agrumato,Un olio può essere agrumato ?,Consulenza linguistica,CONSULENZA LINGUISTICA,True,False,"XXVII, 2023/4 (ottobre-dicembre)",26081,chiuso,HTML+PDF,https://id.accademiadellacrusca.org/File/Download?code=70e1dbfe-4561-4180-bde6-5f4d575cb94e,Un olio può essere | agrumato | ? | Elisa Altissimi | Pagine | 90-92 - | PDF
26126,https://id.accademiadellacrusca.org/articoli/pucciare-e-puciacca-una-questione-etimologica-tuttaltro-che-morbida/26126,pucciare-e-puciacca-una-questione-etimologica-tuttaltro-che-morbida,Pucciare e puciacca : una questione etimologica tutt’altro che morbida,Consulenza linguistica,CONSULENZA LINGUISTICA,True,False,"XXVII, 2023/4 (ottobre-dicembre)",26081,chiuso,HTML+PDF,https://id.accademiadellacrusca.org/File/Download?code=5e21f55a-0a23-4775-9d95-65ff3cd8b5eb,Pucciare | e | puciacca | : una questione etimologica tutt’altro che morbida | Barbara Fanini | Pagine | 93-97 - | PDF
26127,https://id.accademiadellacrusca.org/articoli/maestranza-e-maestranze/26127,maestranza-e-maestranze,Maestranza e maestranze,Consulenza linguistica,CONSULENZA LINGUISTICA,True,False,"XXVII, 2023/4 (ottobre-dicembre)",26081,chiuso,HTML+PDF,https://id.accademiadellacrusca.org/File/Download?code=a556c0ad-1a3a-43ab-b87f-472c0707c3a3,Maestranza | e | maestranze | Valeria Della Valle | Pagine | 98-99 - | PDF
26128,https://id.accademiadellacrusca.org/articoli/ancora-problemi-di-genere-ci-sono-donne-anche-tra-pedoni-personaggi-draghi-mostri-e-geni/26128,ancora-problemi-di-genere-ci-sono-donne-anche-tra-pedoni-personaggi-draghi-mostri-e-geni,"Ancora problemi di genere: ci sono donne anche tra pedoni , personaggi , draghi , mostri e geni !",Consulenza linguistica,CONSULENZA LINGUISTICA,True,False,"XXVII, 2023/4 (ottobre-dicembre)",26081,chiuso,HTML+PDF,https://id.accademiadellacrusca.org/File/Download?code=f80d2938-6eb3-427c-b231-3302ac392f8c,"Ancora problemi di genere: ci sono donne anche tra | pedoni | , | personaggi | , | draghi | , | mostri | e | geni | ! | Paolo D'Achille | Pagine | 100-107 - | PDF"
27131,https://id.accademiadellacrusca.org/articoli/lui-e-lei-si-possono-riferire-anche-a-cose/27131,lui-e-lei-si-possono-riferire-anche-a-cose,Lui e lei si possono riferire anche a cose?,Consulenza linguistica,CONSULENZA LINGUISTICA,True,False,"XXVII, 2023/4 (ottobre-dicembre)",26081,chiuso,HTML+PDF,https://id.accademiadellacrusca.org/File/Download?code=515838ad-3d7b-42a7-b251-9c17088cbe83,Lui | e | lei | si possono riferire anche a cose? | Massimo Palermo | Pagine | 108-112 - | PDF
27132,https://id.accademiadellacrusca.org/articoli/si-pu-essere-pro-a-qualcosa/27132,si-pu-essere-pro-a-qualcosa,Si può essere pro a qualcosa?,Consulenza linguistica,CONSULENZA LINGUISTICA,True,False,"XXVII, 2023/4 (ottobre-dicembre)",26081,chiuso,HTML+PDF,https://id.accademiadellacrusca.org/File/Download?code=72c229e0-7c98-4ab9-9a8b-7beac8b54e62,Si può | essere pro a | qualcosa? | Giuseppe Patota | Pagine | 113 - | PDF
27134,https://id.accademiadellacrusca.org/articoli/su-corso-di-studio/27134,su-corso-di-studio,Su corso di studio,Consulenza linguistica,CONSULENZA LINGUISTICA,True,False,"XXVII, 2023/4 (ottobre-dicembre)",26081,chiuso,HTML+PDF,https://id.accademiadellacrusca.org/File/Download?code=41013bcd-873d-4cfe-8e76-115c02ea2259,Su | corso di studio | Luisa di Valvasone | Pagine | 114-118 - | PDF
27135,https://id.accademiadellacrusca.org/articoli/celebriamo-il-natale-e-che-altro/27135,celebriamo-il-natale-e-che-altro,Celebriamo il Natale... e che altro?,Consulenza linguistica,CONSULENZA LINGUISTICA,True,False,"XXVII, 2023/4 (ottobre-dicembre)",26081,chiuso,HTML+PDF,https://id.accademiadellacrusca.org/File/Download?code=4a154347-b498-4e94-80d3-e603c531d165,Celebriamo | il Natale... e che altro? | Rita Librandi | Pagine | 119-121 - | PDF
26094,https://id.accademiadellacrusca.org/articoli/neutralit-climatica/26094,neutralit-climatica,Neutralità climatica,Parole nuove,PAROLE NUOVE,False,True,"XXVII, 2023/4 (ottobre-dicembre)",26081,chiuso,HTML+PDF,https://id.accademiadellacrusca.org/File/Download?code=f8a6023c-1410-46c0-b761-1ceca6c5139c,Neutralità climatica | Raffaella Setti | Pagine | 122-128 - | PDF
26096,https://id.accademiadellacrusca.org/articoli/etichetta-ambientale-ecologica-ed-ecoetichetta/26096,etichetta-ambientale-ecologica-ed-ecoetichetta,"Etichetta ambientale , ecologica ed ecoetichetta",Parole nuove,PAROLE NUOVE,False,True,"XXVII, 2023/4 (ottobre-dicembre)",26081,chiuso,HTML+PDF,https://id.accademiadellacrusca.org/File/Download?code=9e4d29ab-fe2f-4ab8-b55c-0b16704d9bba,"Etichetta ambientale | , | ecologica | ed | ecoetichetta | Miriam Di Carlo | Pagine | 129-137 - | PDF"
26105,https://id.accademiadellacrusca.org/articoli/cura-casa-e-cura-persona/26105,cura-casa-e-cura-persona,Cura casa (e cura persona ),Parole nuove,PAROLE NUOVE,False,True,"XXVII, 2023/4 (ottobre-dicembre)",26081,chiuso,HTML+PDF,https://id.accademiadellacrusca.org/File/Download?code=bc198522-1cc4-4311-97bf-72962bb1af9b,Cura casa | (e | cura persona | ) | Miriam Di Carlo | Pagine | 138-144 - | PDF
26113,https://id.accademiadellacrusca.org/articoli/spannolinamento/26113,spannolinamento,Spannolinamento,Parole nuove,PAROLE NUOVE,False,True,"XXVII, 2023/4 (ottobre-dicembre)",26081,chiuso,HTML+PDF,https://id.accademiadellacrusca.org/File/Download?code=b1ecf818-a9ac-4c54-91c2-093106b18660,Spannolinamento | Miriam Di Carlo | Pagine | 145-151 - | PDF
26118,https://id.accademiadellacrusca.org/articoli/hype/26118,hype,Hype,Parole nuove,PAROLE NUOVE,False,True,"XXVII, 2023/4 (ottobre-dicembre)",26081,chiuso,HTML+PDF,https://id.accademiadellacrusca.org/File/Download?code=572642a3-8c2f-4d59-89da-4b21bc19fd94,Hype | Simona Cresti | Pagine | 152-162 - | PDF
26123,https://id.accademiadellacrusca.org/articoli/mangificio-e-il-suffisso-ificio/26123,mangificio-e-il-suffisso-ificio,Mangificio e il suffisso -ificio,Parole nuove,PAROLE NUOVE,False,True,"XXVII, 2023/4 (ottobre-dicembre)",26081,chiuso,HTML+PDF,https://id.accademiadellacrusca.org/File/Download?code=1d428f21-6723-438c-802a-3fa81d285443,Mangificio | e il suffisso | -ificio | Miriam Di Carlo | Pagine | 163-172 - | PDF
26115,https://id.accademiadellacrusca.org/articoli/mi-sa-che/26115,mi-sa-che,Mi sa che ...,La Crusca rispose,LA CRUSCA RISPOSE,True,False,"XXVII, 2023/4 (ottobre-dicembre)",26081,chiuso,HTML+PDF,https://id.accademiadellacrusca.org/File/Download?code=da5d5ab7-9326-4c59-9acb-fb3417917fbe,Mi sa che | ... | Francesca Cialdini | Pagine | 173-175 - | PDF
26116,https://id.accademiadellacrusca.org/articoli/mi-sposo-o-sposo/26116,mi-sposo-o-sposo,Mi sposo o sposo ?,La Crusca rispose,LA CRUSCA RISPOSE,True,False,"XXVII, 2023/4 (ottobre-dicembre)",26081,chiuso,HTML+PDF,https://id.accademiadellacrusca.org/File/Download?code=b3bf5575-f574-4053-b98d-7ad12801dde5,Mi sposo | o | sposo | ? | Francesca Cialdini | Pagine | 176-178 - | PDF
26117,https://id.accademiadellacrusca.org/articoli/mangiarsi-una-pizza-fumarsi-una-sigaretta-ascoltarsi-una-canzone/26117,mangiarsi-una-pizza-fumarsi-una-sigaretta-ascoltarsi-una-canzone,"Mangiarsi una pizza, fumarsi una sigaretta, ascoltarsi una canzone…",La Crusca rispose,LA CRUSCA RISPOSE,True,False,"XXVII, 2023/4 (ottobre-dicembre)",26081,chiuso,HTML+PDF,https://id.accademiadellacrusca.org/File/Download?code=21becbdb-24a9-4342-9548-bdd167853d41,"Mangiarsi | una pizza, | fumarsi | una sigaretta, | ascoltarsi | una canzone… | Massimo Bellina | Pagine | 179-181 - | PDF"
31296,https://id.accademiadellacrusca.org/articoli/giornata-di-studio--solo-la-lingua-che-ci-fa-uguali-l-insegnamento-di-don-lorenzo-milani-saluti-di-a/31296,giornata-di-studio--solo-la-lingua-che-ci-fa-uguali-l-insegnamento-di-don-lorenzo-milani-saluti-di-a,Giornata di studio È solo la lingua che ci fa uguali. L'insegnamento di don Lorenzo Milani . Saluti di apertura,Articoli,ARTICOLI,False,False,"XXVII, 2023/4 (ottobre-dicembre)",26081,chiuso,HTML+PDF,https://id.accademiadellacrusca.org/File/Download?code=2364ad1e-4fa9-4af8-b402-2539c52b2e08,Giornata di studio | È solo la lingua che ci fa uguali. L'insegnamento di don Lorenzo Milani | . Saluti di apertura | Paolo D'Achille | Pagine | 182-183 - | PDF
31297,https://id.accademiadellacrusca.org/articoli/la-parola--la-chiave-fatata-che-apre-ogni-porta-come-leggere-oggi-linsegnamento-di-don-milani/31297,la-parola--la-chiave-fatata-che-apre-ogni-porta-come-leggere-oggi-linsegnamento-di-don-milani,“La parola è la chiave fatata che apre ogni porta”. Come leggere oggi l’insegnamento di don Milani,Articoli,ARTICOLI,False,False,"XXVII, 2023/4 (ottobre-dicembre)",26081,chiuso,HTML+PDF,https://id.accademiadellacrusca.org/File/Download?code=cc205f85-997c-4abd-ac5c-9c9d1af88e4e,“La parola è la chiave fatata che apre ogni porta”. Come leggere oggi l’insegnamento di don Milani | Rita Librandi | Pagine | 184-193 - | PDF
31298,https://id.accademiadellacrusca.org/articoli/contributo-della-segretaria-generale-flc-cgil/31298,contributo-della-segretaria-generale-flc-cgil,Contributo della Segretaria generale FLC-CGIL,Articoli,ARTICOLI,False,False,"XXVII, 2023/4 (ottobre-dicembre)",26081,chiuso,HTML+PDF,https://id.accademiadellacrusca.org/File/Download?code=6817e995-cf3e-465e-adf6-b396c120cb7f,Contributo della Segretaria generale FLC-CGIL | Gianna Fracassi | Pagine | 194-195 - | PDF
31299,https://id.accademiadellacrusca.org/articoli/la-povert-educativa-degli-adulti/31299,la-povert-educativa-degli-adulti,La povertà educativa degli adulti,Articoli,ARTICOLI,False,False,"XXVII, 2023/4 (ottobre-dicembre)",26081,chiuso,HTML+PDF,https://id.accademiadellacrusca.org/File/Download?code=60793a44-464e-47e3-ab14-80590adb5ba5,La povertà educativa degli adulti | Gennaro Lopez | Pagine | 196-200 - | PDF
31300,https://id.accademiadellacrusca.org/articoli/fare-lingua-a-scuola-insegnare-le-parole-come-fossero-personaggi/31300,fare-lingua-a-scuola-insegnare-le-parole-come-fossero-personaggi,"Fare lingua a scuola: insegnare le parole come fossero ""personaggi""",Articoli,ARTICOLI,False,False,"XXVII, 2023/4 (ottobre-dicembre)",26081,chiuso,HTML+PDF,https://id.accademiadellacrusca.org/File/Download?code=c7d63c73-5cd0-4258-85e8-7e3409b86f87,"Fare lingua a scuola: insegnare le parole come fossero ""personaggi"" | Gianluca Barone e Valeria Saura | Pagine | 201-207 - | PDF"
31301,https://id.accademiadellacrusca.org/articoli/lorenzo-milani-e-la-sua-officina-generativa-di-nuova-comunicazione-ovvero-cittadinanza/31301,lorenzo-milani-e-la-sua-officina-generativa-di-nuova-comunicazione-ovvero-cittadinanza,"Lorenzo Milani e la sua ""officina"" generativa di nuova comunicazione: ovvero cittadinanza",Articoli,ARTICOLI,False,False,"XXVII, 2023/4 (ottobre-dicembre)",26081,chiuso,HTML+PDF,https://id.accademiadellacrusca.org/File/Download?code=aa037951-4c9c-4239-940d-434ee9c5c852,"Lorenzo Milani e la sua ""officina"" generativa di nuova comunicazione: ovvero cittadinanza | Luca Toschi | Pagine | 208-217 - | PDF"
31302,https://id.accademiadellacrusca.org/articoli/dalle-suggestioni-alle-responsabilit/31302,dalle-suggestioni-alle-responsabilit,Dalle suggestioni alle responsabilità,Articoli,ARTICOLI,False,False,"XXVII, 2023/4 (ottobre-dicembre)",26081,chiuso,HTML+PDF,https://id.accademiadellacrusca.org/File/Download?code=3d92e913-30b0-4c25-b39c-9c6db6b90f7b,Dalle suggestioni alle responsabilità | Dario Missaglia | Pagine | 218-222 - | PDF
31303,https://id.accademiadellacrusca.org/articoli/contributo-del-segretario-della-cgil/31303,contributo-del-segretario-della-cgil,Contributo del segretario della CGIL,Articoli,ARTICOLI,False,False,"XXVII, 2023/4 (ottobre-dicembre)",26081,chiuso,HTML+PDF,https://id.accademiadellacrusca.org/File/Download?code=1fee823d-f8fe-47bf-9596-6c728236a4e4,Contributo del segretario della CGIL | Maurizio Landini | Pagine | 223-224 - | PDF
31304,https://id.accademiadellacrusca.org/articoli/contributo-del-segretario-confederale-cgil/31304,contributo-del-segretario-confederale-cgil,Contributo del segretario confederale CGIL,Articoli,ARTICOLI,False,False,"XXVII, 2023/4 (ottobre-dicembre)",26081,chiuso,HTML+PDF,https://id.accademiadellacrusca.org/File/Download?code=a6a4a216-efdd-4548-a5ab-72d3af69c3ec,Contributo del segretario confederale CGIL | Christian Ferrari | Pagine | 225-228 - | PDF
26091,https://id.accademiadellacrusca.org/articoli/regioni-e-dialetti/26091,regioni-e-dialetti,Regioni e dialetti,Temi di discussione,TEMI DI DISCUSSIONE,False,False,"XXVII, 2023/4 (ottobre-dicembre)",26081,chiuso,HTML+PDF,https://id.accademiadellacrusca.org/File/Download?code=29517df2-1934-432d-90a5-5f771d628328,Regioni e dialetti | Nicola De Blasi | Pagine | 229-232 - | PDF
26111,https://id.accademiadellacrusca.org/articoli/libri-biblioteche-e-civilt/26111,libri-biblioteche-e-civilt,"Libri, biblioteche e civiltà",Temi di discussione,TEMI DI DISCUSSIONE,False,False,"XXVII, 2023/4 (ottobre-dicembre)",26081,chiuso,HTML+PDF,https://id.accademiadellacrusca.org/File/Download?code=f796cbac-7dff-4c4a-8063-4005858baac5,"Libri, biblioteche e civiltà | Rosario Coluccia | Pagine | 233-235 - | PDF"
34425,https://id.accademiadellacrusca.org/articoli/notizie-dall-accademia/34425,notizie-dall-accademia,Notizie dall'Accademia,Notizie,NOTIZIE,False,False,"XXVII, 2023/4 (ottobre-dicembre)",26081,chiuso,HTML+PDF,https://id.accademiadellacrusca.org/File/Download?code=72f3261f-b783-472f-9674-ed61d352df62,Notizie dall'Accademia | A cura del comitato di redazione | Pagine | 236-239 - | PDF
27138,https://id.accademiadellacrusca.org/articoli/bibliografia-della-consulenza-linguistica/27138,bibliografia-della-consulenza-linguistica,Bibliografia della Consulenza linguistica,Bibliografia,BIBLIOGRAFIA,False,False,"XXVII, 2023/4 (ottobre-dicembre)",26081,chiuso,HTML+PDF,https://id.accademiadellacrusca.org/File/Download?code=5e6ab8d8-5d76-4337-9961-75eb692a1083,Bibliografia della Consulenza linguistica | Pagine | 240-244 - | PDF
31256,https://id.accademiadellacrusca.org/articoli/editoriale-del-direttore/31256,editoriale-del-direttore,Editoriale del direttore,Editoriale,EDITORIALE,False,False,"XXVI, 2023/3 (luglio-settembre)",26038,chiuso,HTML+PDF,https://id.accademiadellacrusca.org/File/Download?code=ec680874-7150-4ac4-921b-5056a29e296e,Editoriale del direttore | Marco Biffi | Pagine | 1-2 - | PDF
26037,https://id.accademiadellacrusca.org/articoli/ci-avete-chiesto-di-aiutarvi-con-due-casi-di-reggenza-e-condividiamo-con-voi-la-nostra-risposta-sper/26037,ci-avete-chiesto-di-aiutarvi-con-due-casi-di-reggenza-e-condividiamo-con-voi-la-nostra-risposta-sper,Ci avete chiesto di aiutarvi con due casi di reggenza e condividiamo con voi la nostra risposta (sperando che… la condividiate )!,Consulenze linguistiche,CONSULENZA LINGUISTICA,True,False,"XXVI, 2023/3 (luglio-settembre)",26038,chiuso,HTML+PDF,https://id.accademiadellacrusca.org/File/Download?code=1e0981bb-f96d-480c-b540-7ed7def2cc7d,Ci avete chiesto di | aiutarvi con | due casi di reggenza e | condividiamo con | voi la nostra risposta (sperando che… | la condividiate | )! | Matteo Agolini | Pagine | 3-9 - | PDF
26039,https://id.accademiadellacrusca.org/articoli/propaganda/26039,propaganda,Propaganda,Consulenze linguistiche,CONSULENZA LINGUISTICA,True,False,"XXVI, 2023/3 (luglio-settembre)",26038,chiuso,HTML+PDF,https://id.accademiadellacrusca.org/File/Download?code=6db6d329-32c5-4e75-b48b-13e69ca1ed41,Propaganda | Miriam Di Carlo | Pagine | 10-15 - | PDF
26040,https://id.accademiadellacrusca.org/articoli/usufruire-e-derivati/26040,usufruire-e-derivati,Usufruire (e derivati),Consulenze linguistiche,CONSULENZA LINGUISTICA,True,False,"XXVI, 2023/3 (luglio-settembre)",26038,chiuso,HTML+PDF,https://id.accademiadellacrusca.org/File/Download?code=d5e7e506-b73b-433a-93ab-08b25404e12f,Usufruire | (e derivati) | Gianluca Lauta | Pagine | 16-18 - | PDF
26041,https://id.accademiadellacrusca.org/articoli/gradazione-e-graduazione-gradato-e-graduato-gradatamente-e-gradualmente/26041,gradazione-e-graduazione-gradato-e-graduato-gradatamente-e-gradualmente,Gradazione e graduazione ; gradato e graduato ; gradatamente e gradualmente,Consulenze linguistiche,CONSULENZA LINGUISTICA,True,False,"XXVI, 2023/3 (luglio-settembre)",26038,chiuso,HTML+PDF,https://id.accademiadellacrusca.org/File/Download?code=e8c31679-49f8-4eeb-aeba-05e947a55b16,Gradazione | e | graduazione | ; | gradato | e | graduato | ; | gradatamente | e | gradualmente | Valeria Della Valle | Pagine | 19-20 - | PDF
26047,https://id.accademiadellacrusca.org/articoli/fare-senza-parlare-equivale-a-fare-a-meno-di-parlare/26047,fare-senza-parlare-equivale-a-fare-a-meno-di-parlare,Fare senza parlare equivale a fare a meno di parlare ?,Consulenze linguistiche,CONSULENZA LINGUISTICA,True,False,"XXVI, 2023/3 (luglio-settembre)",26038,chiuso,HTML+PDF,https://id.accademiadellacrusca.org/File/Download?code=c5e0d6b5-3e86-45f4-bd2d-0f332e9f7b59,Fare senza parlare | equivale a | fare a meno di parlare | ? | Elisa Altissimi | Pagine | 21-22 - | PDF
26048,https://id.accademiadellacrusca.org/articoli/la-supervisora-supervisiona-non-supervede/26048,la-supervisora-supervisiona-non-supervede,"La supervisora supervisiona, non supervede!",Consulenze linguistiche,CONSULENZA LINGUISTICA,True,False,"XXVI, 2023/3 (luglio-settembre)",26038,chiuso,HTML+PDF,https://id.accademiadellacrusca.org/File/Download?code=1348d27c-057c-4a2b-89f2-228901542e20,"La | supervisora | supervisiona, non supervede! | Anna M. Thornton | Pagine | 23-26 - | PDF"
26049,https://id.accademiadellacrusca.org/articoli/si-pu-dire-il-secondo-pi-grande-e-il-terzo-migliore/26049,si-pu-dire-il-secondo-pi-grande-e-il-terzo-migliore,Si può dire il secondo più grande ? E il terzo migliore ?,Consulenze linguistiche,CONSULENZA LINGUISTICA,True,False,"XXVI, 2023/3 (luglio-settembre)",26038,chiuso,HTML+PDF,https://id.accademiadellacrusca.org/File/Download?code=b95c4bf9-9921-465a-ba3c-61bbcec64eaf,Si può dire | il secondo più grande | ? E | il terzo migliore | ? | Paolo D'Achille | Pagine | 27-30 - | PDF
26050,https://id.accademiadellacrusca.org/articoli/questa-risposta-serve-allo-scopo/26050,questa-risposta-serve-allo-scopo,Questa risposta serve allo scopo,Consulenze linguistiche,CONSULENZA LINGUISTICA,True,False,"XXVI, 2023/3 (luglio-settembre)",26038,chiuso,HTML+PDF,https://id.accademiadellacrusca.org/File/Download?code=edd8ee2e-8188-4960-868e-f7e9666adbda,Questa risposta | serve allo scopo | Vittorio Coletti | Pagine | 31-33 - | PDF
26051,https://id.accademiadellacrusca.org/articoli/mandatorio-significato-storia-usi/26051,mandatorio-significato-storia-usi,"Mandatorio : significato, storia, usi",Consulenze linguistiche,CONSULENZA LINGUISTICA,True,False,"XXVI, 2023/3 (luglio-settembre)",26038,chiuso,HTML+PDF,https://id.accademiadellacrusca.org/File/Download?code=7ca89586-cb00-43fa-862e-09192ba01d33,"Mandatorio | : significato, storia, usi | Francesca Fusco | Pagine | 34-36 - | PDF"
26052,https://id.accademiadellacrusca.org/articoli/sbarcare-il-lunario/26052,sbarcare-il-lunario,Sbarcare il lunario,Consulenze linguistiche,CONSULENZA LINGUISTICA,True,False,"XXVI, 2023/3 (luglio-settembre)",26038,chiuso,HTML+PDF,https://id.accademiadellacrusca.org/File/Download?code=baeeb3c8-2813-445e-bcf5-d5af284374ab,Sbarcare il lunario | Paolo Rondinelli | Pagine | 37-39 - | PDF
26053,https://id.accademiadellacrusca.org/articoli/oca-o-anatra-questo--il-problema-il-caso-di-papero-papera/26053,oca-o-anatra-questo--il-problema-il-caso-di-papero-papera,"Oca o anatra, questo è il problema. Il caso di papero/papera",Consulenze linguistiche,CONSULENZA LINGUISTICA,True,False,"XXVI, 2023/3 (luglio-settembre)",26038,chiuso,HTML+PDF,https://id.accademiadellacrusca.org/File/Download?code=3f8f5bf0-2c25-4115-841f-8cca8ed19585,"Oca o anatra, questo è il problema. Il caso di | papero/papera | Simona Cresti | Pagine | 40-56 - | PDF"
26055,https://id.accademiadellacrusca.org/articoli/fregola-o-fregula/26055,fregola-o-fregula,Fregola o fregula ?,Consulenze linguistiche,CONSULENZA LINGUISTICA,True,False,"XXVI, 2023/3 (luglio-settembre)",26038,chiuso,HTML+PDF,https://id.accademiadellacrusca.org/File/Download?code=a705861b-241f-47bf-be4b-7c0c6cedf1cf,Fregola | o | fregula | ? | Miriam Di Carlo | Pagine | 57-61 - | PDF
26057,https://id.accademiadellacrusca.org/articoli/con-due-soggetti-correlati-da-non-solo--ma-anche-ci-vuole-laccordo-al-singolare-o-al-plurale/26057,con-due-soggetti-correlati-da-non-solo--ma-anche-ci-vuole-laccordo-al-singolare-o-al-plurale,Con due soggetti correlati da non solo … ma anche ci vuole l’accordo al singolare o al plurale?,Consulenze linguistiche,CONSULENZA LINGUISTICA,True,False,"XXVI, 2023/3 (luglio-settembre)",26038,chiuso,HTML+PDF,https://id.accademiadellacrusca.org/File/Download?code=ee67f1a6-1f29-4892-9aa5-a695742eb6f5,Con due soggetti correlati da | non solo … ma anche | ci vuole l’accordo al singolare o al plurale? | Bruno Moretti | Pagine | 65-68 - | PDF
26063,https://id.accademiadellacrusca.org/articoli/italiano-standard-e-italiano-regionale-uso-corretto-vs-uso-errato-il-caso-del-siciliano-piedi-piedi/26063,italiano-standard-e-italiano-regionale-uso-corretto-vs-uso-errato-il-caso-del-siciliano-piedi-piedi,Italiano standard e italiano regionale: uso corretto vs uso errato? Il caso del siciliano piedi piedi,Consulenze linguistiche,CONSULENZA LINGUISTICA,True,False,"XXVI, 2023/3 (luglio-settembre)",26038,chiuso,HTML+PDF,https://id.accademiadellacrusca.org/File/Download?code=8f5099c7-9f84-4b9f-a0d5-70ea4fa475f3,Italiano standard e italiano regionale: uso corretto | vs | uso errato? Il caso del siciliano | piedi piedi | Salvatore Claudio Sgroi | Pagine | 69-71 - | PDF
26058,https://id.accademiadellacrusca.org/articoli/perch-il-buio--pesto/26058,perch-il-buio--pesto,Perché il buio è pesto ?,Consulenze linguistiche,CONSULENZA LINGUISTICA,True,False,"XXVI, 2023/3 (luglio-settembre)",26038,chiuso,HTML+PDF,https://id.accademiadellacrusca.org/File/Download?code=5da78d69-74bb-481c-9964-b795b2668861,Perché il buio è | pesto | ? | Ilaria Bonomi | Pagine | 72-74 - | PDF
26062,https://id.accademiadellacrusca.org/articoli/coagulare-o-coagularsi/26062,coagulare-o-coagularsi,Coagulare o coagularsi ?,Consulenze linguistiche,CONSULENZA LINGUISTICA,True,False,"XXVI, 2023/3 (luglio-settembre)",26038,chiuso,HTML+PDF,https://id.accademiadellacrusca.org/File/Download?code=3abb6014-3710-4651-84e6-725206c04f86,Coagulare | o | coagularsi | ? | Kevin De Vecchis | Pagine | 75-79 - | PDF
26064,https://id.accademiadellacrusca.org/articoli/qualche-anno-fa-prima-dellestate-ci-siamo-squagliati-questanno-alla-ripresa-proviamo-invece-a-quagli/26064,qualche-anno-fa-prima-dellestate-ci-siamo-squagliati-questanno-alla-ripresa-proviamo-invece-a-quagli,"Qualche anno fa, prima dell’estate ci siamo squagliati : quest’anno, alla ripresa, proviamo invece a quagliare ?",Consulenze linguistiche,CONSULENZA LINGUISTICA,True,False,"XXVI, 2023/3 (luglio-settembre)",26038,chiuso,HTML+PDF,https://id.accademiadellacrusca.org/File/Download?code=6c25bf5d-bcdd-4a41-a6fc-219343947399,"Qualche anno fa, prima dell’estate | ci siamo squagliati | : quest’anno, alla ripresa, proviamo invece a | quagliare | ? | Paolo D'Achille | Pagine | 80-81 - | PDF"
26059,https://id.accademiadellacrusca.org/articoli/pelandrone/26059,pelandrone,Pelandrone,Consulenze linguistiche,CONSULENZA LINGUISTICA,True,False,"XXVI, 2023/3 (luglio-settembre)",26038,chiuso,HTML+PDF,https://id.accademiadellacrusca.org/File/Download?code=9de509f2-616a-4908-97cb-fb87fb55225e,Pelandrone | Miriam Di Carlo | Pagine | 82-87 - | PDF
26060,https://id.accademiadellacrusca.org/articoli/perch-a-volte-si-mette-la-negazione-dopo-finch-e-altre-questioni-relative-ai-modi-dei-verbi/26060,perch-a-volte-si-mette-la-negazione-dopo-finch-e-altre-questioni-relative-ai-modi-dei-verbi,Perché a volte si mette la negazione dopo finché (e altre questioni relative ai modi dei verbi),Consulenze linguistiche,CONSULENZA LINGUISTICA,True,False,"XXVI, 2023/3 (luglio-settembre)",26038,chiuso,HTML+PDF,https://id.accademiadellacrusca.org/File/Download?code=1b4669c1-48b9-4c87-babf-c841ccd2634e,Perché a volte si mette la negazione dopo | finché | (e altre questioni relative ai modi dei verbi) | Bruno Moretti | Pagine | 88-94 - | PDF
26061,https://id.accademiadellacrusca.org/articoli/su-riga-rigo-e-leggere-tra-le-righe/26061,su-riga-rigo-e-leggere-tra-le-righe,"Su riga , rigo e leggere tra le righe",Consulenze linguistiche,CONSULENZA LINGUISTICA,True,False,"XXVI, 2023/3 (luglio-settembre)",26038,chiuso,HTML+PDF,https://id.accademiadellacrusca.org/File/Download?code=2bbef409-1521-4aa7-b694-713300fea225,"Su | riga | , | rigo | e | leggere tra le righe | Andrea Riga | Pagine | 95-98 - | PDF"
26067,https://id.accademiadellacrusca.org/articoli/percettore-o-percipiente/26067,percettore-o-percipiente,Percettore o percipiente ?,Consulenze linguistiche,CONSULENZA LINGUISTICA,True,False,"XXVI, 2023/3 (luglio-settembre)",26038,chiuso,HTML+PDF,https://id.accademiadellacrusca.org/File/Download?code=343e999b-50c6-4be6-b711-3c2db508a7a4,Percettore | o | percipiente | ? | Stefano Telve | Pagine | 99-100 - | PDF
26068,https://id.accademiadellacrusca.org/articoli/procediamo-alla-risposta/26068,procediamo-alla-risposta,Procediamo alla risposta,Consulenze linguistiche,CONSULENZA LINGUISTICA,True,False,"XXVI, 2023/3 (luglio-settembre)",26038,chiuso,HTML+PDF,https://id.accademiadellacrusca.org/File/Download?code=04ba1ffc-3e6a-4fef-9a7c-e4ad06486cdd,Procediamo alla | risposta | Cristiana De Santis | Pagine | 101-102 - | PDF
26069,https://id.accademiadellacrusca.org/articoli/carrozzina-o-carrozzella/26069,carrozzina-o-carrozzella,Carrozzina o carrozzella ?,Consulenze linguistiche,CONSULENZA LINGUISTICA,True,False,"XXVI, 2023/3 (luglio-settembre)",26038,chiuso,HTML+PDF,https://id.accademiadellacrusca.org/File/Download?code=1bdaadc6-d2b3-45d1-b804-0ef910c535e0,Carrozzina | o | carrozzella | ? | Miriam Di Carlo | Pagine | 103-113 - | PDF
26071,https://id.accademiadellacrusca.org/articoli/come--noto-ma-mica-poi-tanto/26071,come--noto-ma-mica-poi-tanto,Come è noto (ma mica poi tanto)…,Consulenze linguistiche,CONSULENZA LINGUISTICA,True,False,"XXVI, 2023/3 (luglio-settembre)",26038,chiuso,HTML+PDF,https://id.accademiadellacrusca.org/File/Download?code=f05688d5-0f60-4985-9db2-7dd4aa972781,Come è noto | (ma mica poi tanto)… | Vittorio Coletti | Pagine | 114-116 - | PDF
26072,https://id.accademiadellacrusca.org/articoli/c-chi-chiede-dinvidia-o-di-gelosia-e-noi-proviamo-a-rispondere/26072,c-chi-chiede-dinvidia-o-di-gelosia-e-noi-proviamo-a-rispondere,C’è “chi [chiede] d’ invidia o di gelosia ”. E noi proviamo a rispondere,Consulenze linguistiche,CONSULENZA LINGUISTICA,True,False,"XXVI, 2023/3 (luglio-settembre)",26038,chiuso,HTML+PDF,https://id.accademiadellacrusca.org/File/Download?code=353d98a3-22dc-4b66-8b25-7d2fc6f97843,C’è “chi [chiede] d’ | invidia | o di | gelosia | ”. E noi proviamo a rispondere | Paolo D'Achille | Pagine | 117-122 - | PDF
26073,https://id.accademiadellacrusca.org/articoli/propedeutico/26073,propedeutico,Propedeutico,Consulenze linguistiche,CONSULENZA LINGUISTICA,True,False,"XXVI, 2023/3 (luglio-settembre)",26038,chiuso,HTML+PDF,https://id.accademiadellacrusca.org/File/Download?code=acabc918-2de7-44c6-ae76-13a901bbdec6,Propedeutico | Stefano Telve | Pagine | 123-124 - | PDF
26074,https://id.accademiadellacrusca.org/articoli/affilato-e-appuntito-sono-sinonimi/26074,affilato-e-appuntito-sono-sinonimi,Affilato e appuntito sono sinonimi?,Consulenze linguistiche,CONSULENZA LINGUISTICA,True,False,"XXVI, 2023/3 (luglio-settembre)",26038,chiuso,HTML+PDF,https://id.accademiadellacrusca.org/File/Download?code=f7ea73a6-c2e7-4505-a934-15f621581439,Affilato | e | appuntito | sono sinonimi? | Manuela Manfredini | Pagine | 125-126 - | PDF
26075,https://id.accademiadellacrusca.org/articoli/fate-e-dite-di-tutto-ma-non-facete-e-dicete-niente/26075,fate-e-dite-di-tutto-ma-non-facete-e-dicete-niente,"Fate e dite di tutto, ma non facete e dicete niente!",Consulenze linguistiche,CONSULENZA LINGUISTICA,True,False,"XXVI, 2023/3 (luglio-settembre)",26038,chiuso,HTML+PDF,https://id.accademiadellacrusca.org/File/Download?code=0bc55972-1330-4178-9c5b-28237e980f59,"Fate e dite di tutto, ma non | facete | e | dicete | niente! | Barbara Patella | Pagine | 127-131 - | PDF"
26076,https://id.accademiadellacrusca.org/articoli/nei-dintorni-di-mettere/26076,nei-dintorni-di-mettere,Nei dintorni di mettere,Consulenze linguistiche,CONSULENZA LINGUISTICA,True,False,"XXVI, 2023/3 (luglio-settembre)",26038,chiuso,HTML+PDF,https://id.accademiadellacrusca.org/File/Download?code=a01aca19-a7e1-428a-8d87-c8f4675edae5,Nei dintorni di | mettere | Cristiana De Santis | Pagine | 132-134 - | PDF
26077,https://id.accademiadellacrusca.org/articoli/elettrlisi-aut-vel-elettrolsi/26077,elettrlisi-aut-vel-elettrolsi,Elettròlisi aut / vel elettrolìsi?,Consulenze linguistiche,CONSULENZA LINGUISTICA,True,False,"XXVI, 2023/3 (luglio-settembre)",26038,chiuso,HTML+PDF,https://id.accademiadellacrusca.org/File/Download?code=9162b7de-0ba5-499a-98ed-510d2f40774f,Elettròlisi | aut / vel | elettrolìsi? | Salvatore Claudio Sgroi | Pagine | 135-136 - | PDF
26078,https://id.accademiadellacrusca.org/articoli/sul-plurale-di-mango-e-avocado/26078,sul-plurale-di-mango-e-avocado,Sul plurale di mango e avocado,Consulenze linguistiche,CONSULENZA LINGUISTICA,True,False,"XXVI, 2023/3 (luglio-settembre)",26038,chiuso,HTML+PDF,https://id.accademiadellacrusca.org/File/Download?code=d111546b-677c-436d-94e1-70910e42ca45,Sul plurale di | mango | e | avocado | Anna M. Thornton | Pagine | 137-139 - | PDF
26080,https://id.accademiadellacrusca.org/articoli/puzzare-di-freddo/26080,puzzare-di-freddo,Puzzare di freddo,Consulenze linguistiche,CONSULENZA LINGUISTICA,True,False,"XXVI, 2023/3 (luglio-settembre)",26038,chiuso,HTML+PDF,https://id.accademiadellacrusca.org/File/Download?code=385132ae-fd13-45da-b5a4-b55204293304,Puzzare di freddo | Massimo Bellina | Pagine | 140-143 - | PDF
26070,https://id.accademiadellacrusca.org/articoli/novit-linguistiche-dal-pnrr-casa-della-o-di-comunit/26070,novit-linguistiche-dal-pnrr-casa-della-o-di-comunit,Novità linguistiche dal PNRR: casa della (o di ) comunità,Parole nuove,PAROLE NUOVE,False,True,"XXVI, 2023/3 (luglio-settembre)",26038,chiuso,HTML+PDF,https://id.accademiadellacrusca.org/File/Download?code=54d0f63e-9ab9-4d44-bd49-46b0454ccf79,Novità linguistiche dal PNRR: | casa della | (o | di | ) | comunità | Kevin De Vecchis | Pagine | 144-148 - | PDF
26079,https://id.accademiadellacrusca.org/articoli/due-tecnicismi-della-sociologia-omosociale-e-omosocialit/26079,due-tecnicismi-della-sociologia-omosociale-e-omosocialit,Due tecnicismi della sociologia: omosociale e omosocialità,Parole nuove,PAROLE NUOVE,False,True,"XXVI, 2023/3 (luglio-settembre)",26038,chiuso,HTML+PDF,https://id.accademiadellacrusca.org/File/Download?code=c7bb2430-1a51-4365-a377-db560cd64636,Due tecnicismi della sociologia: | omosociale | e | omosocialità | Sara Giovine | Pagine | 149-154 - | PDF
26089,https://id.accademiadellacrusca.org/articoli/maranza-un-vecchio-giovanilismo/26089,maranza-un-vecchio-giovanilismo,"Maranza , un vecchio giovanilismo",Parole nuove,PAROLE NUOVE,False,True,"XXVI, 2023/3 (luglio-settembre)",26038,chiuso,HTML+PDF,https://id.accademiadellacrusca.org/File/Download?code=96eea260-fdb6-443f-9c9f-cc91024302d4,"Maranza | , un vecchio giovanilismo | Luisa di Valvasone | Pagine | 155-161 - | PDF"
26082,https://id.accademiadellacrusca.org/articoli/camorra-mafia-ndrangheta-parte-i-origine-di-camorra/26082,camorra-mafia-ndrangheta-parte-i-origine-di-camorra,"CAMORRA , MAFIA , ’NDRANGHETA - parte I: origine di camorra",La Crusca rispose,LA CRUSCA RISPOSE,True,False,"XXVI, 2023/3 (luglio-settembre)",26038,chiuso,HTML+PDF,https://id.accademiadellacrusca.org/File/Download?code=b225a862-9989-4cf0-bb4c-27d704dca721,"CAMORRA | , | MAFIA | , | ’NDRANGHETA | - parte I: origine di | camorra | Alberto Nocentini | Pagine | 162-164 - | PDF"
26083,https://id.accademiadellacrusca.org/articoli/camorra-mafia-ndrangheta-parte-ii-origine-di-mafia/26083,camorra-mafia-ndrangheta-parte-ii-origine-di-mafia,"CAMORRA , MAFIA , ’NDRANGHETA - parte II: origine di mafia",La Crusca rispose,LA CRUSCA RISPOSE,True,False,"XXVI, 2023/3 (luglio-settembre)",26038,chiuso,HTML+PDF,https://id.accademiadellacrusca.org/File/Download?code=66df2e40-a34e-4aea-865b-ee24ae950975,"CAMORRA | , | MAFIA | , | ’NDRANGHETA | - parte II: origine di | mafia | Alberto Nocentini | Pagine | 165-166 - | PDF"
26084,https://id.accademiadellacrusca.org/articoli/camorra-mafia-ndrangheta-parte-iii-origine-di-ndrangheta/26084,camorra-mafia-ndrangheta-parte-iii-origine-di-ndrangheta,"CAMORRA , MAFIA , ’NDRANGHETA - parte III: origine di ’ndrangheta",La Crusca rispose,LA CRUSCA RISPOSE,True,False,"XXVI, 2023/3 (luglio-settembre)",26038,chiuso,HTML+PDF,https://id.accademiadellacrusca.org/File/Download?code=ea8cded0-58df-4b5e-ae4f-1469efbf812e,"CAMORRA | , | MAFIA | , | ’NDRANGHETA | - parte III: origine di | ’ndrangheta | Alberto Nocentini | Pagine | 167-168 - | PDF"
27148,https://id.accademiadellacrusca.org/articoli/excerpta-dalla-giornata-di-studi-la-lingua-dei-promessi-sposi-lavori-in-corso/27148,excerpta-dalla-giornata-di-studi-la-lingua-dei-promessi-sposi-lavori-in-corso,Excerpta dalla giornata di studi La lingua dei «Promessi sposi»: lavori in corso,Articoli,ARTICOLI,False,False,"XXVI, 2023/3 (luglio-settembre)",26038,chiuso,HTML+PDF,https://id.accademiadellacrusca.org/File/Download?code=f6b9c343-7e47-415e-965e-8846103bbd5b,Excerpta dalla giornata di studi | La lingua dei «Promessi sposi»: lavori in corso | Donatella Martinelli | Pagine | 169 - | PDF
27146,https://id.accademiadellacrusca.org/articoli/dai-promessi-sposi-al-cherubini-1839-1856-i-proverbi-non-dichiarati-nella-quarantana/27146,dai-promessi-sposi-al-cherubini-1839-1856-i-proverbi-non-dichiarati-nella-quarantana,Dai Promessi Sposi al Cherubini (1839-1856): i proverbi non dichiarati nella Quarantana,Articoli,ARTICOLI,False,False,"XXVI, 2023/3 (luglio-settembre)",26038,chiuso,HTML+PDF,https://id.accademiadellacrusca.org/File/Download?code=9ba67a2e-8b27-4b06-bd82-cec89e3fd19a,Dai | Promessi Sposi | al Cherubini (1839-1856): i proverbi non dichiarati nella Quarantana | Irene Rumine | Pagine | 170-188 - | PDF
27142,https://id.accademiadellacrusca.org/articoli/gli-studi-linguistici-sui-comici-toscani-da-cherubini-a-manzoni-osservazioni-su-alcune-postille-alla/27142,gli-studi-linguistici-sui-comici-toscani-da-cherubini-a-manzoni-osservazioni-su-alcune-postille-alla,Gli studi linguistici sui comici toscani da Cherubini a Manzoni: osservazioni su alcune postille alla prima edizione del Vocabolario milanese-italiano,Articoli,ARTICOLI,False,False,"XXVI, 2023/3 (luglio-settembre)",26038,chiuso,HTML+PDF,https://id.accademiadellacrusca.org/File/Download?code=31bd71e3-3cf6-4c48-926c-9b851aa570dc,Gli studi linguistici sui comici toscani da Cherubini a Manzoni: osservazioni su alcune postille alla prima edizione del | Vocabolario milanese-italiano | Sabina Ghirardi | Pagine | 189-199 - | PDF
27144,https://id.accademiadellacrusca.org/articoli/per-unindagine-fraseologica-dei-promessi-sposi/27144,per-unindagine-fraseologica-dei-promessi-sposi,Per un’indagine fraseologica dei Promessi sposi,Articoli,ARTICOLI,False,False,"XXVI, 2023/3 (luglio-settembre)",26038,chiuso,HTML+PDF,https://id.accademiadellacrusca.org/File/Download?code=fc788685-c6cf-45c3-bbb9-b0708538d5fc,Per un’indagine fraseologica dei | Promessi sposi | Ersilia Russo | Pagine | 200-211 - | PDF
27143,https://id.accademiadellacrusca.org/articoli/cantucci-dautore-sulle-funzioni-testuali-delle-parentesi-tonde-nei-promessi-sposi/27143,cantucci-dautore-sulle-funzioni-testuali-delle-parentesi-tonde-nei-promessi-sposi,"""Cantucci"" d’autore. Sulle funzioni testuali delle parentesi tonde nei Promessi Sposi",Articoli,ARTICOLI,False,False,"XXVI, 2023/3 (luglio-settembre)",26038,chiuso,HTML+PDF,https://id.accademiadellacrusca.org/File/Download?code=7d020013-0a94-498f-a2df-ad60280d49f6,"""Cantucci"" d’autore. Sulle funzioni testuali delle parentesi tonde nei | Promessi Sposi | Arianna Redaelli | Pagine | 212-232 - | PDF"
27147,https://id.accademiadellacrusca.org/articoli/tessere-secentesche/27147,tessere-secentesche,Tessere secentesche,Articoli,ARTICOLI,False,False,"XXVI, 2023/3 (luglio-settembre)",26038,chiuso,HTML+PDF,https://id.accademiadellacrusca.org/File/Download?code=9f147e29-7bbc-458f-9343-7d61b9ea7f2e,Tessere secentesche | Donatella Martinelli | Pagine | 233-240 - | PDF
27141,https://id.accademiadellacrusca.org/articoli/manzoni-e-carena-postille-lettere-e-vocabolari/27141,manzoni-e-carena-postille-lettere-e-vocabolari,"Manzoni e Carena. Postille, lettere e vocabolari",Articoli,ARTICOLI,False,False,"XXVI, 2023/3 (luglio-settembre)",26038,chiuso,HTML+PDF,https://id.accademiadellacrusca.org/File/Download?code=0a6134f9-7c1a-4273-a94d-e6a115ac05f3,"Manzoni e Carena. Postille, lettere e vocabolari | Jacopo Ferrari | Pagine | 241-249 - | PDF"
26046,https://id.accademiadellacrusca.org/articoli/molte-componenti-nella-scelta-difficile-ma-perfettibile-delle-prove-di-maturit/26046,molte-componenti-nella-scelta-difficile-ma-perfettibile-delle-prove-di-maturit,Molte componenti nella scelta difficile ma perfettibile delle prove di maturità,Temi di discussione,TEMI DI DISCUSSIONE,False,False,"XXVI, 2023/3 (luglio-settembre)",26038,chiuso,HTML+PDF,https://id.accademiadellacrusca.org/File/Download?code=00c8a41c-10d6-49c2-82f0-61a73bb37388,Molte componenti nella scelta difficile ma perfettibile delle prove di maturità | Rita Librandi | Pagine | 250-252 - | PDF
26065,https://id.accademiadellacrusca.org/articoli/scrivere-per-s/26065,scrivere-per-s,Scrivere per sé,Temi di discussione,TEMI DI DISCUSSIONE,False,False,"XXVI, 2023/3 (luglio-settembre)",26038,chiuso,HTML+PDF,https://id.accademiadellacrusca.org/File/Download?code=7776627d-f8a2-4ad8-946a-e62b1bbc9ea4,Scrivere per sé | Lorenzo Tomasin | Pagine | 253-255 - | PDF
31255,https://id.accademiadellacrusca.org/articoli/notizie-dall-accademia/31255,notizie-dall-accademia,Notizie dall'Accademia,Notizie,NOTIZIE,False,False,"XXVI, 2023/3 (luglio-settembre)",26038,chiuso,HTML+PDF,https://id.accademiadellacrusca.org/File/Download?code=d1687784-badc-46bc-9afb-c31df43e35aa,Notizie dall'Accademia | A cura del comitato di redazione | Pagine | 256-257 - | PDF
27137,https://id.accademiadellacrusca.org/articoli/bibliografia-della-consulenza-linguistica/27137,bibliografia-della-consulenza-linguistica,Bibliografia della Consulenza linguistica,Bibliografia,BIBLIOGRAFIA,False,False,"XXVI, 2023/3 (luglio-settembre)",26038,chiuso,HTML+PDF,https://id.accademiadellacrusca.org/File/Download?code=ae74a00a-76cd-42f0-a95b-d687da487564,Bibliografia della Consulenza linguistica | Pagine | 258-262 - | PDF
27129,https://id.accademiadellacrusca.org/articoli/editoriale-del-direttore/27129,editoriale-del-direttore,Editoriale del direttore,Editoriale,EDITORIALE,False,False,"XXV, 2023/2 (aprile-giugno)",24994,chiuso,HTML+PDF,https://id.accademiadellacrusca.org/File/Download?code=1e853d67-071e-419e-a008-913eb5a9f083,Editoriale del direttore | Marco Biffi | Pagine | 1-2 - | PDF
24993,https://id.accademiadellacrusca.org/articoli/ma-che-strano-il-che-esclamativo-sembra-ancora-scorretto/24993,ma-che-strano-il-che-esclamativo-sembra-ancora-scorretto,Ma che strano! Il che esclamativo sembra ancora scorretto,Consulenze linguistiche,CONSULENZA LINGUISTICA,True,False,"XXV, 2023/2 (aprile-giugno)",24994,chiuso,HTML+PDF,https://id.accademiadellacrusca.org/File/Download?code=57903554-8027-4da6-a121-231a05d76f31,Ma | che | strano! Il | che | esclamativo sembra ancora scorretto | Cristiana De Santis | Pagine | 3-4 - | PDF
24995,https://id.accademiadellacrusca.org/articoli/gli-aggettivi-in-nte-e-il-nome-di-qualita-proposito-di-eclatanza-coprenza-eminenza-e-eccellenza/24995,gli-aggettivi-in-nte-e-il-nome-di-qualita-proposito-di-eclatanza-coprenza-eminenza-e-eccellenza,"Gli aggettivi in -nte e il nome di qualità A proposito di eclatanza , coprenza , eminenza e eccellenza",Consulenze linguistiche,CONSULENZA LINGUISTICA,True,False,"XXV, 2023/2 (aprile-giugno)",24994,chiuso,HTML+PDF,https://id.accademiadellacrusca.org/File/Download?code=db318dd7-1ae0-4cf9-9726-761552d87649,"Gli aggettivi in | -nte | e il nome di qualità | A proposito di | eclatanza | , | coprenza | , | eminenza | e | eccellenza | Livio Gaeta | Pagine | 5-7 - | PDF"
24996,https://id.accademiadellacrusca.org/articoli/se-non-scriviamo-daccordissimo-andiamo-daccordo/24996,se-non-scriviamo-daccordissimo-andiamo-daccordo,Se non scriviamo daccordissimo andiamo d’accordo,Consulenze linguistiche,CONSULENZA LINGUISTICA,True,False,"XXV, 2023/2 (aprile-giugno)",24994,chiuso,HTML+PDF,https://id.accademiadellacrusca.org/File/Download?code=41ef7b2c-6f64-4ac2-aac0-d2803dfdeb06,Se non scriviamo | daccordissimo | andiamo | d’accordo | Franz Ranier | Pagine | 8-9 - | PDF
24998,https://id.accademiadellacrusca.org/articoli/lora-libera-a-scuola-esiste-e-ha-diversi-nomi/24998,lora-libera-a-scuola-esiste-e-ha-diversi-nomi,L’ora libera a scuola? Esiste e ha diversi nomi,Consulenze linguistiche,CONSULENZA LINGUISTICA,True,False,"XXV, 2023/2 (aprile-giugno)",24994,chiuso,HTML+PDF,https://id.accademiadellacrusca.org/File/Download?code=7ea46f05-97c2-434c-8161-a15bd8910b00,L’ora libera a scuola? Esiste e ha diversi nomi | Kevin De Vecchis | Pagine | 10-20 - | PDF
24999,https://id.accademiadellacrusca.org/articoli/fare-profumo-fare-puzza-altri-modi-di-odorare/24999,fare-profumo-fare-puzza-altri-modi-di-odorare,"Fare profumo , fare puzza : altri modi di odorare",Consulenze linguistiche,CONSULENZA LINGUISTICA,True,False,"XXV, 2023/2 (aprile-giugno)",24994,chiuso,HTML+PDF,https://id.accademiadellacrusca.org/File/Download?code=350e708d-ad8a-4fa7-bd07-ea290b71f59c,"Fare profumo | , | fare puzza | : altri modi di odorare | Massimo Bellina | Pagine | 21-22 - | PDF"
25003,https://id.accademiadellacrusca.org/articoli/la-fondamenta--senza-fondamento/25003,la-fondamenta--senza-fondamento,La fondamenta è senza fondamento,Consulenze linguistiche,CONSULENZA LINGUISTICA,True,False,"XXV, 2023/2 (aprile-giugno)",24994,chiuso,HTML+PDF,https://id.accademiadellacrusca.org/File/Download?code=da100803-0997-4170-84b3-6fb6572fd911,La fondamenta | è senza fondamento | Anna M. Thornton | Pagine | 23-25 - | PDF
25004,https://id.accademiadellacrusca.org/articoli/sulla-congiunzione-nonch/25004,sulla-congiunzione-nonch,Sulla congiunzione nonché,Consulenze linguistiche,CONSULENZA LINGUISTICA,True,False,"XXV, 2023/2 (aprile-giugno)",24994,chiuso,solo HTML,,Sulla congiunzione | nonché | Giuseppe Patota | Pagine | 26-27 - | STAMPA
25005,https://id.accademiadellacrusca.org/articoli/il-paroliere--un-poeta-non-un-parolaio/25005,il-paroliere--un-poeta-non-un-parolaio,"Il paroliere è un poeta, non un parolaio!",Consulenze linguistiche,CONSULENZA LINGUISTICA,True,False,"XXV, 2023/2 (aprile-giugno)",24994,chiuso,HTML+PDF,https://id.accademiadellacrusca.org/File/Download?code=4d5f57ce-965b-46b4-88e1-0a3f6f368205,"Il | paroliere | è un poeta, non un parolaio! | Paolo D'Achille | Pagine | 28-33 - | PDF"
25006,https://id.accademiadellacrusca.org/articoli/sullorigine-dellespressione-fare-le-fiche/25006,sullorigine-dellespressione-fare-le-fiche,Sull’origine dell’espressione fare le fiche,Consulenze linguistiche,CONSULENZA LINGUISTICA,True,False,"XXV, 2023/2 (aprile-giugno)",24994,chiuso,HTML+PDF,https://id.accademiadellacrusca.org/File/Download?code=47c6d065-dac4-4e36-a4bd-799ad87c8480,Sull’origine dell’espressione | fare le fiche | Francesca Spinelli | Pagine | 34-38 - | PDF
25007,https://id.accademiadellacrusca.org/articoli/-possibile-appartare-la-merce/25007,-possibile-appartare-la-merce,È possibile appartare la merce?,Consulenze linguistiche,CONSULENZA LINGUISTICA,True,False,"XXV, 2023/2 (aprile-giugno)",24994,chiuso,HTML+PDF,https://id.accademiadellacrusca.org/File/Download?code=1829339a-c657-4427-a312-90d370c2c97b,È possibile | appartare | la merce? | Elisa Altissimi | Pagine | 39-40 - | PDF
25009,https://id.accademiadellacrusca.org/articoli/educazionale/25009,educazionale,Educazionale,Consulenze linguistiche,CONSULENZA LINGUISTICA,True,False,"XXV, 2023/2 (aprile-giugno)",24994,chiuso,HTML+PDF,https://id.accademiadellacrusca.org/File/Download?code=c33e900d-cd62-4ed7-84eb-2a1c3d538de1,Educazionale | Franz Rainer | Pagine | 41-42 - | PDF
25010,https://id.accademiadellacrusca.org/articoli/scambiare-un-colore-si-pu/25010,scambiare-un-colore-si-pu,Scambiare un colore si può?,Consulenze linguistiche,CONSULENZA LINGUISTICA,True,False,"XXV, 2023/2 (aprile-giugno)",24994,chiuso,HTML+PDF,https://id.accademiadellacrusca.org/File/Download?code=130ac4a8-1b97-4b87-a0ce-365b45b6eee7,Scambiare un colore | si può? | Rita Librandi | Pagine | 43-45 - | PDF
25011,https://id.accademiadellacrusca.org/articoli/sicch/25011,sicch,Sicché,Consulenze linguistiche,CONSULENZA LINGUISTICA,True,False,"XXV, 2023/2 (aprile-giugno)",24994,chiuso,HTML+PDF,https://id.accademiadellacrusca.org/File/Download?code=393c571f-e94e-407c-af8e-d00ec9cc81fa,Sicché | Marco Mazzoleni | Pagine | 46-50 - | PDF
25012,https://id.accademiadellacrusca.org/articoli/ricettazione-in-cucina-un-caso-linguistico/25012,ricettazione-in-cucina-un-caso-linguistico,Ricettazione in cucina: un caso linguistico,Consulenze linguistiche,CONSULENZA LINGUISTICA,True,False,"XXV, 2023/2 (aprile-giugno)",24994,chiuso,HTML+PDF,https://id.accademiadellacrusca.org/File/Download?code=74d1e9a4-85db-4408-80e8-cecccb6af420,Ricettazione | in cucina: un caso linguistico | Monica Alba | Pagine | 51-54 - | PDF
25013,https://id.accademiadellacrusca.org/articoli/mettere-o-togliere-una-capsula-incapsulare-e-decapsulare-incapsulamento-o-incapsulazione/25013,mettere-o-togliere-una-capsula-incapsulare-e-decapsulare-incapsulamento-o-incapsulazione,"Mettere o togliere una capsula: incapsulare e decapsulare , incapsulamento o incapsulazione ?",Consulenze linguistiche,CONSULENZA LINGUISTICA,True,False,"XXV, 2023/2 (aprile-giugno)",24994,chiuso,HTML+PDF,https://id.accademiadellacrusca.org/File/Download?code=ae0441d1-7992-45be-917e-6051c06bfda7,"Mettere o togliere una capsula: | incapsulare | e | decapsulare | , | incapsulamento | o | incapsulazione | ? | Claudio Iacobini e Mikaela Cordisco | Pagine | 55-58 - | PDF"
25014,https://id.accademiadellacrusca.org/articoli/dubbi-sul-gerundio/25014,dubbi-sul-gerundio,Dubbi sul gerundio,Consulenze linguistiche,CONSULENZA LINGUISTICA,True,False,"XXV, 2023/2 (aprile-giugno)",24994,chiuso,HTML+PDF,https://id.accademiadellacrusca.org/File/Download?code=b6272e6f-38aa-4df7-ba37-335e0448891c,Dubbi sul gerundio | Marcello Barbato | Pagine | 59-61 - | PDF
26014,https://id.accademiadellacrusca.org/articoli/violazione-a-una-norma-o-di-una-norma/26014,violazione-a-una-norma-o-di-una-norma,Violazione a una norma o di una norma?,Consulenze linguistiche,CONSULENZA LINGUISTICA,True,False,"XXV, 2023/2 (aprile-giugno)",24994,chiuso,HTML+PDF,https://id.accademiadellacrusca.org/File/Download?code=a75ad06b-a0c4-4c5d-ad0c-f756601a5a93,Violazione a | una norma o | di | una norma? | Vittorio Coletti | Pagine | 62-63 - | PDF
26015,https://id.accademiadellacrusca.org/articoli/lorologio-tradizionale-ha-lancette-sfere-o-spere/26015,lorologio-tradizionale-ha-lancette-sfere-o-spere,"L’orologio (tradizionale) ha lancette , sfere o spere ?",Consulenze linguistiche,CONSULENZA LINGUISTICA,True,False,"XXV, 2023/2 (aprile-giugno)",24994,chiuso,HTML+PDF,https://id.accademiadellacrusca.org/File/Download?code=360c64b6-e723-41ce-a2ec-0495ca6e0620,"L’orologio (tradizionale) ha | lancette | , | sfere | o | spere | ? | Andrea Riga | Pagine | 64-68 - | PDF"
26016,https://id.accademiadellacrusca.org/articoli/tasca-e-sacca-geosinonimi-parziali/26016,tasca-e-sacca-geosinonimi-parziali,Tasca e sacca : geosinonimi parziali,Consulenze linguistiche,CONSULENZA LINGUISTICA,True,False,"XXV, 2023/2 (aprile-giugno)",24994,chiuso,HTML+PDF,https://id.accademiadellacrusca.org/File/Download?code=3700680f-7a7d-4073-b296-ba55d444cc96,Tasca | e | sacca | : geosinonimi parziali | Cristiana Di Bonito | Pagine | 69-74 - | PDF
26017,https://id.accademiadellacrusca.org/articoli/le-decisioni-si-prendono-ma-le-scelte-si-fanno/26017,le-decisioni-si-prendono-ma-le-scelte-si-fanno,Le decisioni si prendono ma le scelte si fanno,Consulenze linguistiche,CONSULENZA LINGUISTICA,True,False,"XXV, 2023/2 (aprile-giugno)",24994,chiuso,HTML+PDF,https://id.accademiadellacrusca.org/File/Download?code=4bcb8d5b-a82f-4797-843e-9fb812ce1823,Le decisioni | si prendono | ma le scelte | si fanno | Luigi Spagnolo | Pagine | 75-77 - | PDF
26018,https://id.accademiadellacrusca.org/articoli/possiamo-criticare-le-criticit/26018,possiamo-criticare-le-criticit,Possiamo criticare le criticità ?,Consulenze linguistiche,CONSULENZA LINGUISTICA,True,False,"XXV, 2023/2 (aprile-giugno)",24994,chiuso,HTML+PDF,https://id.accademiadellacrusca.org/File/Download?code=c1c7a645-2978-4169-bff9-b5579946e0a0,Possiamo criticare le | criticità | ? | Vittorio Coletti | Pagine | 78-80 - | PDF
26019,https://id.accademiadellacrusca.org/articoli/mantca/26019,mantca,Mantèca,Consulenze linguistiche,CONSULENZA LINGUISTICA,True,False,"XXV, 2023/2 (aprile-giugno)",24994,chiuso,HTML+PDF,https://id.accademiadellacrusca.org/File/Download?code=4971d57f-297b-4543-915a-bcfada388443,Mantèca | Miriam Di Carlo | Pagine | 81-88 - | PDF
26020,https://id.accademiadellacrusca.org/articoli/c-eroina-e-eroina/26020,c-eroina-e-eroina,C’è eroina e eroina …,Consulenze linguistiche,CONSULENZA LINGUISTICA,True,False,"XXV, 2023/2 (aprile-giugno)",24994,chiuso,HTML+PDF,https://id.accademiadellacrusca.org/File/Download?code=1413b953-a0e4-46ad-992e-e02cba088484,C’è | eroina | e | eroina | … | Anna M. Thornton | Pagine | 89-93 - | PDF
26021,https://id.accademiadellacrusca.org/articoli/non-dire-se-non-lhai-nel-sacco/26021,non-dire-se-non-lhai-nel-sacco,Non dire… se non l’hai nel sacco,Consulenze linguistiche,CONSULENZA LINGUISTICA,True,False,"XXV, 2023/2 (aprile-giugno)",24994,chiuso,HTML+PDF,https://id.accademiadellacrusca.org/File/Download?code=911cda0b-7018-4c30-ba66-aa5515aa6ead,Non dire… se non l’hai nel sacco | Erling Strudsholm | Pagine | 94-95 - | PDF
26022,https://id.accademiadellacrusca.org/articoli/se-non-il-migliore/26022,se-non-il-migliore,Se non il migliore…,Consulenze linguistiche,CONSULENZA LINGUISTICA,True,False,"XXV, 2023/2 (aprile-giugno)",24994,chiuso,HTML+PDF,https://id.accademiadellacrusca.org/File/Download?code=dcd028a4-6b24-4e13-82e6-c1a1e1d912fc,Se non il migliore… | Vittorio Coletti | Pagine | 96-97 - | PDF
26023,https://id.accademiadellacrusca.org/articoli/non-mi-parlare-sopra/26023,non-mi-parlare-sopra,Non mi parlare sopra !,Consulenze linguistiche,CONSULENZA LINGUISTICA,True,False,"XXV, 2023/2 (aprile-giugno)",24994,chiuso,HTML+PDF,https://id.accademiadellacrusca.org/File/Download?code=57e0ccf6-59e9-4f6b-8092-a82f9eeff2d2,Non mi | parlare sopra | ! | Andrea Riga | Pagine | 98-102 - | PDF
26024,https://id.accademiadellacrusca.org/articoli/finestra-ambta-ambre-la-finestra/26024,finestra-ambta-ambre-la-finestra,Finestra ambàta / ambàre la finestra,Consulenze linguistiche,CONSULENZA LINGUISTICA,True,False,"XXV, 2023/2 (aprile-giugno)",24994,chiuso,HTML+PDF,https://id.accademiadellacrusca.org/File/Download?code=463260b1-53ea-4d40-932a-626d554f112b,Finestra ambàta / ambàre la finestra | Emanuele Banfi | Pagine | 103-106 - | PDF
26025,https://id.accademiadellacrusca.org/articoli/che-ridere/26025,che-ridere,Che ridere!,Consulenze linguistiche,CONSULENZA LINGUISTICA,True,False,"XXV, 2023/2 (aprile-giugno)",24994,chiuso,HTML+PDF,https://id.accademiadellacrusca.org/File/Download?code=3481b52b-f019-45be-b481-6ad9facddc71,Che ridere! | Letizia Lala | Pagine | 107-108 - | PDF
26026,https://id.accademiadellacrusca.org/articoli/quale-ossimoro--preferibile-grandi-minori-o-minori-grandi/26026,quale-ossimoro--preferibile-grandi-minori-o-minori-grandi,Quale ossimoro è preferibile: grandi minori o minori grandi ?,Consulenze linguistiche,CONSULENZA LINGUISTICA,True,False,"XXV, 2023/2 (aprile-giugno)",24994,chiuso,HTML+PDF,https://id.accademiadellacrusca.org/File/Download?code=c453d18d-0040-4ce5-a95f-5c6f899c0a1d,Quale ossimoro è preferibile: | grandi minori | o | minori grandi | ? | Kevin De Vecchis | Pagine | 109-112 - | PDF
26027,https://id.accademiadellacrusca.org/articoli/strinto-o-stretto-due-forme-per-il-participio-passato-di-stringere/26027,strinto-o-stretto-due-forme-per-il-participio-passato-di-stringere,Strinto o stretto ? Due forme per il participio passato di stringere,Consulenze linguistiche,CONSULENZA LINGUISTICA,True,False,"XXV, 2023/2 (aprile-giugno)",24994,chiuso,HTML+PDF,https://id.accademiadellacrusca.org/File/Download?code=67ac47cb-eff0-46e3-aae2-9da8a51912b4,Strinto | o | stretto | ? Due forme per il participio passato di | stringere | Luca Lo Re | Pagine | 113-116 - | PDF
26028,https://id.accademiadellacrusca.org/articoli/che-colore--lincarnato/26028,che-colore--lincarnato,Che colore è l’ incarnato ?,Consulenze linguistiche,CONSULENZA LINGUISTICA,True,False,"XXV, 2023/2 (aprile-giugno)",24994,chiuso,HTML+PDF,https://id.accademiadellacrusca.org/File/Download?code=58f69a73-9b8c-4c60-af51-6a16a057dcd3,Che colore è l’ | incarnato | ? | Elisa Altissimi | Pagine | 117-119 - | PDF
26029,https://id.accademiadellacrusca.org/articoli/se-tommaso-moro-ha-inventato-lutopia-com-nata-e-cos-la-distopia/26029,se-tommaso-moro-ha-inventato-lutopia-com-nata-e-cos-la-distopia,"Se Tommaso Moro ha inventato l’ Utopia , com’è nata e cos’è la distopia ?",Consulenze linguistiche,CONSULENZA LINGUISTICA,True,False,"XXV, 2023/2 (aprile-giugno)",24994,chiuso,HTML+PDF,https://id.accademiadellacrusca.org/File/Download?code=ad90562d-12f0-4955-ae71-63d9b3454ddc,"Se Tommaso Moro ha inventato l’ | Utopia | , com’è nata e cos’è la | distopia | ? | Matteo Agolini | Pagine | 120-124 - | PDF"
26030,https://id.accademiadellacrusca.org/articoli/flittena-o-flittene-dubbi-pruriginosi/26030,flittena-o-flittene-dubbi-pruriginosi,Flittena o flittene : dubbi pruriginosi,Consulenze linguistiche,CONSULENZA LINGUISTICA,True,False,"XXV, 2023/2 (aprile-giugno)",24994,chiuso,HTML+PDF,https://id.accademiadellacrusca.org/File/Download?code=2eb5cde4-d523-45d9-8f6c-ac28d0041087,Flittena | o | flittene | : dubbi pruriginosi | Kevin De Vecchis | Pagine | 125-130 - | PDF
26032,https://id.accademiadellacrusca.org/articoli/come-si-costruisce-valere-la-pena-vale-la-pena-di-rispondere-o-vale-la-pena-rispondere/26032,come-si-costruisce-valere-la-pena-vale-la-pena-di-rispondere-o-vale-la-pena-rispondere,Come si costruisce valere la pena ? Vale la pena di rispondere o vale la pena rispondere?,Consulenze linguistiche,CONSULENZA LINGUISTICA,True,False,"XXV, 2023/2 (aprile-giugno)",24994,chiuso,HTML+PDF,https://id.accademiadellacrusca.org/File/Download?code=62f2b587-1071-4ebd-b74a-27485cbaa49d,Come si costruisce | valere la pena | ? | Vale la pena di | rispondere o | vale la pena | rispondere? | Raffaella Setti | Pagine | 131-136 - | PDF
26034,https://id.accademiadellacrusca.org/articoli/si-pu-socializzare-un-concetto/26034,si-pu-socializzare-un-concetto,Si può socializzare un concetto?,Consulenze linguistiche,CONSULENZA LINGUISTICA,True,False,"XXV, 2023/2 (aprile-giugno)",24994,chiuso,HTML+PDF,https://id.accademiadellacrusca.org/File/Download?code=c0c14eec-f98c-41f4-ad40-02d8b60e79dd,Si può | socializzare | un concetto? | Paola Cantoni | Pagine | 137-139 - | PDF
26035,https://id.accademiadellacrusca.org/articoli/su-alcuni-usi-regionali-del-verbo-cacciare/26035,su-alcuni-usi-regionali-del-verbo-cacciare,Su alcuni usi regionali del verbo cacciare,Consulenze linguistiche,CONSULENZA LINGUISTICA,True,False,"XXV, 2023/2 (aprile-giugno)",24994,chiuso,HTML+PDF,https://id.accademiadellacrusca.org/File/Download?code=c05db99b-88a8-478b-be0c-9fe07a4e32fb,Su alcuni usi regionali del verbo | cacciare | Francesco Avolio | Pagine | 140-141 - | PDF
25008,https://id.accademiadellacrusca.org/articoli/agnellato-e-agnellata-tanti-significati-di-due-parole-che-non-si-trovano-nei-dizionari/25008,agnellato-e-agnellata-tanti-significati-di-due-parole-che-non-si-trovano-nei-dizionari,Agnellato e agnellata : tanti significati di due parole che non si trovano nei dizionari,Parole nuove,PAROLE NUOVE,False,True,"XXV, 2023/2 (aprile-giugno)",24994,chiuso,HTML+PDF,https://id.accademiadellacrusca.org/File/Download?code=dc7a2609-1c29-49b7-b4a5-dd3bc0a49186,Agnellato | e | agnellata | : tanti significati di due parole che non si trovano nei dizionari | Miriam Di Carlo | Pagine | 142-149 - | PDF
26031,https://id.accademiadellacrusca.org/articoli/omnicanale-e-omnicanalit/26031,omnicanale-e-omnicanalit,Omnicanale e omnicanalità,Parole nuove,PAROLE NUOVE,False,True,"XXV, 2023/2 (aprile-giugno)",24994,chiuso,HTML+PDF,https://id.accademiadellacrusca.org/File/Download?code=cc3136f6-a413-43f7-98e5-0298f9c8e761,Omnicanale | e | omnicanalità | Miriam Di Carlo | Pagine | 150-157 - | PDF
26033,https://id.accademiadellacrusca.org/articoli/facciamo-un-recap-della-situazione/26033,facciamo-un-recap-della-situazione,Facciamo un recap della situazione,Parole nuove,PAROLE NUOVE,False,True,"XXV, 2023/2 (aprile-giugno)",24994,chiuso,HTML+PDF,https://id.accademiadellacrusca.org/File/Download?code=8b42916b-6c4a-4d54-ab8c-4a4b5a580743,Facciamo un | recap | della situazione | Miriam Di Carlo | Pagine | 158-164 - | PDF
24953,https://id.accademiadellacrusca.org/articoli/cioccolata-o-cioccolato/24953,cioccolata-o-cioccolato,Cioccolata o cioccolato ?,La Crusca rispose,LA CRUSCA RISPOSE,True,False,"XXV, 2023/2 (aprile-giugno)",24994,chiuso,HTML+PDF,https://id.accademiadellacrusca.org/File/Download?code=16eddee1-ba86-46b3-9f2f-b4c97723a377,Cioccolata | o | cioccolato | ? | Matilde Paoli | Pagine | 165-166 - | PDF
24952,https://id.accademiadellacrusca.org/articoli/si-dice-arancio-o-arancia/24952,si-dice-arancio-o-arancia,Si dice arancio o arancia ?,La Crusca rispose,LA CRUSCA RISPOSE,True,False,"XXV, 2023/2 (aprile-giugno)",24994,chiuso,HTML+PDF,https://id.accademiadellacrusca.org/File/Download?code=730003a3-3c34-4288-819a-5334c86f3cf1,Si dice | arancio | o | arancia | ? | Matilde Paoli | Pagine | 167-170 - | PDF
24951,https://id.accademiadellacrusca.org/articoli/marrone-e-arancione-invariabili/24951,marrone-e-arancione-invariabili,Marrone e arancione : invariabili?,La Crusca rispose,LA CRUSCA RISPOSE,True,False,"XXV, 2023/2 (aprile-giugno)",24994,chiuso,HTML+PDF,https://id.accademiadellacrusca.org/File/Download?code=886d1011-b24f-4e4b-85ed-db2693a4f7c2,Marrone | e | arancione | : invariabili? | Simona Cresti | Pagine | 171-174 - | PDF
26042,https://id.accademiadellacrusca.org/articoli/un-grecismo-ricalcato-sul-tedesco-per-la-storia-di-empatia/26042,un-grecismo-ricalcato-sul-tedesco-per-la-storia-di-empatia,Un grecismo ricalcato sul tedesco: per la storia di empatia,Articoli,ARTICOLI,False,False,"XXV, 2023/2 (aprile-giugno)",24994,chiuso,HTML+PDF,https://id.accademiadellacrusca.org/File/Download?code=2082981d-d17d-4288-9247-d55835ecf26d,Un grecismo ricalcato sul tedesco: per la storia di | empatia | Matteo Agolini | Pagine | 175-183 - | PDF
26054,https://id.accademiadellacrusca.org/articoli/lo-stravento-soffia-dal-mare/26054,lo-stravento-soffia-dal-mare,Lo stravento soffia dal mare?,Articoli,ARTICOLI,False,False,"XXV, 2023/2 (aprile-giugno)",24994,chiuso,HTML+PDF,https://id.accademiadellacrusca.org/File/Download?code=9e564742-4a12-4c8b-b76e-fb637579691f,Lo | stravento | soffia dal mare? | Matilde Paoli | Pagine | 184-196 - | PDF
26066,https://id.accademiadellacrusca.org/articoli/labirinti-di-parole-grifo-grifodico/26066,labirinti-di-parole-grifo-grifodico,"Labirinti di parole: grifo , grifodico",Articoli,ARTICOLI,False,False,"XXV, 2023/2 (aprile-giugno)",24994,chiuso,HTML+PDF,https://id.accademiadellacrusca.org/File/Download?code=4f8f5317-5940-4a70-8972-d76b773e0a4b,"Labirinti di parole: | grifo | , | grifodico | Mariella Canzani | Pagine | 197-207 - | PDF"
24997,https://id.accademiadellacrusca.org/articoli/nuove-leggi-sull-italiano-ma-sono-davvero-politica-linguistica/24997,nuove-leggi-sull-italiano-ma-sono-davvero-politica-linguistica,"Nuove leggi sull'italiano. Ma sono davvero ""politica linguistica""?",Temi di discussione,TEMI DI DISCUSSIONE,False,False,"XXV, 2023/2 (aprile-giugno)",24994,chiuso,HTML+PDF,https://id.accademiadellacrusca.org/File/Download?code=2fd2f93e-1cad-4c38-b58f-6a2f0d38e17b,"Nuove leggi sull'italiano. Ma sono davvero ""politica linguistica""? | Claudio Marazzini | Pagine | 208-215 - | PDF"
26036,https://id.accademiadellacrusca.org/articoli/la-letteratura-a-scuola-oggi/26036,la-letteratura-a-scuola-oggi,"La letteratura a scuola, oggi",Temi di discussione,TEMI DI DISCUSSIONE,False,False,"XXV, 2023/2 (aprile-giugno)",24994,chiuso,HTML+PDF,https://id.accademiadellacrusca.org/File/Download?code=68e99c67-ba86-4aa6-908b-39e17b4ad1d1,"La letteratura a scuola, oggi | Vittorio Coletti | Pagine | 216-218 - | PDF"
27128,https://id.accademiadellacrusca.org/articoli/notizie-dall-accademia/27128,notizie-dall-accademia,Notizie dall'Accademia,Notizie,NOTIZIE,False,False,"XXV, 2023/2 (aprile-giugno)",24994,chiuso,HTML+PDF,https://id.accademiadellacrusca.org/File/Download?code=0ede58be-d9a3-473f-9fc1-8198aed72da3,Notizie dall'Accademia | A cura del comitato di redazione | Pagine | 219-221 - | PDF
27130,https://id.accademiadellacrusca.org/articoli/bibliografia-della-consulenza-linguistica/27130,bibliografia-della-consulenza-linguistica,Bibliografia della Consulenza linguistica,Bibliografia,BIBLIOGRAFIA,False,False,"XXV, 2023/2 (aprile-giugno)",24994,chiuso,HTML+PDF,https://id.accademiadellacrusca.org/File/Download?code=1fa29e2e-7973-47fe-8dfd-c7a52999fbe1,Bibliografia della Consulenza linguistica | Pagine | 222-225 - | PDF
26043,https://id.accademiadellacrusca.org/articoli/editoriale-del-direttore/26043,editoriale-del-direttore,Editoriale del direttore,Editoriale,EDITORIALE,False,False,"XXIV, 2023/1 (gennaio-marzo)",23935,chiuso,HTML+PDF,https://id.accademiadellacrusca.org/File/Download?code=e6735a87-0072-4dcf-96fb-0c99c9dc7318,Editoriale del direttore | Marco Biffi | Pagine | 1-2 - | PDF
23934,https://id.accademiadellacrusca.org/articoli/propriocezione-e-propiocezione-troviamo-un-equilibrio-tra-le-oscillazioni-della-lingua/23934,propriocezione-e-propiocezione-troviamo-un-equilibrio-tra-le-oscillazioni-della-lingua,Propriocezione e propiocezione : troviamo un equilibrio tra le oscillazioni della lingua,Consulenze linguistiche,CONSULENZA LINGUISTICA,True,False,"XXIV, 2023/1 (gennaio-marzo)",23935,chiuso,HTML+PDF,https://id.accademiadellacrusca.org/File/Download?code=11be746c-0f2c-43d5-9a9b-0493de1b60d3,Propriocezione | e | propiocezione | : troviamo un equilibrio tra le oscillazioni della lingua | Simona Cresti | Pagine | 3-11 - | PDF
23936,https://id.accademiadellacrusca.org/articoli/volontario-volontariato-e-volontariet/23936,volontario-volontariato-e-volontariet,"Volontario , volontariato e volontarietà",Consulenze linguistiche,CONSULENZA LINGUISTICA,True,False,"XXIV, 2023/1 (gennaio-marzo)",23935,chiuso,HTML+PDF,https://id.accademiadellacrusca.org/File/Download?code=4d95bace-1ee7-443c-b643-55aa47e14a68,"Volontario | , | volontariato | e | volontarietà | Valeria Della Valle | Pagine | 12-13 - | PDF"
23938,https://id.accademiadellacrusca.org/articoli/imprimito/23938,imprimito,Imprimito,Consulenze linguistiche,CONSULENZA LINGUISTICA,True,False,"XXIV, 2023/1 (gennaio-marzo)",23935,chiuso,HTML+PDF,https://id.accademiadellacrusca.org/File/Download?code=c5e29235-d496-4d34-90ff-7068866dbd0c,Imprimito | Claudio Marazzini | Pagine | 14-15 - | PDF
24938,https://id.accademiadellacrusca.org/articoli/texture/24938,texture,Texture,Consulenze linguistiche,CONSULENZA LINGUISTICA,True,False,"XXIV, 2023/1 (gennaio-marzo)",23935,chiuso,HTML+PDF,https://id.accademiadellacrusca.org/File/Download?code=b848341a-6994-4c2c-858f-1cb8e6104e4c,Texture | Miriam Di Carlo | Pagine | 16-25 - | PDF
24939,https://id.accademiadellacrusca.org/articoli/narrativa-e-narrazione/24939,narrativa-e-narrazione,Narrativa e narrazione,Consulenze linguistiche,CONSULENZA LINGUISTICA,True,False,"XXIV, 2023/1 (gennaio-marzo)",23935,chiuso,HTML+PDF,https://id.accademiadellacrusca.org/File/Download?code=06a48d8d-7d9e-4f00-8507-614abd9624c4,Narrativa | e | narrazione | Vittorio Coletti | Pagine | 26-28 - | PDF
24940,https://id.accademiadellacrusca.org/articoli/trascorrere-una-vacanza-in-dolomiti-nelle-dolomiti-o-sulle-dolomiti/24940,trascorrere-una-vacanza-in-dolomiti-nelle-dolomiti-o-sulle-dolomiti,"Trascorrere una vacanza in Dolomiti , nelle Dolomiti o sulle Dolomiti ?",Consulenze linguistiche,CONSULENZA LINGUISTICA,True,False,"XXIV, 2023/1 (gennaio-marzo)",23935,chiuso,HTML+PDF,https://id.accademiadellacrusca.org/File/Download?code=8139b0b1-2531-42fd-bacb-c0f74359de02,"Trascorrere una vacanza | in Dolomiti | , | nelle Dolomiti | o | sulle Dolomiti | ? | Massimo Palermo | Pagine | 29-30 - | PDF"
24941,https://id.accademiadellacrusca.org/articoli/un-quesito-di-poco-momento/24941,un-quesito-di-poco-momento,Un quesito di poco momento ?,Consulenze linguistiche,CONSULENZA LINGUISTICA,True,False,"XXIV, 2023/1 (gennaio-marzo)",23935,chiuso,HTML+PDF,https://id.accademiadellacrusca.org/File/Download?code=fee9fe75-2f30-49f3-ac3d-7f80b97181df,Un quesito | di poco momento | ? | Manuela Manfredini | Pagine | 31-32 - | PDF
24942,https://id.accademiadellacrusca.org/articoli/nel-prosieguo-del-discorso-rispondiamo-senza-sussiego/24942,nel-prosieguo-del-discorso-rispondiamo-senza-sussiego,"Nel prosieguo del discorso, rispondiamo senza sussiego ...",Consulenze linguistiche,CONSULENZA LINGUISTICA,True,False,"XXIV, 2023/1 (gennaio-marzo)",23935,chiuso,HTML+PDF,https://id.accademiadellacrusca.org/File/Download?code=6a84daa9-d6a3-4950-a793-baecbc7ab77e,"Nel | prosieguo | del discorso, rispondiamo senza | sussiego | ... | Paolo D'Achille | Pagine | 33-34 - | PDF"
24943,https://id.accademiadellacrusca.org/articoli/la-capigruppo-sulle-ragioni-di-una-presunta-sconcordanza/24943,la-capigruppo-sulle-ragioni-di-una-presunta-sconcordanza,La capigruppo : sulle ragioni di una (presunta) sconcordanza,Consulenze linguistiche,CONSULENZA LINGUISTICA,True,False,"XXIV, 2023/1 (gennaio-marzo)",23935,chiuso,HTML+PDF,https://id.accademiadellacrusca.org/File/Download?code=d96541ed-2e8c-43fb-babb-e208ef47f0f4,La capigruppo | : sulle ragioni di una (presunta) sconcordanza | Sara Giovine | Pagine | 35-38 - | PDF
24946,https://id.accademiadellacrusca.org/articoli/colare-a-picco/24946,colare-a-picco,Colare a picco,Consulenze linguistiche,CONSULENZA LINGUISTICA,True,False,"XXIV, 2023/1 (gennaio-marzo)",23935,chiuso,HTML+PDF,https://id.accademiadellacrusca.org/File/Download?code=f916b33a-66d0-4bd5-9a6b-9eb62f6b499b,Colare a picco | Lorenzo Coveri | Pagine | 39-40 - | PDF
24948,https://id.accademiadellacrusca.org/articoli/massare/24948,massare,Massare,Consulenze linguistiche,CONSULENZA LINGUISTICA,True,False,"XXIV, 2023/1 (gennaio-marzo)",23935,chiuso,HTML+PDF,https://id.accademiadellacrusca.org/File/Download?code=0fd0ec27-c733-4c27-a88e-57e02bdaf696,Massare | Marco Perugini | Pagine | 41-42 - | PDF
24949,https://id.accademiadellacrusca.org/articoli/che-ci-aspettiamo-da-una-o-pi-lectio-magistralis/24949,che-ci-aspettiamo-da-una-o-pi-lectio-magistralis,Che ci aspettiamo da una (o più?) lectio magistralis,Consulenze linguistiche,CONSULENZA LINGUISTICA,True,False,"XXIV, 2023/1 (gennaio-marzo)",23935,chiuso,HTML+PDF,https://id.accademiadellacrusca.org/File/Download?code=75a0ad4b-2d85-4c2d-b150-bae8a74ccaff,Che ci aspettiamo da una (o più?) | lectio magistralis | Paolo D'Achille | Pagine | 43-45 - | PDF
24954,https://id.accademiadellacrusca.org/articoli/ci-vediamo-a-un-quarto-alle-otto-o-alle-otto-meno-un-quarto/24954,ci-vediamo-a-un-quarto-alle-otto-o-alle-otto-meno-un-quarto,Ci vediamo a un quarto alle otto o alle otto meno un quarto ?,Consulenze linguistiche,CONSULENZA LINGUISTICA,True,False,"XXIV, 2023/1 (gennaio-marzo)",23935,chiuso,HTML+PDF,https://id.accademiadellacrusca.org/File/Download?code=e96a5caa-ef15-49c7-850c-53c1f0e9353c,Ci vediamo a | un quarto alle otto | o alle | otto meno un quarto | ? | Elisa Altissimi | Pagine | 49-52 - | PDF
24956,https://id.accademiadellacrusca.org/articoli/ironismo-va-bene-autoironismo-un-po-meno/24956,ironismo-va-bene-autoironismo-un-po-meno,"Ironismo va bene, autoironismo un po’ meno",Consulenze linguistiche,CONSULENZA LINGUISTICA,True,False,"XXIV, 2023/1 (gennaio-marzo)",23935,chiuso,HTML+PDF,https://id.accademiadellacrusca.org/File/Download?code=92f4ae6c-5bcc-4735-82b0-c467a1d34e13,"Ironismo | va bene, | autoironismo | un po’ meno | Paolo D'Achille | Pagine | 53-54 - | PDF"
24957,https://id.accademiadellacrusca.org/articoli/alcuni-usi-di-poi-e-poi-dopo-nellinterazione-verbale/24957,alcuni-usi-di-poi-e-poi-dopo-nellinterazione-verbale,Alcuni usi di poi e poi dopo nell’interazione verbale,Consulenze linguistiche,CONSULENZA LINGUISTICA,True,False,"XXIV, 2023/1 (gennaio-marzo)",23935,chiuso,HTML+PDF,https://id.accademiadellacrusca.org/File/Download?code=5fdf0116-93c9-4a27-b749-e1250a19fe1e,Alcuni usi di | poi | e | poi dopo | nell’interazione verbale | Massimo Cerruti | Pagine | 55-58 - | PDF
24960,https://id.accademiadellacrusca.org/articoli/etica-e-morale-c-differenza/24960,etica-e-morale-c-differenza,Etica e morale : c’è differenza?,Consulenze linguistiche,CONSULENZA LINGUISTICA,True,False,"XXIV, 2023/1 (gennaio-marzo)",23935,chiuso,HTML+PDF,https://id.accademiadellacrusca.org/File/Download?code=51470862-f67f-4729-b9a9-230882dd9ef5,Etica | e | morale | : c’è differenza? | Simona Cresti | Pagine | 59-68 - | PDF
24962,https://id.accademiadellacrusca.org/articoli/sono-ribaldi-i-dizionari-che-non-registrano-ribaldescamente/24962,sono-ribaldi-i-dizionari-che-non-registrano-ribaldescamente,Sono ribaldi i dizionari che non registrano ribaldescamente ?,Consulenze linguistiche,CONSULENZA LINGUISTICA,True,False,"XXIV, 2023/1 (gennaio-marzo)",23935,chiuso,HTML+PDF,https://id.accademiadellacrusca.org/File/Download?code=a46acf6a-1ae2-4287-989c-2ff7f6d0bee3,Sono | ribaldi | i dizionari che non registrano | ribaldescamente | ? | Paolo D'Achille | Pagine | 69-70 - | PDF
24963,https://id.accademiadellacrusca.org/articoli/-dura-o--duro-rispondere/24963,-dura-o--duro-rispondere,È dura o è duro rispondere?,Consulenze linguistiche,CONSULENZA LINGUISTICA,True,False,"XXIV, 2023/1 (gennaio-marzo)",23935,chiuso,HTML+PDF,https://id.accademiadellacrusca.org/File/Download?code=d8e22eeb-a1dd-44db-8980-f21650e2a317,È dura | o | è duro | rispondere? | Cristiana De Santis | Pagine | 71-72 - | PDF
24967,https://id.accademiadellacrusca.org/articoli/da-o-di-quale-preposizione-scegliamo/24967,da-o-di-quale-preposizione-scegliamo,Da o di : quale preposizione scegliamo?,Consulenze linguistiche,CONSULENZA LINGUISTICA,True,False,"XXIV, 2023/1 (gennaio-marzo)",23935,chiuso,HTML+PDF,https://id.accademiadellacrusca.org/File/Download?code=68238a0f-cca4-4990-8900-cda7ecf569ec,Da | o | di | : quale preposizione scegliamo? | Vittorio Coletti | Pagine | 73-74 - | PDF
24970,https://id.accademiadellacrusca.org/articoli/sul-femminile-di-chef/24970,sul-femminile-di-chef,Sul femminile di chef,Consulenze linguistiche,CONSULENZA LINGUISTICA,True,False,"XXIV, 2023/1 (gennaio-marzo)",23935,chiuso,HTML+PDF,https://id.accademiadellacrusca.org/File/Download?code=306d74b2-e55e-4c1c-9086-45a563c81d5e,Sul femminile di | chef | Anna M Thornton | Pagine | 75-78 - | PDF
24971,https://id.accademiadellacrusca.org/articoli/noi-mi-a-volte-s/24971,noi-mi-a-volte-s,Noi mi... ? A volte sì!,Consulenze linguistiche,CONSULENZA LINGUISTICA,True,False,"XXIV, 2023/1 (gennaio-marzo)",23935,chiuso,HTML+PDF,https://id.accademiadellacrusca.org/File/Download?code=ea79d64f-16fe-4c69-aae9-16d6c48a2b64,Noi mi... | ? A volte sì! | Paolo D'Achille e Cristiana De Santis | Pagine | 79-80 - | PDF
24972,https://id.accademiadellacrusca.org/articoli/croccantezza-e-piccantezza/24972,croccantezza-e-piccantezza,Croccantezza e piccantezza,Consulenze linguistiche,CONSULENZA LINGUISTICA,True,False,"XXIV, 2023/1 (gennaio-marzo)",23935,chiuso,HTML+PDF,https://id.accademiadellacrusca.org/File/Download?code=2e0ca831-3e3b-4170-936a-016664f7f257,Croccantezza | e | piccantezza | Franz Rainer | Pagine | 81-82 - | PDF
24973,https://id.accademiadellacrusca.org/articoli/hai-bisogno-un-favore/24973,hai-bisogno-un-favore,Hai bisogno un favore ?,Consulenze linguistiche,CONSULENZA LINGUISTICA,True,False,"XXIV, 2023/1 (gennaio-marzo)",23935,chiuso,HTML+PDF,https://id.accademiadellacrusca.org/File/Download?code=456dee1f-2785-44f1-babb-f7cdff79c5d0,Hai bisogno un favore | ? | Ilaria Bonomi | Pagine | 83-85 - | PDF
24975,https://id.accademiadellacrusca.org/articoli/assrgere/24975,assrgere,Assùrgere,Consulenze linguistiche,CONSULENZA LINGUISTICA,True,False,"XXIV, 2023/1 (gennaio-marzo)",23935,chiuso,HTML+PDF,https://id.accademiadellacrusca.org/File/Download?code=5fa1f738-ae20-4f10-a6dd-e6d7a92ffdef,Assùrgere | Vittorio Coletti | Pagine | 86-87 - | PDF
24977,https://id.accademiadellacrusca.org/articoli/una-risposta-su-insipido-che-speriamo-non-sia-insipida/24977,una-risposta-su-insipido-che-speriamo-non-sia-insipida,Una risposta su insipido che speriamo non sia insipida,Consulenze linguistiche,CONSULENZA LINGUISTICA,True,False,"XXIV, 2023/1 (gennaio-marzo)",23935,chiuso,HTML+PDF,https://id.accademiadellacrusca.org/File/Download?code=b739bbdf-b180-48a6-849e-ea1029136e7b,Una risposta su | insipido | che speriamo non sia | insipida | Paolo D'Achille | Pagine | 88-90 - | PDF
24978,https://id.accademiadellacrusca.org/articoli/risolviamo-la-questione-di-questionabile/24978,risolviamo-la-questione-di-questionabile,Risolviamo la questione di questionabile,Consulenze linguistiche,CONSULENZA LINGUISTICA,True,False,"XXIV, 2023/1 (gennaio-marzo)",23935,chiuso,HTML+PDF,https://id.accademiadellacrusca.org/File/Download?code=d82e371b-0731-4525-89f1-092cc2866afd,Risolviamo la questione di | questionabile | Valeria Della Valle | Pagine | 91-92 - | PDF
24980,https://id.accademiadellacrusca.org/articoli/scoutismo-o-scautismo-norma-ed-uso-nelladattamento-in-italiano-dei-prestiti/24980,scoutismo-o-scautismo-norma-ed-uso-nelladattamento-in-italiano-dei-prestiti,Scoutismo o scautismo ? Norma ed uso nell’adattamento in italiano dei prestiti,Consulenze linguistiche,CONSULENZA LINGUISTICA,True,False,"XXIV, 2023/1 (gennaio-marzo)",23935,chiuso,HTML+PDF,https://id.accademiadellacrusca.org/File/Download?code=2ad3f9aa-933e-4555-974a-3f55d3da8546,Scoutismo | o | scautismo | ? Norma ed uso nell’adattamento in italiano dei prestiti | Michele Loporcaro | Pagine | 93-98 - | PDF
24981,https://id.accademiadellacrusca.org/articoli/fidarsi-affidarsi-e-fare-affidamento/24981,fidarsi-affidarsi-e-fare-affidamento,"Fidarsi , affidarsi e fare affidamento",Consulenze linguistiche,CONSULENZA LINGUISTICA,True,False,"XXIV, 2023/1 (gennaio-marzo)",23935,chiuso,HTML+PDF,https://id.accademiadellacrusca.org/File/Download?code=d4b8cc5f-5427-41bb-86cd-1912065aec0d,"Fidarsi | , | affidarsi | e | fare affidamento | Giovanni Rovere | Pagine | 99-106 - | PDF"
24982,https://id.accademiadellacrusca.org/articoli/presi-a-letto/24982,presi-a-letto,Presi a letto,Consulenze linguistiche,CONSULENZA LINGUISTICA,True,False,"XXIV, 2023/1 (gennaio-marzo)",23935,chiuso,HTML+PDF,https://id.accademiadellacrusca.org/File/Download?code=3e810147-b5f9-424c-9b6b-a205128d5993,Presi a letto | Michele A. Cortelazzo | Pagine | 107-108 - | PDF
24983,https://id.accademiadellacrusca.org/articoli/in-italia-si-sale-a-milano-e-si-scende-a-napoli/24983,in-italia-si-sale-a-milano-e-si-scende-a-napoli,In Italia si sale a Milano e si scende a Napoli,Consulenze linguistiche,CONSULENZA LINGUISTICA,True,False,"XXIV, 2023/1 (gennaio-marzo)",23935,chiuso,HTML+PDF,https://id.accademiadellacrusca.org/File/Download?code=779de8b8-f483-4d38-8c17-6f46d9be6555,In Italia | si sale a Milano | e | si scende a Napoli | Miriam Di Carlo | Pagine | 109-112 - | PDF
24985,https://id.accademiadellacrusca.org/articoli/meglio-non-volare-niente-dalla-finestra/24985,meglio-non-volare-niente-dalla-finestra,Meglio non volare niente dalla finestra,Consulenze linguistiche,CONSULENZA LINGUISTICA,True,False,"XXIV, 2023/1 (gennaio-marzo)",23935,chiuso,HTML+PDF,https://id.accademiadellacrusca.org/File/Download?code=9138a38b-24fa-42ce-a3b3-521e87c01a24,Meglio non | volare | niente dalla finestra | Lorenzo Cambi | Pagine | 113-116 - | PDF
24986,https://id.accademiadellacrusca.org/articoli/allinsalata-o-in-insalata/24986,allinsalata-o-in-insalata,All’insalata o in insalata ?,Consulenze linguistiche,CONSULENZA LINGUISTICA,True,False,"XXIV, 2023/1 (gennaio-marzo)",23935,chiuso,HTML+PDF,https://id.accademiadellacrusca.org/File/Download?code=a8d5789b-80a3-4f05-a334-6becb4b23be4,All’insalata | o | in insalata | ? | Francesca Cupelloni | Pagine | 117-120 - | PDF
24987,https://id.accademiadellacrusca.org/articoli/vi-manderemo-in-brodo-di-giggiole/24987,vi-manderemo-in-brodo-di-giggiole,Vi manderemo in brodo di giùggiole,Consulenze linguistiche,CONSULENZA LINGUISTICA,True,False,"XXIV, 2023/1 (gennaio-marzo)",23935,chiuso,HTML+PDF,https://id.accademiadellacrusca.org/File/Download?code=b3d62670-1736-4717-ba4b-e0cd38e81cfe,Vi manderemo | in brodo di giùggiole | Alice Mazzanti | Pagine | 121-126 - | PDF
24991,https://id.accademiadellacrusca.org/articoli/qual--la-corretta-pronuncia-di-facocero-facocro-o-faccero/24991,qual--la-corretta-pronuncia-di-facocero-facocro-o-faccero,Qual è la corretta pronuncia di facocero : facocèro o facòcero ?,Consulenze linguistiche,CONSULENZA LINGUISTICA,True,False,"XXIV, 2023/1 (gennaio-marzo)",23935,chiuso,HTML+PDF,https://id.accademiadellacrusca.org/File/Download?code=5ff94e3d-f1fe-47ed-91ea-add87534ae07,Qual è la corretta pronuncia di | facocero | : | facocèro | o | facòcero | ? | Andrea Riga | Pagine | 127-129 - | PDF
24992,https://id.accademiadellacrusca.org/articoli/perch-non-possiamo-cavallare-un-cavallo-e-altri-dubbi-sui-verbi-accavallare-e-scavallare/24992,perch-non-possiamo-cavallare-un-cavallo-e-altri-dubbi-sui-verbi-accavallare-e-scavallare,Perché non possiamo cavallare un cavallo e altri dubbi sui verbi accavallare e scavallare,Consulenze linguistiche,CONSULENZA LINGUISTICA,True,False,"XXIV, 2023/1 (gennaio-marzo)",23935,chiuso,HTML+PDF,https://id.accademiadellacrusca.org/File/Download?code=27e42da2-ae29-4e4c-b0e0-6e1935aa0d49,Perché non possiamo | cavallare | un cavallo e altri dubbi sui verbi | accavallare | e | scavallare | Elisa Altissimi | Pagine | 130-132 - | PDF
23937,https://id.accademiadellacrusca.org/articoli/restanza/23937,restanza,Restanza,Parole nuove,PAROLE NUOVE,False,True,"XXIV, 2023/1 (gennaio-marzo)",23935,chiuso,HTML+PDF,https://id.accademiadellacrusca.org/File/Download?code=dca7309d-e895-4571-b391-c567dd442100,Restanza | Raffaella Setti | Pagine | 133-138 - | PDF
24947,https://id.accademiadellacrusca.org/articoli/forchiaio/24947,forchiaio,Forchiaio,Parole nuove,PAROLE NUOVE,False,True,"XXIV, 2023/1 (gennaio-marzo)",23935,chiuso,HTML+PDF,https://id.accademiadellacrusca.org/File/Download?code=4c9f1c8c-6204-430d-b783-21ba6e5aaa3e,Forchiaio | Luisa di Valvasone | Pagine | 139-142 - | PDF
24965,https://id.accademiadellacrusca.org/articoli/ancora-sul-linguaggio-delle-relazioni-online-il-verbo-ghostare/24965,ancora-sul-linguaggio-delle-relazioni-online-il-verbo-ghostare,Ancora sul linguaggio delle relazioni online: il verbo ghostare,Parole nuove,PAROLE NUOVE,False,True,"XXIV, 2023/1 (gennaio-marzo)",23935,chiuso,HTML+PDF,https://id.accademiadellacrusca.org/File/Download?code=cb7dd171-f818-4a14-89ac-af516d4e64cd,Ancora sul linguaggio delle relazioni online: il verbo | ghostare | Sara Giovine | Pagine | 143-145 - | PDF
24976,https://id.accademiadellacrusca.org/articoli/retrolfatto-e-retrolfattivo/24976,retrolfatto-e-retrolfattivo,Retrolfatto (e retrolfattivo ),Parole nuove,PAROLE NUOVE,False,True,"XXIV, 2023/1 (gennaio-marzo)",23935,chiuso,HTML+PDF,https://id.accademiadellacrusca.org/File/Download?code=a5e1d2fd-8ac0-4328-a587-e04cc32fc6f5,Retrolfatto | (e | retrolfattivo | ) | Barbara Patella | Pagine | 146-149 - | PDF
24984,https://id.accademiadellacrusca.org/articoli/risemantizzazioni-e-neoformazioni-tra-linguistica-e-informatica-token-tokenizzazione-e-nft/24984,risemantizzazioni-e-neoformazioni-tra-linguistica-e-informatica-token-tokenizzazione-e-nft,"Risemantizzazioni e neoformazioni tra linguistica e informatica: token , tokenizzazione e NFT",Parole nuove,PAROLE NUOVE,False,True,"XXIV, 2023/1 (gennaio-marzo)",23935,chiuso,HTML+PDF,https://id.accademiadellacrusca.org/File/Download?code=95c8f08d-03f2-4b85-a081-ba6f096ba329,"Risemantizzazioni e neoformazioni tra linguistica e informatica: | token | , | tokenizzazione | e | NFT | Lucia Francalanci | Pagine | 150-168 - | PDF"
24974,https://id.accademiadellacrusca.org/articoli/ricezionare-ricezionale-e-ricezionalit/24974,ricezionare-ricezionale-e-ricezionalit,"Ricezionare , ricezionale e ricezionalità",Integrazioni lessicografiche,INTEGRAZIONI LESSICOGRAFICHE,False,False,"XXIV, 2023/1 (gennaio-marzo)",23935,chiuso,HTML+PDF,https://id.accademiadellacrusca.org/File/Download?code=1a2d817e-5c3b-4368-b459-9ca46f77de9c,"Ricezionare | , | ricezionale | e | ricezionalità | Matilde Paoli | Pagine | 196-181 - | PDF"
25000,https://id.accademiadellacrusca.org/articoli/la-presidente-dell-accademia-della-crusca-ancora-sul-femminile-professionale/25000,la-presidente-dell-accademia-della-crusca-ancora-sul-femminile-professionale,La presidente dell'Accademia della Crusca. Ancora sul femminile professionale,La Crusca rispose,LA CRUSCA RISPOSE,True,False,"XXIV, 2023/1 (gennaio-marzo)",23935,chiuso,HTML+PDF,https://id.accademiadellacrusca.org/File/Download?code=dbb1fde7-b56a-4f66-b518-7132f21007d2,La presidente dell'Accademia della Crusca. Ancora sul femminile professionale | Angela Frati | Pagine | 182-183 - | PDF
25001,https://id.accademiadellacrusca.org/articoli/il-femminile-di-questore-e-di-prefetto/25001,il-femminile-di-questore-e-di-prefetto,Il femminile di questore e di prefetto,La Crusca rispose,LA CRUSCA RISPOSE,True,False,"XXIV, 2023/1 (gennaio-marzo)",23935,chiuso,HTML+PDF,https://id.accademiadellacrusca.org/File/Download?code=b31a26d8-3946-404b-9f74-4381b96158b8,Il femminile di | questore | e di | prefetto | Patrizia Bellucci | Pagine | 184-186 - | PDF
25002,https://id.accademiadellacrusca.org/articoli/donne-al-lavoro-medico-direttore-poeta-ancora-sul-femminile-dei-nomi-di-professione/25002,donne-al-lavoro-medico-direttore-poeta-ancora-sul-femminile-dei-nomi-di-professione,"Donne al lavoro (medico, direttore, poeta): ancora sul femminile dei nomi di professione",La Crusca rispose,LA CRUSCA RISPOSE,True,False,"XXIV, 2023/1 (gennaio-marzo)",23935,chiuso,HTML+PDF,https://id.accademiadellacrusca.org/File/Download?code=b4a77fd7-76b2-46ab-9e34-23eafd19c4de,"Donne al lavoro (medico, direttore, poeta): ancora sul femminile dei nomi di professione | Cecilia Robustelli | Pagine | 187-190 - | PDF"
24979,https://id.accademiadellacrusca.org/articoli/parole-a-caso-random-randmico-randomizzare/24979,parole-a-caso-random-randmico-randomizzare,"Parole “a caso”: random , randòmico , randomizzare",Articoli,ARTICOLI,False,False,"XXIV, 2023/1 (gennaio-marzo)",23935,chiuso,HTML+PDF,https://id.accademiadellacrusca.org/File/Download?code=caea2c6a-ef3b-4ee7-b296-b67f9ca0e8a1,"Parole “a caso”: | random | , | randòmico | , | randomizzare | Lucia Francalanci | Pagine | 191-206 - | PDF"
24964,https://id.accademiadellacrusca.org/articoli/qual--il-genere-grammaticale-di-dio/24964,qual--il-genere-grammaticale-di-dio,Qual è il genere grammaticale di Dio?,Temi di discussione,TEMI DI DISCUSSIONE,False,False,"XXIV, 2023/1 (gennaio-marzo)",23935,chiuso,HTML+PDF,https://id.accademiadellacrusca.org/File/Download?code=96e4ac26-707c-4c69-a7d4-2202813fab0b,Qual è il genere grammaticale di Dio? | Rosario Coluccia | Pagine | 207-209 - | PDF
26044,https://id.accademiadellacrusca.org/articoli/notizie-dall-accademia/26044,notizie-dall-accademia,Notizie dall'Accademia,Notizie,NOTIZIE,False,False,"XXIV, 2023/1 (gennaio-marzo)",23935,chiuso,HTML+PDF,https://id.accademiadellacrusca.org/File/Download?code=f84f543d-05c8-44ff-908c-0e961375f723,Notizie dall'Accademia | A cura di comitato di redazione | Pagine | 210-212 - | PDF
26045,https://id.accademiadellacrusca.org/articoli/bibliografia-della-consulenza-linguistica/26045,bibliografia-della-consulenza-linguistica,Bibliografia della Consulenza linguistica,Bibliografia,BIBLIOGRAFIA,False,False,"XXIV, 2023/1 (gennaio-marzo)",23935,chiuso,HTML+PDF,https://id.accademiadellacrusca.org/File/Download?code=d34979c3-a515-4573-8dfd-22c0df8d14c8,Bibliografia della Consulenza linguistica | Pagine | 213-217 - | PDF
24989,https://id.accademiadellacrusca.org/articoli/editoriale-del-direttore/24989,editoriale-del-direttore,Editoriale del direttore,Editoriale,EDITORIALE,False,False,"XXIII, 2022/4 (ottobre-dicembre)",21885,chiuso,HTML+PDF,https://id.accademiadellacrusca.org/File/Download?code=51320fb0-acfc-4386-9d18-e4bd5bfdf367,Editoriale del direttore | Marco Biffi | Pagine | 1-2 - | PDF
21884,https://id.accademiadellacrusca.org/articoli/cerchiamo-di-trovare-la-quadra/21884,cerchiamo-di-trovare-la-quadra,Cerchiamo di trovare la quadra,Consulenze linguistiche,CONSULENZA LINGUISTICA,True,False,"XXIII, 2022/4 (ottobre-dicembre)",21885,chiuso,HTML+PDF,https://id.accademiadellacrusca.org/File/Download?code=50be78de-b3a2-49c0-86c8-9d3c644682d6,Cerchiamo di | trovare la quadra | Lucia Francalanci | Pagine | 3-11 - | PDF
21887,https://id.accademiadellacrusca.org/articoli/facciamo-come-se-a-come-se-si-potesse-sostituire-come-che/21887,facciamo-come-se-a-come-se-si-potesse-sostituire-come-che,Facciamo come se a come se si potesse sostituire come che ?,Consulenze linguistiche,CONSULENZA LINGUISTICA,True,False,"XXIII, 2022/4 (ottobre-dicembre)",21885,chiuso,HTML+PDF,https://id.accademiadellacrusca.org/File/Download?code=7f10c428-368b-487e-a314-faa818b79984,Facciamo come se a | come se | si potesse sostituire | come che | ? | Giuseppe Patota e Paolo D'Achille | Pagine | 12-13 - | PDF
22887,https://id.accademiadellacrusca.org/articoli/a-proposito-di-campanilismo-e-dellaffrontare-i-dubbi-di-lingua/22887,a-proposito-di-campanilismo-e-dellaffrontare-i-dubbi-di-lingua,A proposito di campanilismo e dell’affrontare i dubbi di lingua,Consulenze linguistiche,CONSULENZA LINGUISTICA,True,False,"XXIII, 2022/4 (ottobre-dicembre)",21885,chiuso,HTML+PDF,https://id.accademiadellacrusca.org/File/Download?code=f1338535-ff74-4afb-b355-d455279e2e34,A proposito di | campanilismo | e dell’affrontare i dubbi di lingua | Massimo Fanfani | Pagine | 14-16 - | PDF
22888,https://id.accademiadellacrusca.org/articoli/dehors-dalla-francia-all-italia-passando-per-torino/22888,dehors-dalla-francia-all-italia-passando-per-torino,"Dehors : dalla Francia all'Italia, passando per Torino",Consulenze linguistiche,CONSULENZA LINGUISTICA,True,False,"XXIII, 2022/4 (ottobre-dicembre)",21885,chiuso,HTML+PDF,https://id.accademiadellacrusca.org/File/Download?code=a8b3d412-c73a-4b56-8887-f66a51221c7d,"Dehors | : dalla Francia all'Italia, passando per Torino | Luisa di Valvasone | Pagine | 17-21 - | PDF"
22889,https://id.accademiadellacrusca.org/articoli/sul-verbo-praticare-e-sui-suoi-derivati/22889,sul-verbo-praticare-e-sui-suoi-derivati,Sul verbo praticare e sui suoi derivati,Consulenze linguistiche,CONSULENZA LINGUISTICA,True,False,"XXIII, 2022/4 (ottobre-dicembre)",21885,chiuso,HTML+PDF,https://id.accademiadellacrusca.org/File/Download?code=8e7552d4-c5dd-4c60-9487-a46cf0d55ee1,Sul verbo | praticare | e sui suoi derivati | Carla Marello | Pagine | 22-24 - | PDF
22890,https://id.accademiadellacrusca.org/articoli/quel-che-si-rompe-si-stucca-in-alcune-regioni-a-volte-s/22890,quel-che-si-rompe-si-stucca-in-alcune-regioni-a-volte-s,"Quel che si rompe si stucca ? In alcune regioni, a volte, sì",Consulenze linguistiche,CONSULENZA LINGUISTICA,True,False,"XXIII, 2022/4 (ottobre-dicembre)",21885,chiuso,HTML+PDF,https://id.accademiadellacrusca.org/File/Download?code=f763c39b-5768-4f0d-81b7-feafb9465ee0,"Quel che si rompe si | stucca | ? In alcune regioni, a volte, sì | Vittorio Coletti | Pagine | 25-27 - | PDF"
22891,https://id.accademiadellacrusca.org/articoli/trucco-e-parrucco-uninnovazione-scherzosa/22891,trucco-e-parrucco-uninnovazione-scherzosa,"Trucco e parrucco , un’innovazione scherzosa",Consulenze linguistiche,CONSULENZA LINGUISTICA,True,False,"XXIII, 2022/4 (ottobre-dicembre)",21885,chiuso,HTML+PDF,https://id.accademiadellacrusca.org/File/Download?code=e9c59794-bb26-49e5-af82-eac08f96384a,"Trucco e parrucco | , un’innovazione scherzosa | Ilaria Bonomi | Pagine | 28-29 - | PDF"
22893,https://id.accademiadellacrusca.org/articoli/oh-issa-e-vedrete-che-viene-su-anche-il-nome-dellazione-di-issare/22893,oh-issa-e-vedrete-che-viene-su-anche-il-nome-dellazione-di-issare,"Oh, issa! E vedrete che viene su anche il nome dell’azione di issare …",Consulenze linguistiche,CONSULENZA LINGUISTICA,True,False,"XXIII, 2022/4 (ottobre-dicembre)",21885,chiuso,HTML+PDF,https://id.accademiadellacrusca.org/File/Download?code=91d1327e-a87a-416a-8c64-0f5b8c583000,"Oh, issa! | E vedrete che viene su anche il nome dell’azione di | issare | … | Paolo D'Achille | Pagine | 30-33 - | PDF"
22895,https://id.accademiadellacrusca.org/articoli/sulla-distinzione-tra-sordi-e-sordomuti/22895,sulla-distinzione-tra-sordi-e-sordomuti,Sulla distinzione tra sordi e sordomuti,Consulenze linguistiche,CONSULENZA LINGUISTICA,True,False,"XXIII, 2022/4 (ottobre-dicembre)",21885,chiuso,HTML+PDF,https://id.accademiadellacrusca.org/File/Download?code=ee701473-9a23-4858-a4a9-b48d7a89e60d,Sulla distinzione tra | sordi | e | sordomuti | Franca Orletti | Pagine | 34 - | PDF
22896,https://id.accademiadellacrusca.org/articoli/in-italia-facciamo-la-scarpetta-anche-senza-conoscerne-lorigine/22896,in-italia-facciamo-la-scarpetta-anche-senza-conoscerne-lorigine,In Italia facciamo (la) scarpetta (anche senza conoscerne l’origine),Consulenze linguistiche,CONSULENZA LINGUISTICA,True,False,"XXIII, 2022/4 (ottobre-dicembre)",21885,chiuso,HTML+PDF,https://id.accademiadellacrusca.org/File/Download?code=cae7a4c1-84e0-46ea-a5aa-0d9c327ff9cc,In Italia | facciamo (la) scarpetta | (anche senza conoscerne l’origine) | Luisa di Valvasone | Pagine | 35-39 - | PDF
22897,https://id.accademiadellacrusca.org/articoli/possiamo-tradurre-pattern/22897,possiamo-tradurre-pattern,Possiamo tradurre pattern ?,Consulenze linguistiche,CONSULENZA LINGUISTICA,True,False,"XXIII, 2022/4 (ottobre-dicembre)",21885,chiuso,HTML+PDF,https://id.accademiadellacrusca.org/File/Download?code=ee88a563-2f98-408e-980d-4e20653b4052,Possiamo tradurre | pattern | ? | Edoardo Lombardi Vallauri | Pagine | 40-42 - | PDF
22898,https://id.accademiadellacrusca.org/articoli/c-chi-sfanga-chi-la-sfanga-e-chi-svanga/22898,c-chi-sfanga-chi-la-sfanga-e-chi-svanga,"C’è chi sfanga , chi la sfanga e chi svanga… !",Consulenze linguistiche,CONSULENZA LINGUISTICA,True,False,"XXIII, 2022/4 (ottobre-dicembre)",21885,chiuso,HTML+PDF,https://id.accademiadellacrusca.org/File/Download?code=8fcb9bb5-af01-49ff-a645-dd5a9db3c072,"C’è chi | sfanga | , chi | la sfanga | e chi | svanga… | ! | Paolo D'Achille | Pagine | 43-44 - | PDF"
22899,https://id.accademiadellacrusca.org/articoli/c-modo-e-modo-di-fare-opposizione/22899,c-modo-e-modo-di-fare-opposizione,C’è modo e modo di fare opposizione …,Consulenze linguistiche,CONSULENZA LINGUISTICA,True,False,"XXIII, 2022/4 (ottobre-dicembre)",21885,chiuso,HTML+PDF,https://id.accademiadellacrusca.org/File/Download?code=209c94be-5919-4b13-83f5-03a012074db7,"C’è modo e modo di | fare opposizione | … | Claudio Marazzini, Paolo D'Achille e Matilde Paoli | Pagine | 45-47 - | PDF"
22900,https://id.accademiadellacrusca.org/articoli/coscienza-e-consapevolezza-sinonimi-ma-non-del-tutto/22900,coscienza-e-consapevolezza-sinonimi-ma-non-del-tutto,"Coscienza e consapevolezza , sinonimi ma non del tutto",Consulenze linguistiche,CONSULENZA LINGUISTICA,True,False,"XXIII, 2022/4 (ottobre-dicembre)",21885,chiuso,HTML+PDF,https://id.accademiadellacrusca.org/File/Download?code=78d0becf-c8a9-4ae8-9d7d-67365db16a75,"Coscienza | e | consapevolezza | , sinonimi ma non del tutto | Raffaella Setti | Pagine | 48-51 - | PDF"
22901,https://id.accademiadellacrusca.org/articoli/proferire-o-profferire-proferire-e-profferire/22901,proferire-o-profferire-proferire-e-profferire,Proferire o profferire ? Proferire e profferire,Consulenze linguistiche,CONSULENZA LINGUISTICA,True,False,"XXIII, 2022/4 (ottobre-dicembre)",21885,chiuso,HTML+PDF,https://id.accademiadellacrusca.org/File/Download?code=b76e5e9a-bb17-4a2d-9a69-e3984b83a96c,Proferire | o | profferire | ? | Proferire | e | profferire | Giuseppe Patota | Pagine | 52-53 - | PDF
22903,https://id.accademiadellacrusca.org/articoli/proverbi-e-locuzioni-da-mondi-lontani-non-cavare-un-ragno-dal-buco/22903,proverbi-e-locuzioni-da-mondi-lontani-non-cavare-un-ragno-dal-buco,Proverbi e locuzioni da mondi lontani: non cavare un ragno dal buco,Consulenze linguistiche,CONSULENZA LINGUISTICA,True,False,"XXIII, 2022/4 (ottobre-dicembre)",21885,chiuso,HTML+PDF,https://id.accademiadellacrusca.org/File/Download?code=c25da507-c103-4e71-9af8-3159dc1c7fd7,Proverbi e locuzioni da mondi lontani: | non cavare un ragno dal buco | Ilaria Bonomi | Pagine | 54-55 - | PDF
22905,https://id.accademiadellacrusca.org/articoli/incisora-o-inciditrice/22905,incisora-o-inciditrice,Incisora o inciditrice ?,Consulenze linguistiche,CONSULENZA LINGUISTICA,True,False,"XXIII, 2022/4 (ottobre-dicembre)",21885,chiuso,HTML+PDF,https://id.accademiadellacrusca.org/File/Download?code=bb646cc6-3b39-4d19-a5c3-75ebb2ea19fe,Incisora | o | inciditrice | ? | Anna M. Thornton | Pagine | 56-58 - | PDF
22906,https://id.accademiadellacrusca.org/articoli/dove-rimane-la-crusca-su-un-uso-particolare-del-verbo-rimanere/22906,dove-rimane-la-crusca-su-un-uso-particolare-del-verbo-rimanere,Dove rimane la Crusca? Su un uso particolare del verbo rimanere,Consulenze linguistiche,CONSULENZA LINGUISTICA,True,False,"XXIII, 2022/4 (ottobre-dicembre)",21885,chiuso,HTML+PDF,https://id.accademiadellacrusca.org/File/Download?code=a8dc7bdd-34c0-476c-924d-5a8f62eed2f5,Dove | rimane | la Crusca? Su un uso particolare del verbo | rimanere | Valeria Della Valle | Pagine | 59-60 - | PDF
22909,https://id.accademiadellacrusca.org/articoli/tutto-o-quasi-quello-che-c-da-sapere-sui-nomi-collettivi/22909,tutto-o-quasi-quello-che-c-da-sapere-sui-nomi-collettivi,"Tutto, o quasi, quello che c’è da sapere sui nomi collettivi",Consulenze linguistiche,CONSULENZA LINGUISTICA,True,False,"XXIII, 2022/4 (ottobre-dicembre)",21885,chiuso,HTML+PDF,https://id.accademiadellacrusca.org/File/Download?code=4229aa55-066f-4b57-8df3-2937545aa1bc,"Tutto, o quasi, quello che c’è da sapere sui nomi collettivi | Maria Grossmann | Pagine | 61-68 - | PDF"
22910,https://id.accademiadellacrusca.org/articoli/box/22910,box,Box,Consulenze linguistiche,CONSULENZA LINGUISTICA,True,False,"XXIII, 2022/4 (ottobre-dicembre)",21885,chiuso,HTML+PDF,https://id.accademiadellacrusca.org/File/Download?code=4b87fd5d-e560-4183-99cf-3b3aae4e2ecb,Box | Miriam Di Carlo | Pagine | 69-76 - | PDF
22911,https://id.accademiadellacrusca.org/articoli/parliamo-di-costosit-costi-quel-che-costi/22911,parliamo-di-costosit-costi-quel-che-costi,Parliamo di costosità : costi quel che costi,Consulenze linguistiche,CONSULENZA LINGUISTICA,True,False,"XXIII, 2022/4 (ottobre-dicembre)",21885,chiuso,HTML+PDF,https://id.accademiadellacrusca.org/File/Download?code=593cff94-065d-4027-a1bd-721305322f03,Parliamo di | costosità | : costi quel che costi | Barbara Patella | Pagine | 77-81 - | PDF
22912,https://id.accademiadellacrusca.org/articoli/arbitrario/22912,arbitrario,Arbitrario,Consulenze linguistiche,CONSULENZA LINGUISTICA,True,False,"XXIII, 2022/4 (ottobre-dicembre)",21885,chiuso,HTML+PDF,https://id.accademiadellacrusca.org/File/Download?code=40015594-8cfe-48a4-817d-83be7696b7f2,Arbitrario | Edoardo Lombardi Vallauri | Pagine | 82-84 - | PDF
22914,https://id.accademiadellacrusca.org/articoli/di-sabato-ci-vediamo-di-mattina-la-domenica-alla-sera-e-il-resto-della-settimana-ci-vediamo-nel-pome/22914,di-sabato-ci-vediamo-di-mattina-la-domenica-alla-sera-e-il-resto-della-settimana-ci-vediamo-nel-pome,"Di sabato ci vediamo di mattina, la domenica alla sera , e il resto della settimana ci vediamo nel pomeriggio",Consulenze linguistiche,CONSULENZA LINGUISTICA,True,False,"XXIII, 2022/4 (ottobre-dicembre)",21885,chiuso,HTML+PDF,https://id.accademiadellacrusca.org/File/Download?code=efa5299f-8c7e-42d0-bd94-818a248a88fa,"Di sabato | ci vediamo | di mattina, la domenica alla sera | , e il resto della settimana ci vediamo | nel pomeriggio | Matilde Paoli | Pagine | 85-94 - | PDF"
22917,https://id.accademiadellacrusca.org/articoli/altrettanto/22917,altrettanto,Altrettanto,Consulenze linguistiche,CONSULENZA LINGUISTICA,True,False,"XXIII, 2022/4 (ottobre-dicembre)",21885,chiuso,HTML+PDF,https://id.accademiadellacrusca.org/File/Download?code=d2d73df5-4ca2-4189-ab0c-e6faacfd4ac1,Altrettanto | Cristiana De Santis | Pagine | 95-96 - | PDF
22918,https://id.accademiadellacrusca.org/articoli/emergenza-epidemica-o-epidemiologica/22918,emergenza-epidemica-o-epidemiologica,Emergenza epidemica o epidemiologica ?,Consulenze linguistiche,CONSULENZA LINGUISTICA,True,False,"XXIII, 2022/4 (ottobre-dicembre)",21885,chiuso,HTML+PDF,https://id.accademiadellacrusca.org/File/Download?code=e9b7326a-ff85-4cf9-b034-9e6ffb9d03d6,Emergenza | epidemica | o | epidemiologica | ? | Miriam Di Carlo | Pagine | 97-103 - | PDF
22919,https://id.accademiadellacrusca.org/articoli/balordo/22919,balordo,Balordo,Consulenze linguistiche,CONSULENZA LINGUISTICA,True,False,"XXIII, 2022/4 (ottobre-dicembre)",21885,chiuso,HTML+PDF,https://id.accademiadellacrusca.org/File/Download?code=a66bbee1-0a40-43ab-9b1d-b022f1f62c56,Balordo | Giuseppe Sergio | Pagine | 104-108 - | PDF
22923,https://id.accademiadellacrusca.org/articoli/seminale/22923,seminale,Seminale,Consulenze linguistiche,CONSULENZA LINGUISTICA,True,False,"XXIII, 2022/4 (ottobre-dicembre)",21885,chiuso,HTML+PDF,https://id.accademiadellacrusca.org/File/Download?code=58fe7285-24c9-4ead-b298-95aa7a329440,Seminale | Gabriella Cartago | Pagine | 109-111 - | PDF
22924,https://id.accademiadellacrusca.org/articoli/sul-genere-grammaticale-di-acme/22924,sul-genere-grammaticale-di-acme,Sul genere grammaticale di acme,Consulenze linguistiche,CONSULENZA LINGUISTICA,True,False,"XXIII, 2022/4 (ottobre-dicembre)",21885,chiuso,HTML+PDF,https://id.accademiadellacrusca.org/File/Download?code=68d4adae-eb0d-4988-9f5c-fc174a28541a,Sul genere grammaticale di | acme | Kevin De Vecchis | Pagine | 112-115 - | PDF
22926,https://id.accademiadellacrusca.org/articoli/tra-architettura-e-geometria-qualche-nota-sul-prestito-francese-colonna-trsa/22926,tra-architettura-e-geometria-qualche-nota-sul-prestito-francese-colonna-trsa,Tra architettura e geometria: qualche nota sul prestito francese colonna tòrsa,Consulenze linguistiche,CONSULENZA LINGUISTICA,True,False,"XXIII, 2022/4 (ottobre-dicembre)",21885,chiuso,HTML+PDF,https://id.accademiadellacrusca.org/File/Download?code=f61a30e5-ddc4-4a38-90b5-f0641f48d865,Tra architettura e geometria: qualche nota sul prestito francese | colonna tòrsa | Matteo Mazzone | Pagine | 116-120 - | PDF
22927,https://id.accademiadellacrusca.org/articoli/possiamo-assumere-un-ipotesi/22927,possiamo-assumere-un-ipotesi,Possiamo assumere un'ipotesi?,Consulenze linguistiche,CONSULENZA LINGUISTICA,True,False,"XXIII, 2022/4 (ottobre-dicembre)",21885,chiuso,HTML+PDF,https://id.accademiadellacrusca.org/File/Download?code=f19d2583-fce5-4740-b3ad-ed6b8b761023,Possiamo | assumere | un'ipotesi? | Stefano Telve | Pagine | 121-123 - | PDF
22928,https://id.accademiadellacrusca.org/articoli/reperimento-e-reperibilit/22928,reperimento-e-reperibilit,Reperimento e reperibilità,Consulenze linguistiche,CONSULENZA LINGUISTICA,True,False,"XXIII, 2022/4 (ottobre-dicembre)",21885,chiuso,HTML+PDF,https://id.accademiadellacrusca.org/File/Download?code=d7271f97-0d42-4f93-8a56-cac4cedaa8aa,Reperimento | e | reperibilità | Vittorio Coletti | Pagine | 124-125 - | PDF
22929,https://id.accademiadellacrusca.org/articoli/convegno-congresso-conferenza-seminario-workshop-tavola-rotonda-e-forum-abbiamo-davvero-tante-occasi/22929,convegno-congresso-conferenza-seminario-workshop-tavola-rotonda-e-forum-abbiamo-davvero-tante-occasi,"Convegno , congresso , conferenza , seminario , workshop , tavola rotonda e forum : abbiamo davvero tante occasioni di confronto!",Consulenze linguistiche,CONSULENZA LINGUISTICA,True,False,"XXIII, 2022/4 (ottobre-dicembre)",21885,chiuso,HTML+PDF,https://id.accademiadellacrusca.org/File/Download?code=72f9ae8b-7082-4261-95d2-c7fe7c100b58,"Convegno | , | congresso | , | conferenza | , | seminario | , | workshop | , | tavola rotonda | e | forum | : abbiamo davvero tante occasioni di confronto! | Raffaella Setti | Pagine | 126-134 - | PDF"
23929,https://id.accademiadellacrusca.org/articoli/qualunque-sia-la-verit-il-dubbio-e-lapocrifia/23929,qualunque-sia-la-verit-il-dubbio-e-lapocrifia,Qualunque sia la verità: il dubbio e l’ apocrifia,Consulenze linguistiche,CONSULENZA LINGUISTICA,True,False,"XXIII, 2022/4 (ottobre-dicembre)",21885,chiuso,HTML+PDF,https://id.accademiadellacrusca.org/File/Download?code=f85a8f40-61f6-45a6-9c9f-3ad0031eefa0,Qualunque sia la verità: il dubbio e l’ | apocrifia | Mariella Canzani | Pagine | 135-143 - | PDF
23930,https://id.accademiadellacrusca.org/articoli/a-destinazione-di-con-destinazione-di/23930,a-destinazione-di-con-destinazione-di,"A destinazione di , con destinazione di",Consulenze linguistiche,CONSULENZA LINGUISTICA,True,False,"XXIII, 2022/4 (ottobre-dicembre)",21885,chiuso,HTML+PDF,https://id.accademiadellacrusca.org/File/Download?code=ba28b4dc-f579-4326-b724-7fa0c4e72576,"A destinazione di | , | con destinazione di | Lorenzo Tomasin | Pagine | 144-145 - | PDF"
23931,https://id.accademiadellacrusca.org/articoli/prospetto/23931,prospetto,Prospetto,Consulenze linguistiche,CONSULENZA LINGUISTICA,True,False,"XXIII, 2022/4 (ottobre-dicembre)",21885,chiuso,HTML+PDF,https://id.accademiadellacrusca.org/File/Download?code=3694565f-a152-49ed-9ee8-15fc358f97eb,Prospetto | Mario Piotti | Pagine | 146-149 - | PDF
22892,https://id.accademiadellacrusca.org/articoli/armocromia/22892,armocromia,Armocromia,Parole nuove,PAROLE NUOVE,False,True,"XXIII, 2022/4 (ottobre-dicembre)",21885,chiuso,HTML+PDF,https://id.accademiadellacrusca.org/File/Download?code=b12ecdde-77f9-4e13-bd68-65f6c233c11e,Armocromia | Luisa di Valvasone | Pagine | 153-157 - | PDF
22894,https://id.accademiadellacrusca.org/articoli/all-interno-della-neurodiversit/22894,all-interno-della-neurodiversit,All'interno della neurodiversità,Parole nuove,PAROLE NUOVE,False,True,"XXIII, 2022/4 (ottobre-dicembre)",21885,chiuso,HTML+PDF,https://id.accademiadellacrusca.org/File/Download?code=7cc7df7a-12d8-4c39-8726-eb427b9411ee,All'interno della | neurodiversità | Kevin De Vecchis | Pagine | 158-165 - | PDF
22904,https://id.accademiadellacrusca.org/articoli/cosmeceutico-e-cosmeceutica/22904,cosmeceutico-e-cosmeceutica,Cosmeceutico e cosmeceutica,Parole nuove,PAROLE NUOVE,False,True,"XXIII, 2022/4 (ottobre-dicembre)",21885,chiuso,HTML+PDF,https://id.accademiadellacrusca.org/File/Download?code=af22fdd9-ce1f-4bcc-a8af-c691778ad578,Cosmeceutico | e | cosmeceutica | Miriam Di Carlo | Pagine | 166-173 - | PDF
22908,https://id.accademiadellacrusca.org/articoli/riatletizzazione-una-parola-per-tornare-atletici/22908,riatletizzazione-una-parola-per-tornare-atletici,Riatletizzazione : una parola per tornare atletici,Parole nuove,PAROLE NUOVE,False,True,"XXIII, 2022/4 (ottobre-dicembre)",21885,chiuso,HTML+PDF,https://id.accademiadellacrusca.org/File/Download?code=334e00d0-b8e2-45c6-95f2-40ecae5a20e9,Riatletizzazione | : una parola per tornare atletici | Kevin De Vecchis | Pagine | 174-176 - | PDF
22925,https://id.accademiadellacrusca.org/articoli/quando-lamicizia-tra-uomini-si-trasforma-in-bromance/22925,quando-lamicizia-tra-uomini-si-trasforma-in-bromance,Quando l’amicizia (tra uomini) si trasforma in bromance,Parole nuove,PAROLE NUOVE,False,True,"XXIII, 2022/4 (ottobre-dicembre)",21885,chiuso,HTML+PDF,https://id.accademiadellacrusca.org/File/Download?code=52cca35c-820a-479b-9bd1-d089eb6c5db8,Quando l’amicizia (tra uomini) si trasforma in | bromance | Sara Giovine | Pagine | 177-181 - | PDF
23939,https://id.accademiadellacrusca.org/articoli/sulla-grafia-di-ognuno/23939,sulla-grafia-di-ognuno,Sulla grafia di ognuno,La Crusca rispose,LA CRUSCA RISPOSE,True,False,"XXIII, 2022/4 (ottobre-dicembre)",21885,chiuso,HTML+PDF,https://id.accademiadellacrusca.org/File/Download?code=7cbd0910-5a64-4246-b343-7204201decef,Sulla grafia di | ognuno | Francesca Cialdini | Pagine | 182-184 - | PDF
23940,https://id.accademiadellacrusca.org/articoli/shock-o-choc/23940,shock-o-choc,Shock o choc ?,La Crusca rispose,LA CRUSCA RISPOSE,True,False,"XXIII, 2022/4 (ottobre-dicembre)",21885,chiuso,HTML+PDF,https://id.accademiadellacrusca.org/File/Download?code=17a83e0a-6fa1-437d-8e6e-79cfbd807e06,Shock | o | choc | ? | Benedetta Salvi | Pagine | 185-186 - | PDF
23941,https://id.accademiadellacrusca.org/articoli/augurandoci-che-sia-un-buond/23941,augurandoci-che-sia-un-buond,Augurandoci che sia un buondì,La Crusca rispose,LA CRUSCA RISPOSE,True,False,"XXIII, 2022/4 (ottobre-dicembre)",21885,chiuso,HTML+PDF,https://id.accademiadellacrusca.org/File/Download?code=65e45490-4706-41d9-9a83-b0b611dfd73f,Augurandoci che sia un | buondì | Luca Serianni | Pagine | 187-188 - | PDF
24968,https://id.accademiadellacrusca.org/articoli/maurizio-vitale-accademico-della-crusca/24968,maurizio-vitale-accademico-della-crusca,Maurizio Vitale accademico della Crusca,Articoli,ARTICOLI,False,False,"XXIII, 2022/4 (ottobre-dicembre)",21885,chiuso,HTML+PDF,https://id.accademiadellacrusca.org/File/Download?code=a60326ea-d669-47ed-8749-870e41c45a51,Maurizio Vitale accademico della Crusca | Claudio Marazzini | Pagine | 189-197 - | PDF
24969,https://id.accademiadellacrusca.org/articoli/uno-sguardo-oltreconfine-luca-serianni-e-litaliano-nel-mondo/24969,uno-sguardo-oltreconfine-luca-serianni-e-litaliano-nel-mondo,Uno sguardo oltreconfine: Luca Serianni e l’italiano nel mondo,Articoli,ARTICOLI,False,False,"XXIII, 2022/4 (ottobre-dicembre)",21885,chiuso,HTML+PDF,https://id.accademiadellacrusca.org/File/Download?code=aee9a85f-57da-457a-a431-8af910ab08cf,Uno sguardo oltreconfine: Luca Serianni e l’italiano nel mondo | Matthias Heinz e Lucilla Pizzoli | Pagine | 198-204 - | PDF
23932,https://id.accademiadellacrusca.org/articoli/non-sempre-ai-padri-vanno-affiancate-le-madri/23932,non-sempre-ai-padri-vanno-affiancate-le-madri,Non sempre ai Padri vanno affiancate le Madri,Temi di discussione,TEMI DI DISCUSSIONE,False,False,"XXIII, 2022/4 (ottobre-dicembre)",21885,chiuso,HTML+PDF,https://id.accademiadellacrusca.org/File/Download?code=a1ff29ef-4ae4-479d-827d-55cde6996cda,Non sempre ai Padri vanno affiancate le Madri | Paolo D'Achille e Rita Librandi | Pagine | 205-207 - | PDF
22913,https://id.accademiadellacrusca.org/articoli/ma-conta-ancora-l-italiano-letterario/22913,ma-conta-ancora-l-italiano-letterario,Ma conta ancora l'italiano letterario?,Temi di discussione,TEMI DI DISCUSSIONE,False,False,"XXIII, 2022/4 (ottobre-dicembre)",21885,chiuso,HTML+PDF,https://id.accademiadellacrusca.org/File/Download?code=de89cc6e-2504-447d-a36d-152e2662425a,Ma conta ancora l'italiano letterario? | Vittorio Coletti | Pagine | 208-212 - | PDF
22915,https://id.accademiadellacrusca.org/articoli/alla-crusca-con-andrea-dardi/22915,alla-crusca-con-andrea-dardi,Alla Crusca con Andrea Dardi,Notizie,NOTIZIE,False,False,"XXIII, 2022/4 (ottobre-dicembre)",21885,chiuso,HTML+PDF,https://id.accademiadellacrusca.org/File/Download?code=37643547-65a1-48b6-af3a-ec14837b8bd3,Alla Crusca con Andrea Dardi | Massimo Fanfani | Pagine | 213-215 - | PDF
24988,https://id.accademiadellacrusca.org/articoli/notizie-dall-accademia/24988,notizie-dall-accademia,Notizie dall'Accademia,Notizie,NOTIZIE,False,False,"XXIII, 2022/4 (ottobre-dicembre)",21885,chiuso,HTML+PDF,https://id.accademiadellacrusca.org/File/Download?code=ab460f58-793a-4854-bba6-609018cefc5f,Notizie dall'Accademia | A cura di   comitato di redazione | Pagine | 216-218 - | PDF
24990,https://id.accademiadellacrusca.org/articoli/bibliografia-della-consulenza-linguistica/24990,bibliografia-della-consulenza-linguistica,Bibliografia della Consulenza linguistica,Bibliografia,BIBLIOGRAFIA,False,False,"XXIII, 2022/4 (ottobre-dicembre)",21885,chiuso,HTML+PDF,https://id.accademiadellacrusca.org/File/Download?code=c033d174-91cd-4b1b-989d-5f87f385f4c0,Bibliografia della Consulenza linguistica | Pagine | 219-223 - | PDF
24958,https://id.accademiadellacrusca.org/articoli/editoriale-del-direttore/24958,editoriale-del-direttore,Editoriale del direttore,Editoriale,EDITORIALE,False,False,"XXII, 2022/3 (luglio-settembre)",16848,chiuso,HTML+PDF,https://id.accademiadellacrusca.org/File/Download?code=fbd1ba80-6b40-48a2-80ef-9d0c1ece0808,Editoriale del direttore | Marco Biffi | Pagine | 1-2 - | PDF
16849,https://id.accademiadellacrusca.org/articoli/ludomatica/16849,ludomatica,Ludomatica,Consulenze linguistiche,CONSULENZA LINGUISTICA,True,False,"XXII, 2022/3 (luglio-settembre)",16848,chiuso,HTML+PDF,https://id.accademiadellacrusca.org/File/Download?code=b85faa05-40b5-433c-a4bc-6d961a2bde4e,Ludomatica | Laura Ricci | Pagine | 3-5 - | PDF
17851,https://id.accademiadellacrusca.org/articoli/oggettivare-e-oggettivazione-oggettificare-e-oggettificazione/17851,oggettivare-e-oggettivazione-oggettificare-e-oggettificazione,"Oggettivare e oggettivazione , oggettificare e oggettificazione",Consulenze linguistiche,CONSULENZA LINGUISTICA,True,False,"XXII, 2022/3 (luglio-settembre)",16848,chiuso,HTML+PDF,https://id.accademiadellacrusca.org/File/Download?code=3fd2db9b-e568-4902-8c9f-befbdf779423,"Oggettivare | e | oggettivazione | , | oggettificare | e | oggettificazione | Domenico Proietti | Pagine | 10-14 - | PDF"
17852,https://id.accademiadellacrusca.org/articoli/sulla-governance/17852,sulla-governance,Sulla governance,Consulenze linguistiche,CONSULENZA LINGUISTICA,True,False,"XXII, 2022/3 (luglio-settembre)",16848,chiuso,HTML+PDF,https://id.accademiadellacrusca.org/File/Download?code=2bb7742e-7626-499b-a507-267ff69a523c,Sulla | governance | Edoardo Lombardi Vallauri | Pagine | 15-17 - | PDF
17853,https://id.accademiadellacrusca.org/articoli/da-costa-a-costola/17853,da-costa-a-costola,Da costa a costola,Consulenze linguistiche,CONSULENZA LINGUISTICA,True,False,"XXII, 2022/3 (luglio-settembre)",16848,chiuso,HTML+PDF,https://id.accademiadellacrusca.org/File/Download?code=fd375383-01ce-4a8d-9f56-5e25181c5bb3,Da | costa | a | costola | Dalila Bachis | Pagine | 18-20 - | PDF
17854,https://id.accademiadellacrusca.org/articoli/simulare-e-dissimulare/17854,simulare-e-dissimulare,Simulare e dissimulare,Consulenze linguistiche,CONSULENZA LINGUISTICA,True,False,"XXII, 2022/3 (luglio-settembre)",16848,chiuso,HTML+PDF,https://id.accademiadellacrusca.org/File/Download?code=fcce5726-b320-4e8f-96b9-77cbf894dc0c,Simulare | e | dissimulare | Vittorio Coletti | Pagine | 21-22 - | PDF
17855,https://id.accademiadellacrusca.org/articoli/prima-del-requisito-ci-pu-essere-il-prerequisito/17855,prima-del-requisito-ci-pu-essere-il-prerequisito,Prima del requisito ci può essere il prerequisito ?,Consulenze linguistiche,CONSULENZA LINGUISTICA,True,False,"XXII, 2022/3 (luglio-settembre)",16848,chiuso,HTML+PDF,https://id.accademiadellacrusca.org/File/Download?code=f2206478-e00e-4bee-a73a-0dea295cf72d,Prima del | requisito | ci può essere il | prerequisito | ? | Paolo D'Achille | Pagine | 23-24 - | PDF
17856,https://id.accademiadellacrusca.org/articoli/neologismi-da-accettare-e-neologismi-da-evitare-qualche-esempio/17856,neologismi-da-accettare-e-neologismi-da-evitare-qualche-esempio,Neologismi da accettare e neologismi da evitare: qualche esempio,Consulenze linguistiche,CONSULENZA LINGUISTICA,True,False,"XXII, 2022/3 (luglio-settembre)",16848,chiuso,HTML+PDF,https://id.accademiadellacrusca.org/File/Download?code=f84a11f6-3616-400e-b7a8-b49325ead378,Neologismi da accettare e neologismi da evitare: qualche esempio | Ilaria Bonomi | Pagine | 25-27 - | PDF
18856,https://id.accademiadellacrusca.org/articoli/essere-single-non--un-problema/18856,essere-single-non--un-problema,Essere single non è un problema!,Consulenze linguistiche,CONSULENZA LINGUISTICA,True,False,"XXII, 2022/3 (luglio-settembre)",16848,chiuso,HTML+PDF,https://id.accademiadellacrusca.org/File/Download?code=580015e1-e6f2-4a8f-b260-322afc8d92d2,Essere | single | non è un problema! | Claudio Giovanardi | Pagine | 28-30 - | PDF
18857,https://id.accademiadellacrusca.org/articoli/mettiamo-le-carte-in-tavola-o-sul-tavolo/18857,mettiamo-le-carte-in-tavola-o-sul-tavolo,Mettiamo le carte in tavola ! O sul tavolo ?,Consulenze linguistiche,CONSULENZA LINGUISTICA,True,False,"XXII, 2022/3 (luglio-settembre)",16848,chiuso,HTML+PDF,https://id.accademiadellacrusca.org/File/Download?code=69417f10-77b3-4f6f-99cf-526cf2fb477b,Mettiamo le carte in | tavola | ! O sul | tavolo | ? | Miriam Di Carlo | Pagine | 31-38 - | PDF
18858,https://id.accademiadellacrusca.org/articoli/una-risposta-tra-lacrime-e-lagrime/18858,una-risposta-tra-lacrime-e-lagrime,Una risposta tra lacrime e lagrime,Consulenze linguistiche,CONSULENZA LINGUISTICA,True,False,"XXII, 2022/3 (luglio-settembre)",16848,chiuso,HTML+PDF,https://id.accademiadellacrusca.org/File/Download?code=382d2d7b-7731-4d16-ae8f-1bcc354ccce9,Una risposta tra | lacrime | e | lagrime | Paolo D'Achille | Pagine | 39-40 - | PDF
19858,https://id.accademiadellacrusca.org/articoli/sulle-accezioni-di-montante/19858,sulle-accezioni-di-montante,Sulle accezioni di montante,Consulenze linguistiche,CONSULENZA LINGUISTICA,True,False,"XXII, 2022/3 (luglio-settembre)",16848,chiuso,HTML+PDF,https://id.accademiadellacrusca.org/File/Download?code=e0e8e652-78ca-48d8-a19b-c6fdfb26a4ab,Sulle accezioni di | montante | Laura Clemenzi | Pagine | 41-44 - | PDF
19859,https://id.accademiadellacrusca.org/articoli/nonostante-il-caldo-vi-speriamo-bene/19859,nonostante-il-caldo-vi-speriamo-bene,"Nonostante il caldo, vi speriamo bene",Consulenze linguistiche,CONSULENZA LINGUISTICA,True,False,"XXII, 2022/3 (luglio-settembre)",16848,chiuso,HTML+PDF,https://id.accademiadellacrusca.org/File/Download?code=5e5dc10d-72cd-4d0e-869f-77b44e736747,"Nonostante il caldo, | vi speriamo bene | Vittorio Coletti | Pagine | 45-46 - | PDF"
19860,https://id.accademiadellacrusca.org/articoli/ho-asciugato-i-pantaloni-e-ora-sono-asciutti/19860,ho-asciugato-i-pantaloni-e-ora-sono-asciutti,Ho asciugato i pantaloni e ora sono asciutti,Consulenze linguistiche,CONSULENZA LINGUISTICA,True,False,"XXII, 2022/3 (luglio-settembre)",16848,chiuso,HTML+PDF,https://id.accademiadellacrusca.org/File/Download?code=a49fc364-ef5d-4421-9ba7-d9a8fc9b7916,Ho | asciugato | i pantaloni e ora sono | asciutti | Luisa di Valvasone | Pagine | 47-49 - | PDF
19861,https://id.accademiadellacrusca.org/articoli/la-famiglia-di-detergere/19861,la-famiglia-di-detergere,La famiglia di detergere,Consulenze linguistiche,CONSULENZA LINGUISTICA,True,False,"XXII, 2022/3 (luglio-settembre)",16848,chiuso,HTML+PDF,https://id.accademiadellacrusca.org/File/Download?code=915493d4-ce08-458d-bd41-f2859c3b2830,La famiglia di | detergere | Michele Colombo | Pagine | 50-52 - | PDF
19862,https://id.accademiadellacrusca.org/articoli/sugli-usi-di-demoltiplicare/19862,sugli-usi-di-demoltiplicare,Sugli usi di demoltiplicare,Consulenze linguistiche,CONSULENZA LINGUISTICA,True,False,"XXII, 2022/3 (luglio-settembre)",16848,chiuso,HTML+PDF,https://id.accademiadellacrusca.org/File/Download?code=0be0826b-36d5-48cd-ab04-052d375e689b,Sugli usi di | demoltiplicare | Valeria Della Valle | Pagine | 53-54 - | PDF
19863,https://id.accademiadellacrusca.org/articoli/etimologia-di-sincero-e-sincera-verit/19863,etimologia-di-sincero-e-sincera-verit,Etimologia di sincero e sincera verità,Consulenze linguistiche,CONSULENZA LINGUISTICA,True,False,"XXII, 2022/3 (luglio-settembre)",16848,chiuso,HTML+PDF,https://id.accademiadellacrusca.org/File/Download?code=c82c1b07-1418-4ece-b3eb-2e78fb5a2b0a,Etimologia di | sincero | e | sincera verità | Miriam Di Carlo | Pagine | 55-61 - | PDF
19864,https://id.accademiadellacrusca.org/articoli/-da-tempo-che-non-ci-vediamo/19864,-da-tempo-che-non-ci-vediamo,È da tempo che non ci vediamo…,Consulenze linguistiche,CONSULENZA LINGUISTICA,True,False,"XXII, 2022/3 (luglio-settembre)",16848,chiuso,HTML+PDF,https://id.accademiadellacrusca.org/File/Download?code=82084c91-cdc8-4d87-a6de-aadcefd636b1,È | da | tempo che | non ci vediamo… | Vittorio Coletti | Pagine | 62-63 - | PDF
19865,https://id.accademiadellacrusca.org/articoli/in-che-anno-siamo-nel-venti-ventidue-o-nel-duemilaventidue/19865,in-che-anno-siamo-nel-venti-ventidue-o-nel-duemilaventidue,In che anno siamo? Nel venti ventidue o nel duemilaventidue ?,Consulenze linguistiche,CONSULENZA LINGUISTICA,True,False,"XXII, 2022/3 (luglio-settembre)",16848,chiuso,HTML+PDF,https://id.accademiadellacrusca.org/File/Download?code=4ca61e7f-08f6-404f-b961-132f59952128,In che anno siamo? Nel | venti ventidue | o nel | duemilaventidue | ? | Lorenzo Coveri | Pagine | 64-66 - | PDF
20866,https://id.accademiadellacrusca.org/articoli/quale-genere-grammaticale-diamo-a-fonte-battesimale/20866,quale-genere-grammaticale-diamo-a-fonte-battesimale,Quale genere grammaticale / diamo a fonte battesimale ?,Consulenze linguistiche,CONSULENZA LINGUISTICA,True,False,"XXII, 2022/3 (luglio-settembre)",16848,chiuso,HTML+PDF,https://id.accademiadellacrusca.org/File/Download?code=8084c654-ebb8-49cf-814b-b73573917a85,Quale genere grammaticale / diamo a | fonte battesimale | ? | Paolo D'Achille | Pagine | 78-81 - | PDF
20867,https://id.accademiadellacrusca.org/articoli/da-dante-alle-dialettichette-per-la-storia-di-quatraro-e-termini-affini/20867,da-dante-alle-dialettichette-per-la-storia-di-quatraro-e-termini-affini,Da Dante alle “dialettichette”: per la storia di quatraro e termini affini,Consulenze linguistiche,CONSULENZA LINGUISTICA,True,False,"XXII, 2022/3 (luglio-settembre)",16848,chiuso,HTML+PDF,https://id.accademiadellacrusca.org/File/Download?code=62ff1f89-2fc9-413d-8118-98683352d813,Da Dante alle “dialettichette”: per la storia di | quatraro | e termini affini | Antonio Vinciguerra | Pagine | 82-89 - | PDF
20868,https://id.accademiadellacrusca.org/articoli/-possibile-ripristinare-un-danno/20868,-possibile-ripristinare-un-danno,È possibile… ripristinare un danno ?,Consulenze linguistiche,CONSULENZA LINGUISTICA,True,False,"XXII, 2022/3 (luglio-settembre)",16848,chiuso,HTML+PDF,https://id.accademiadellacrusca.org/File/Download?code=d456361b-a961-41a0-b95c-a476b7372968,È possibile… | ripristinare un danno | ? | Elisa Altissimi | Pagine | 90-92 - | PDF
20869,https://id.accademiadellacrusca.org/articoli/abbiate-cura-della-lingua-e-vogliateci-bene/20869,abbiate-cura-della-lingua-e-vogliateci-bene,Abbiate cura della lingua e vogliateci bene,Consulenze linguistiche,CONSULENZA LINGUISTICA,True,False,"XXII, 2022/3 (luglio-settembre)",16848,chiuso,HTML+PDF,https://id.accademiadellacrusca.org/File/Download?code=978303cb-1246-49e6-9b57-e27295f9166c,Abbiate cura | della lingua e | vogliateci bene | Raffaella Setti | Pagine | 93-96 - | PDF
20870,https://id.accademiadellacrusca.org/articoli/prendere-gallo/20870,prendere-gallo,Prendere gallo,Consulenze linguistiche,CONSULENZA LINGUISTICA,True,False,"XXII, 2022/3 (luglio-settembre)",16848,chiuso,HTML+PDF,https://id.accademiadellacrusca.org/File/Download?code=905e0ec6-5ece-4bc2-a480-d961b22fbe09,Prendere gallo | Gabriella Cartago | Pagine | 97-99 - | PDF
20871,https://id.accademiadellacrusca.org/articoli/se-avete-avuto-o-portato-pazienza-vi-diamo-la-risposta/20871,se-avete-avuto-o-portato-pazienza-vi-diamo-la-risposta,"Se avete avuto (o portato ) pazienza , vi diamo la risposta",Consulenze linguistiche,CONSULENZA LINGUISTICA,True,False,"XXII, 2022/3 (luglio-settembre)",16848,chiuso,HTML+PDF,https://id.accademiadellacrusca.org/File/Download?code=9a80bbba-b683-4ff9-9084-0f8a1ba9d904,"Se | avete avuto | (o | portato | ) | pazienza | , vi diamo la risposta | Paolo D'Achille | Pagine | 100-102 - | PDF"
20872,https://id.accademiadellacrusca.org/articoli/ci-mancava-altro-ci-mancherebbe-altro/20872,ci-mancava-altro-ci-mancherebbe-altro,"Ci mancava altro, ci mancherebbe altro",Consulenze linguistiche,CONSULENZA LINGUISTICA,True,False,"XXII, 2022/3 (luglio-settembre)",16848,chiuso,HTML+PDF,https://id.accademiadellacrusca.org/File/Download?code=0577eefb-3306-45de-9ea2-7a96027d66e3,"Ci mancava altro, ci mancherebbe altro | Gabriella Alfieri | Pagine | 103-118 - | PDF"
20873,https://id.accademiadellacrusca.org/articoli/anche-in-italiano-lapoteosi-ha-i-suoi-aggettivi/20873,anche-in-italiano-lapoteosi-ha-i-suoi-aggettivi,Anche in italiano l’ apoteosi ha i suoi aggettivi,Consulenze linguistiche,CONSULENZA LINGUISTICA,True,False,"XXII, 2022/3 (luglio-settembre)",16848,chiuso,HTML+PDF,https://id.accademiadellacrusca.org/File/Download?code=9a6aedaf-7032-499e-b0ea-8754c148e127,Anche in italiano l’ | apoteosi | ha i suoi aggettivi | Vittorio Coletti | Pagine | 119-120 - | PDF
20874,https://id.accademiadellacrusca.org/articoli/fare-fulcro-e-fulcrale/20874,fare-fulcro-e-fulcrale,Fare fulcro e fulcrale,Consulenze linguistiche,CONSULENZA LINGUISTICA,True,False,"XXII, 2022/3 (luglio-settembre)",16848,chiuso,HTML+PDF,https://id.accademiadellacrusca.org/File/Download?code=6eead37a-fb88-48c9-bf9a-6a110fb3cf91,Fare fulcro | e | fulcrale | Valeria Della Valle | Pagine | 121-122 - | PDF
20875,https://id.accademiadellacrusca.org/articoli/risposta-nella-quale-si-determina-quali-siano-lorigine-il-senso-e-il-plurale-di-determina/20875,risposta-nella-quale-si-determina-quali-siano-lorigine-il-senso-e-il-plurale-di-determina,"Risposta nella quale si determina quali siano l’origine, il senso e il plurale di determina",Consulenze linguistiche,CONSULENZA LINGUISTICA,True,False,"XXII, 2022/3 (luglio-settembre)",16848,chiuso,HTML+PDF,https://id.accademiadellacrusca.org/File/Download?code=2c60afac-9d70-4a03-947f-2a9d0efcbcc3,"Risposta nella quale si determina quali siano l’origine, il senso e il plurale di | determina | Anna M. Thornton | Pagine | 123-127 - | PDF"
20876,https://id.accademiadellacrusca.org/articoli/ma-alce-e-istrice-sono-nomi-maschili-o-femminili/20876,ma-alce-e-istrice-sono-nomi-maschili-o-femminili,Ma alce e istrice sono nomi maschili o femminili?,Consulenze linguistiche,CONSULENZA LINGUISTICA,True,False,"XXII, 2022/3 (luglio-settembre)",16848,chiuso,HTML+PDF,https://id.accademiadellacrusca.org/File/Download?code=f911fc42-9721-4fd7-9d18-1c4582717379,Ma | alce | e | istrice | sono nomi maschili o femminili? | Andrea Riga | Pagine | 128-135 - | PDF
20877,https://id.accademiadellacrusca.org/articoli/scorrelato/20877,scorrelato,Scorrelato,Consulenze linguistiche,CONSULENZA LINGUISTICA,True,False,"XXII, 2022/3 (luglio-settembre)",16848,chiuso,HTML+PDF,https://id.accademiadellacrusca.org/File/Download?code=c47a8193-0318-4913-9a2a-77f998fc097a,Scorrelato | Vittorio Coletti | Pagine | 136-138 - | PDF
20878,https://id.accademiadellacrusca.org/articoli/perch-perline-se-sono-di-legno/20878,perch-perline-se-sono-di-legno,Perché perline se sono di legno?,Consulenze linguistiche,CONSULENZA LINGUISTICA,True,False,"XXII, 2022/3 (luglio-settembre)",16848,chiuso,HTML+PDF,https://id.accademiadellacrusca.org/File/Download?code=b1c0ee77-4942-4668-8cdb-ca448b3bcc77,Perché | perline | se sono di legno? | Kevin De Vecchis | Pagine | 139-141 - | PDF
21882,https://id.accademiadellacrusca.org/articoli/rispettiamo-luso-dellavverbio-rispettivamente/21882,rispettiamo-luso-dellavverbio-rispettivamente,Rispettiamo l’uso dell’avverbio rispettivamente ?,Consulenze linguistiche,CONSULENZA LINGUISTICA,True,False,"XXII, 2022/3 (luglio-settembre)",16848,chiuso,HTML+PDF,https://id.accademiadellacrusca.org/File/Download?code=3a985122-c329-4585-bd7e-0b7dafe93b71,Rispettiamo l’uso dell’avverbio | rispettivamente | ? | Paolo D'Achille | Pagine | 142-147 - | PDF
21883,https://id.accademiadellacrusca.org/articoli/se-accediamo-a-un-sito-il-sito-viene-acceduto/21883,se-accediamo-a-un-sito-il-sito-viene-acceduto,"Se accediamo a un sito, il sito viene acceduto ?",Consulenze linguistiche,CONSULENZA LINGUISTICA,True,False,"XXII, 2022/3 (luglio-settembre)",16848,chiuso,HTML+PDF,https://id.accademiadellacrusca.org/File/Download?code=4680d898-d55a-4f4b-a046-3b73d92db5b3,"Se accediamo a un sito, il sito | viene acceduto | ? | Cristiana De Santis | Pagine | 148-149 - | PDF"
22921,https://id.accademiadellacrusca.org/articoli/se-proprio-si-vogliono-adire-le-vie-legali/22921,se-proprio-si-vogliono-adire-le-vie-legali,Se proprio si vogliono adire le vie legali …,La Crusca rispose,LA CRUSCA RISPOSE,True,False,"XXII, 2022/3 (luglio-settembre)",16848,chiuso,HTML+PDF,https://id.accademiadellacrusca.org/File/Download?code=d6f0f170-cff5-4fab-a14e-1f7b4a0f2d2f,Se proprio si vogliono | adire le vie legali | … | Angela Frati e Stefania Iannizzotto | Pagine | 150-152 - | PDF
24961,https://id.accademiadellacrusca.org/articoli/di-talch/24961,di-talch,Di talché,La Crusca rispose,LA CRUSCA RISPOSE,True,False,"XXII, 2022/3 (luglio-settembre)",16848,chiuso,HTML+PDF,https://id.accademiadellacrusca.org/File/Download?code=2384ebc9-da8d-4d6f-ba4e-815710fd5140,Di talché | Federigo Bambi | Pagine | 153-154 - | PDF
22922,https://id.accademiadellacrusca.org/articoli/in-punto-di-diritto/22922,in-punto-di-diritto,In punto di diritto,La Crusca rispose,LA CRUSCA RISPOSE,True,False,"XXII, 2022/3 (luglio-settembre)",16848,chiuso,HTML+PDF,https://id.accademiadellacrusca.org/File/Download?code=e5bce241-e14a-4067-bf1c-03925a8a79c9,In punto di diritto | Paolo Carnevale | Pagine | 155-156 - | PDF
16850,https://id.accademiadellacrusca.org/articoli/maskne/16850,maskne,Maskne,Parole nuove,PAROLE NUOVE,False,True,"XXII, 2022/3 (luglio-settembre)",16848,chiuso,HTML+PDF,https://id.accademiadellacrusca.org/File/Download?code=e8c1958d-b05b-4700-a544-c21b21f7ef2c,Maskne | Miriam Di Carlo | Pagine | 157-165 - | PDF
17857,https://id.accademiadellacrusca.org/articoli/stem/17857,stem,STEM,Parole nuove,PAROLE NUOVE,False,True,"XXII, 2022/3 (luglio-settembre)",16848,chiuso,HTML+PDF,https://id.accademiadellacrusca.org/File/Download?code=5f7b80b0-6331-4bac-b0b0-dac67c4140a1,STEM | Luisa di Valvasone | Pagine | 166-171 - | PDF
21886,https://id.accademiadellacrusca.org/articoli/phygital/21886,phygital,Phygital,Parole nuove,PAROLE NUOVE,False,True,"XXII, 2022/3 (luglio-settembre)",16848,chiuso,HTML+PDF,https://id.accademiadellacrusca.org/File/Download?code=91e214df-76de-4c09-a69b-9332505587b7,Phygital | Miriam Di Carlo | Pagine | 172-180 - | PDF
24955,https://id.accademiadellacrusca.org/articoli/francesismi-e-anglismi-nei-testi-giuridici-italiani-studio-sugli-archivi-vocanet-lli-e-normattiva/24955,francesismi-e-anglismi-nei-testi-giuridici-italiani-studio-sugli-archivi-vocanet-lli-e-normattiva,Francesismi e anglismi nei testi giuridici italiani: studio sugli archivi Vocanet-LLI e Normattiva,Articoli,ARTICOLI,False,False,"XXII, 2022/3 (luglio-settembre)",16848,chiuso,HTML+PDF,https://id.accademiadellacrusca.org/File/Download?code=b6efdaa6-e51a-4b78-b83d-ed60eab622c5,Francesismi e anglismi nei testi giuridici italiani: studio sugli archivi Vocanet-LLI e Normattiva | Francesco Romano e Elena Tombesi | Pagine | 181-194 - | PDF
17850,https://id.accademiadellacrusca.org/articoli/domande-e-risposte-ai-concorsi-per-linsegnamento-facciamo-pi-attenzione/17850,domande-e-risposte-ai-concorsi-per-linsegnamento-facciamo-pi-attenzione,Domande e risposte ai concorsi per l’insegnamento: facciamo più attenzione,Temi di discussione,TEMI DI DISCUSSIONE,False,False,"XXII, 2022/3 (luglio-settembre)",16848,chiuso,HTML+PDF,https://id.accademiadellacrusca.org/File/Download?code=b4772662-32de-46bd-a135-75c2767432ab,Domande e risposte ai concorsi per l’insegnamento: facciamo più attenzione | Paolo D'Achille e Rita Librandi | Pagine | 195-200 - | PDF
24959,https://id.accademiadellacrusca.org/articoli/notizie-dall-accademia/24959,notizie-dall-accademia,Notizie dall'Accademia,Notizie,NOTIZIE,False,False,"XXII, 2022/3 (luglio-settembre)",16848,chiuso,HTML+PDF,https://id.accademiadellacrusca.org/File/Download?code=f8eddfef-be2c-4015-983b-f06c3a3483b3,Notizie dall'Accademia | A cura di   comitato di redazione | Pagine | 201-203 - | PDF
22916,https://id.accademiadellacrusca.org/articoli/saluto-di-apertura-del-colloquio-oim-e-civis-scuola-estiva-il-patrimonio-lessicale-e-culturale-delli/22916,saluto-di-apertura-del-colloquio-oim-e-civis-scuola-estiva-il-patrimonio-lessicale-e-culturale-delli,"Saluto di apertura del Colloquio OIM e CIVIS scuola estiva Il patrimonio lessicale e culturale dell’italiano in aree linguistiche selezionate (Accademia della Crusca, 15 settembre 2022) con ricordo di Luca Serianni",Notizie,NOTIZIE,False,False,"XXII, 2022/3 (luglio-settembre)",16848,chiuso,HTML+PDF,https://id.accademiadellacrusca.org/File/Download?code=ff5d0112-4535-4927-ae63-b270f71c6938,"Saluto di apertura del Colloquio OIM e CIVIS scuola estiva | Il patrimonio lessicale e culturale dell’italiano in aree linguistiche selezionate | (Accademia della Crusca, 15 settembre 2022) con ricordo di Luca Serianni | Paolo D'Achille | Pagine | 204-206 - | PDF"
20880,https://id.accademiadellacrusca.org/articoli/bibliografia-della-consulenza-linguistica/20880,bibliografia-della-consulenza-linguistica,Bibliografia della Consulenza linguistica,Bibliografia,BIBLIOGRAFIA,False,False,"XXII, 2022/3 (luglio-settembre)",16848,chiuso,HTML+PDF,https://id.accademiadellacrusca.org/File/Download?code=0b50282a-718b-4c76-b788-e4ef373f7eac,Bibliografia della Consulenza linguistica | Pagine | 207-211 - | PDF
24944,https://id.accademiadellacrusca.org/articoli/editoriale-del-direttore/24944,editoriale-del-direttore,Editoriale del direttore,Editoriale,EDITORIALE,False,False,"XXI, 2022/2 (aprile-giugno)",14798,chiuso,HTML+PDF,https://id.accademiadellacrusca.org/File/Download?code=dcf16b74-d5e1-428f-a728-647535b7247c,Editoriale del direttore | Marco Biffi | Pagine | 1-2 - | PDF
14799,https://id.accademiadellacrusca.org/articoli/da-dove--cascata-a-roma-la-parola-cascherino/14799,da-dove--cascata-a-roma-la-parola-cascherino,"Da dove è cascata, a Roma, la parola cascherino ?",Consulenze linguistiche,CONSULENZA LINGUISTICA,True,False,"XXI, 2022/2 (aprile-giugno)",14798,chiuso,HTML+PDF,https://id.accademiadellacrusca.org/File/Download?code=6f25512a-ff01-44c1-82ab-8cf87adf2234,"Da dove è cascata, a Roma, la parola | cascherino | ? | Alessandro De Angelis | Pagine | 3-6 - | PDF"
14804,https://id.accademiadellacrusca.org/articoli/distonico-e-distonia/14804,distonico-e-distonia,Distonico e distonia,Consulenze linguistiche,CONSULENZA LINGUISTICA,True,False,"XXI, 2022/2 (aprile-giugno)",14798,chiuso,HTML+PDF,https://id.accademiadellacrusca.org/File/Download?code=e9eead5f-18a1-4029-9706-19b18670c3f6,Distonico | e | distonia | Claudio Giovanardi e Matilde Paoli | Pagine | 7-8 - | PDF
14805,https://id.accademiadellacrusca.org/articoli/dando-del-lei-si-dice-vede-o-veda/14805,dando-del-lei-si-dice-vede-o-veda,"Dando del ‘lei’, si dice vede o veda ?",Consulenze linguistiche,CONSULENZA LINGUISTICA,True,False,"XXI, 2022/2 (aprile-giugno)",14798,chiuso,HTML+PDF,https://id.accademiadellacrusca.org/File/Download?code=673a1844-8bf5-4533-b810-064910e15709,"Dando del ‘lei’, si dice | vede | o | veda | ? | Massimo Cerruti | Pagine | 9-11 - | PDF"
14807,https://id.accademiadellacrusca.org/articoli/immettibile-o-immissibile-non-si-pu-mettere-o-si-pu-immettere/14807,immettibile-o-immissibile-non-si-pu-mettere-o-si-pu-immettere,Immettibile (o immissibile ?): non si può mettere o si può immettere?,Consulenze linguistiche,CONSULENZA LINGUISTICA,True,False,"XXI, 2022/2 (aprile-giugno)",14798,chiuso,HTML+PDF,https://id.accademiadellacrusca.org/File/Download?code=1a32dc8a-812b-4047-ab0b-7c7d9338f2ea,Immettibile | (o | immissibile | ?): non si può mettere o si può immettere? | Davide Ricca | Pagine | 12-13 - | PDF
14808,https://id.accademiadellacrusca.org/articoli/uno-sguardo-generale-sugli-ausiliari/14808,uno-sguardo-generale-sugli-ausiliari,Uno sguardo generale sugli ausiliari,Consulenze linguistiche,CONSULENZA LINGUISTICA,True,False,"XXI, 2022/2 (aprile-giugno)",14798,chiuso,HTML+PDF,https://id.accademiadellacrusca.org/File/Download?code=ece243b8-7696-412e-a13a-5f07b3fb8dc0,Uno sguardo generale sugli ausiliari | Raffaella Setti | Pagine | 14-19 - | PDF
14809,https://id.accademiadellacrusca.org/articoli/in-alcune-parti-ditalia-si-fa-linfluenza-in-altre-si-fa-la-tosse-ma-niente-paura-sono-solo-sintomi-r/14809,in-alcune-parti-ditalia-si-fa-linfluenza-in-altre-si-fa-la-tosse-ma-niente-paura-sono-solo-sintomi-r,"In alcune parti d’Italia si fa l’influenza , in altre si fa la tosse , ma niente paura, sono solo sintomi regionali",Consulenze linguistiche,CONSULENZA LINGUISTICA,True,False,"XXI, 2022/2 (aprile-giugno)",14798,chiuso,HTML+PDF,https://id.accademiadellacrusca.org/File/Download?code=81d81cbd-8b8c-4de8-ba33-953b0fe2b7a9,"In alcune parti d’Italia | si fa l’influenza | , in altre | si fa la tosse | , ma niente paura, sono solo sintomi regionali | Kevin De Vecchis | Pagine | 20-25 - | PDF"
14810,https://id.accademiadellacrusca.org/articoli/chi--la-drusiana/14810,chi--la-drusiana,Chi è la drusiana ?,Consulenze linguistiche,CONSULENZA LINGUISTICA,True,False,"XXI, 2022/2 (aprile-giugno)",14798,chiuso,HTML+PDF,https://id.accademiadellacrusca.org/File/Download?code=ed0e7353-50c1-4ae2-a324-ae302b2c2450,Chi è la | drusiana | ? | Roberto Randaccio | Pagine | 26-29 - | PDF
14811,https://id.accademiadellacrusca.org/articoli/assolviamo-il-nostro-compito-vi-rispondiamo/14811,assolviamo-il-nostro-compito-vi-rispondiamo,Assolviamo il nostro compito: vi rispondiamo,Consulenze linguistiche,CONSULENZA LINGUISTICA,True,False,"XXI, 2022/2 (aprile-giugno)",14798,chiuso,HTML+PDF,https://id.accademiadellacrusca.org/File/Download?code=05cdef03-3d2d-4e7d-bf68-45c0f7eed77a,Assolviamo | il nostro compito: vi rispondiamo | Vittorio Coletti | Pagine | 30-31 - | PDF
14812,https://id.accademiadellacrusca.org/articoli/fratello-sorella-fratellastro-sorellastra-e-anche-matrigna-e-patrigno-nei-nuovi-rapporti-familiari/14812,fratello-sorella-fratellastro-sorellastra-e-anche-matrigna-e-patrigno-nei-nuovi-rapporti-familiari,"Fratello , sorella , fratellastro , sorellastra, e anche matrigna e patrigno, nei nuovi rapporti familiari",Consulenze linguistiche,CONSULENZA LINGUISTICA,True,False,"XXI, 2022/2 (aprile-giugno)",14798,chiuso,HTML+PDF,https://id.accademiadellacrusca.org/File/Download?code=ec525664-bf0c-4be9-b6f2-3f327522b5b4,"Fratello | , | sorella | , | fratellastro | , | sorellastra, | e anche | matrigna | e | patrigno, | nei nuovi rapporti familiari | Paolo D'Achille | Pagine | 32-35 - | PDF"
14813,https://id.accademiadellacrusca.org/articoli/un-antico-arabismo-nei-commentarii-di-lorenzo-ghiberti-la-parola-alfino/14813,un-antico-arabismo-nei-commentarii-di-lorenzo-ghiberti-la-parola-alfino,Un antico arabismo nei Commentarii di Lorenzo Ghiberti? La parola alfino,Consulenze linguistiche,CONSULENZA LINGUISTICA,True,False,"XXI, 2022/2 (aprile-giugno)",14798,chiuso,HTML+PDF,https://id.accademiadellacrusca.org/File/Download?code=862c5f8e-f956-449d-abb3-6f059e7e5e3b,Un antico arabismo nei | Commentarii | di Lorenzo Ghiberti? La parola | alfino | Matteo Mazzone | Pagine | 36-41 - | PDF
14814,https://id.accademiadellacrusca.org/articoli/a-proposito-di-prettamente/14814,a-proposito-di-prettamente,A proposito di prettamente,Consulenze linguistiche,CONSULENZA LINGUISTICA,True,False,"XXI, 2022/2 (aprile-giugno)",14798,chiuso,HTML+PDF,https://id.accademiadellacrusca.org/File/Download?code=38515ead-3a97-4945-8595-3c2f4dda13c7,A proposito di | prettamente | Davide Ricca | Pagine | 42-43 - | PDF
14815,https://id.accademiadellacrusca.org/articoli/sfastidiare-non-dovrebbe-dare-fastidio/14815,sfastidiare-non-dovrebbe-dare-fastidio,Sfastidiare non dovrebbe dare fastidio,Consulenze linguistiche,CONSULENZA LINGUISTICA,True,False,"XXI, 2022/2 (aprile-giugno)",14798,chiuso,HTML+PDF,https://id.accademiadellacrusca.org/File/Download?code=3ac3bcb5-6555-4ba3-bdd9-c77e8faa26ea,Sfastidiare | non dovrebbe dare fastidio | Nicola De Blasi | Pagine | 44-47 - | PDF
15815,https://id.accademiadellacrusca.org/articoli/in-italia-non-si-brontola-nessuno-in-toscana-qualcuno-s/15815,in-italia-non-si-brontola-nessuno-in-toscana-qualcuno-s,In Italia non si brontola nessuno… In Toscana qualcuno sì,Consulenze linguistiche,CONSULENZA LINGUISTICA,True,False,"XXI, 2022/2 (aprile-giugno)",14798,chiuso,HTML+PDF,https://id.accademiadellacrusca.org/File/Download?code=ad28be8c-fd69-4f3a-ae1a-e73b8ad25a76,In Italia non | si brontola | nessuno… In Toscana qualcuno sì | Lorenzo Cambi | Pagine | 48-52 - | PDF
15816,https://id.accademiadellacrusca.org/articoli/le-parole-degli-affetti/15816,le-parole-degli-affetti,Le parole degli affetti,Consulenze linguistiche,CONSULENZA LINGUISTICA,True,False,"XXI, 2022/2 (aprile-giugno)",14798,chiuso,HTML+PDF,https://id.accademiadellacrusca.org/File/Download?code=41baf2b1-80e3-413d-806c-3653919cb5ab,Le parole degli affetti | Vittorio Coletti | Pagine | 53-55 - | PDF
15818,https://id.accademiadellacrusca.org/articoli/alla-fine-abbiamo-imparato-a-tamponarci-anche-da-soli-note-su-tamponare-e-tamponarsi/15818,alla-fine-abbiamo-imparato-a-tamponarci-anche-da-soli-note-su-tamponare-e-tamponarsi,Alla fine abbiamo imparato a tamponarci anche da soli. Note su tamponare e tamponarsi,Consulenze linguistiche,CONSULENZA LINGUISTICA,True,False,"XXI, 2022/2 (aprile-giugno)",14798,chiuso,HTML+PDF,https://id.accademiadellacrusca.org/File/Download?code=9452eee6-c7fa-45c9-aeb2-8f399773f026,Alla fine abbiamo imparato a | tamponarci | anche da soli. Note su | tamponare | e | tamponarsi | Kevin De Vecchis | Pagine | 56-60 - | PDF
15819,https://id.accademiadellacrusca.org/articoli/nel-cabaret-lavorano-cabarettisti-o-cabarettari/15819,nel-cabaret-lavorano-cabarettisti-o-cabarettari,Nel cabaret lavorano cabarettisti o cabarettari ?,Consulenze linguistiche,CONSULENZA LINGUISTICA,True,False,"XXI, 2022/2 (aprile-giugno)",14798,chiuso,HTML+PDF,https://id.accademiadellacrusca.org/File/Download?code=9f491bec-4679-40e3-be18-18a40c48b2bc,Nel | cabaret | lavorano | cabarettisti | o | cabarettari | ? | Paolo D'Achille | Pagine | 61-63 - | PDF
15820,https://id.accademiadellacrusca.org/articoli/ma-quale-storia-d-egitto/15820,ma-quale-storia-d-egitto,Ma quale storia d'Egitto !,Consulenze linguistiche,CONSULENZA LINGUISTICA,True,False,"XXI, 2022/2 (aprile-giugno)",14798,chiuso,HTML+PDF,https://id.accademiadellacrusca.org/File/Download?code=391026a4-2bc6-4c18-b8ee-6ba645f7da97,Ma quale storia | d'Egitto | ! | Ottavio Lurati | Pagine | 64-70 - | PDF
15821,https://id.accademiadellacrusca.org/articoli/a-vento-o-controvento-le-portiere-che-furono/15821,a-vento-o-controvento-le-portiere-che-furono,A vento o controvento ? Le portiere che furono,Consulenze linguistiche,CONSULENZA LINGUISTICA,True,False,"XXI, 2022/2 (aprile-giugno)",14798,chiuso,HTML+PDF,https://id.accademiadellacrusca.org/File/Download?code=a19e552e-ccae-43e1-90cf-6453b0bb8331,A vento | o | controvento | ? Le | portiere | che furono | Matteo Mazzone | Pagine | 71-75 - | PDF
15823,https://id.accademiadellacrusca.org/articoli/prezzario-prezziario-o-preziario-quale-nome-per-il-listino-dei-prezzi/15823,prezzario-prezziario-o-preziario-quale-nome-per-il-listino-dei-prezzi,"Prezzario , prezziario o preziario : quale nome per il listino dei prezzi?",Consulenze linguistiche,CONSULENZA LINGUISTICA,True,False,"XXI, 2022/2 (aprile-giugno)",14798,chiuso,HTML+PDF,https://id.accademiadellacrusca.org/File/Download?code=f59d9c97-42c4-4231-acbe-0ff8780656a1,"Prezzario | , | prezziario | o | preziario | : quale nome per il listino dei prezzi? | Matteo Agolini | Pagine | 76-79 - | PDF"
15824,https://id.accademiadellacrusca.org/articoli/memoriale/15824,memoriale,Memoriale,Consulenze linguistiche,CONSULENZA LINGUISTICA,True,False,"XXI, 2022/2 (aprile-giugno)",14798,chiuso,HTML+PDF,https://id.accademiadellacrusca.org/File/Download?code=74e75618-d688-4444-8537-e67a98a3f58e,Memoriale | Vittorio Coletti | Pagine | 80-81 - | PDF
15825,https://id.accademiadellacrusca.org/articoli/quando--luomo-a-fare-il-casalingo/15825,quando--luomo-a-fare-il-casalingo,Quando è l’uomo a fare il casalingo,Consulenze linguistiche,CONSULENZA LINGUISTICA,True,False,"XXI, 2022/2 (aprile-giugno)",14798,chiuso,HTML+PDF,https://id.accademiadellacrusca.org/File/Download?code=122fb4c5-89fb-471f-ae7c-0696b36ba8a8,Quando è l’uomo a fare il | casalingo | Raffaella Setti | Pagine | 82-86 - | PDF
15827,https://id.accademiadellacrusca.org/articoli/se-avallo-una-proposta-la-accetto-se-la-avvallo-cerco-di-insabbiarla/15827,se-avallo-una-proposta-la-accetto-se-la-avvallo-cerco-di-insabbiarla,"Se avallo una proposta la accetto, se la avvallo cerco di insabbiarla",Consulenze linguistiche,CONSULENZA LINGUISTICA,True,False,"XXI, 2022/2 (aprile-giugno)",14798,chiuso,HTML+PDF,https://id.accademiadellacrusca.org/File/Download?code=5c7ba338-545a-411b-826c-fc76526a5027,"Se | avallo | una proposta la accetto, se la | avvallo | cerco di insabbiarla | Cristiana De Santis | Pagine | 87-88 - | PDF"
15828,https://id.accademiadellacrusca.org/articoli/igiene-pu-avere-il-plurale/15828,igiene-pu-avere-il-plurale,Igiene può avere il plurale?,Consulenze linguistiche,CONSULENZA LINGUISTICA,True,False,"XXI, 2022/2 (aprile-giugno)",14798,chiuso,HTML+PDF,https://id.accademiadellacrusca.org/File/Download?code=040319d0-1eaa-452b-985a-f0a54cedbc62,Igiene | può avere il plurale? | Anna M. Thornton | Pagine | 89 - | PDF
15829,https://id.accademiadellacrusca.org/articoli/si-entra-in-o-a-contatto-con-qualcuno/15829,si-entra-in-o-a-contatto-con-qualcuno,Si entra in o a contatto con qualcuno?,Consulenze linguistiche,CONSULENZA LINGUISTICA,True,False,"XXI, 2022/2 (aprile-giugno)",14798,chiuso,HTML+PDF,https://id.accademiadellacrusca.org/File/Download?code=a4bdfaab-19f2-4669-91a2-fecca20b6012,Si | entra in | o | a contatto | con qualcuno? | Vittorio Coletti | Pagine | 90-91 - | PDF
16829,https://id.accademiadellacrusca.org/articoli/preferiamo-rispondere-alle-vostre-domande-piuttosto-che-le-vostre-domande-siano-risposte/16829,preferiamo-rispondere-alle-vostre-domande-piuttosto-che-le-vostre-domande-siano-risposte,Preferiamo rispondere alle vostre domande piuttosto che le vostre domande siano risposte !,Consulenze linguistiche,CONSULENZA LINGUISTICA,True,False,"XXI, 2022/2 (aprile-giugno)",14798,chiuso,HTML+PDF,https://id.accademiadellacrusca.org/File/Download?code=4e37df8e-548a-4a0a-a686-1b5597d5e95d,Preferiamo | rispondere | alle vostre domande piuttosto che le vostre domande | siano risposte | ! | Raffaella Setti | Pagine | 92-95 - | PDF
16830,https://id.accademiadellacrusca.org/articoli/serve-uno-spiegone-per-chiarire-che-cos-lo-spiegone/16830,serve-uno-spiegone-per-chiarire-che-cos-lo-spiegone,Serve uno spiegone per chiarire che cos’è lo spiegone ?,Consulenze linguistiche,CONSULENZA LINGUISTICA,True,False,"XXI, 2022/2 (aprile-giugno)",14798,chiuso,HTML+PDF,https://id.accademiadellacrusca.org/File/Download?code=63819d3a-13ea-4f8a-9672-0060df87c65e,Serve uno spiegone per chiarire che cos’è lo | spiegone | ? | Paolo D'Achille | Pagine | 96-98 - | PDF
16831,https://id.accademiadellacrusca.org/articoli/sopra-o-sovra--e-dopo-si-raddoppia/16831,sopra-o-sovra--e-dopo-si-raddoppia,Sopra - o sovra -? E dopo si raddoppia?,Consulenze linguistiche,CONSULENZA LINGUISTICA,True,False,"XXI, 2022/2 (aprile-giugno)",14798,chiuso,HTML+PDF,https://id.accademiadellacrusca.org/File/Download?code=89a2b31b-8e49-4f5e-a725-695d6d9f04f1,Sopra | - o | sovra | -? E dopo si raddoppia? | Claudio Iacobini e Mikaela Cordisco | Pagine | 99-103 - | PDF
16832,https://id.accademiadellacrusca.org/articoli/alla-domanda-dei-lettori-la-risposta-viene-pronta/16832,alla-domanda-dei-lettori-la-risposta-viene-pronta,Alla domanda dei lettori… la risposta viene pronta !,Consulenze linguistiche,CONSULENZA LINGUISTICA,True,False,"XXI, 2022/2 (aprile-giugno)",14798,chiuso,HTML+PDF,https://id.accademiadellacrusca.org/File/Download?code=661c6974-e614-48bb-a27b-f8ed6d3baf0f,Alla domanda dei lettori… la risposta | viene pronta | ! | Elisa Altissimi | Pagine | 104-107 - | PDF
16833,https://id.accademiadellacrusca.org/articoli/sul-genere-e-sul-plurale-di-aspirapolvere/16833,sul-genere-e-sul-plurale-di-aspirapolvere,Sul genere e sul plurale di aspirapolvere,Consulenze linguistiche,CONSULENZA LINGUISTICA,True,False,"XXI, 2022/2 (aprile-giugno)",14798,chiuso,HTML+PDF,https://id.accademiadellacrusca.org/File/Download?code=bb2012bb-b362-42e6-a194-d4a3a051a964,Sul genere e sul plurale di | aspirapolvere | Sara Giovine | Pagine | 108-110 - | PDF
16834,https://id.accademiadellacrusca.org/articoli/sulla-distinzione-fra-nazionalit-e-cittadinanza/16834,sulla-distinzione-fra-nazionalit-e-cittadinanza,Sulla distinzione fra nazionalità e cittadinanza,Consulenze linguistiche,CONSULENZA LINGUISTICA,True,False,"XXI, 2022/2 (aprile-giugno)",14798,chiuso,HTML+PDF,https://id.accademiadellacrusca.org/File/Download?code=a764089e-548b-4416-b944-cc04e2df9dc6,Sulla distinzione fra | nazionalità | e | cittadinanza | Paolo Carnevale | Pagine | 111-115 - | PDF
16835,https://id.accademiadellacrusca.org/articoli/ricordiamoci-che-i-vice-fanno-le-veci/16835,ricordiamoci-che-i-vice-fanno-le-veci,Ricordiamoci che i vice fanno le veci,Consulenze linguistiche,CONSULENZA LINGUISTICA,True,False,"XXI, 2022/2 (aprile-giugno)",14798,chiuso,HTML+PDF,https://id.accademiadellacrusca.org/File/Download?code=dbff8c41-30d2-4b9a-9d14-7cc32d66120a,Ricordiamoci che i | vice | fanno le | veci | Vittorio Coletti e Paolo D'Achille | Pagine | 116-119 - | PDF
16838,https://id.accademiadellacrusca.org/articoli/risposta-a-uno-dei-quesiti-pi-meravigliosi-pervenuti/16838,risposta-a-uno-dei-quesiti-pi-meravigliosi-pervenuti,Risposta a uno dei quesiti più meravigliosi pervenuti,Consulenze linguistiche,CONSULENZA LINGUISTICA,True,False,"XXI, 2022/2 (aprile-giugno)",14798,chiuso,HTML+PDF,https://id.accademiadellacrusca.org/File/Download?code=2123aa38-233f-47de-8c1d-6b47266f52c9,Risposta a uno dei quesiti | più meravigliosi | pervenuti | Anna M. Thornton | Pagine | 120-123 - | PDF
16839,https://id.accademiadellacrusca.org/articoli/di-tu-e-non-dici-tu-se-fedele/16839,di-tu-e-non-dici-tu-se-fedele,"Di’ tu (e non dici tu), se fedele...",Consulenze linguistiche,CONSULENZA LINGUISTICA,True,False,"XXI, 2022/2 (aprile-giugno)",14798,chiuso,HTML+PDF,https://id.accademiadellacrusca.org/File/Download?code=94bd2875-37ab-4f2d-b4f7-d9f5ebf4d849,"Di’ | tu (e non | dici | tu), se fedele... | Paolo D'Achille | Pagine | 124-126 - | PDF"
16840,https://id.accademiadellacrusca.org/articoli/trinciar-polli-e-tranciar-giudizi/16840,trinciar-polli-e-tranciar-giudizi,Trinciar polli e tranciar giudizi,Consulenze linguistiche,CONSULENZA LINGUISTICA,True,False,"XXI, 2022/2 (aprile-giugno)",14798,chiuso,HTML+PDF,https://id.accademiadellacrusca.org/File/Download?code=ccfd2db6-1461-4037-88e0-7cffd9fa9aaf,Trinciar polli | e | tranciar giudizi | Roberta Cella | Pagine | 127 - | PDF
16845,https://id.accademiadellacrusca.org/articoli/scaturire-transitivo-o-intransitivo/16845,scaturire-transitivo-o-intransitivo,Scaturire : transitivo o intransitivo?,Consulenze linguistiche,CONSULENZA LINGUISTICA,True,False,"XXI, 2022/2 (aprile-giugno)",14798,chiuso,HTML+PDF,https://id.accademiadellacrusca.org/File/Download?code=27b087d9-61a9-466e-bdd0-8127b8d977c8,Scaturire | : transitivo o intransitivo? | Luisa di Valvasone | Pagine | 128-130 - | PDF
16846,https://id.accademiadellacrusca.org/articoli/questi-ultimi-o-questultimi/16846,questi-ultimi-o-questultimi,Questi ultimi o quest’ultimi ?,Consulenze linguistiche,CONSULENZA LINGUISTICA,True,False,"XXI, 2022/2 (aprile-giugno)",14798,chiuso,HTML+PDF,https://id.accademiadellacrusca.org/File/Download?code=f27b694f-e102-4db9-9dc5-b45f84f4825f,Questi ultimi | o | quest’ultimi | ? | Paolo D'Achille | Pagine | 131-133 - | PDF
16847,https://id.accademiadellacrusca.org/articoli/meglio-evitare-il-troppo-con-i-comparativi/16847,meglio-evitare-il-troppo-con-i-comparativi,Meglio evitare il troppo con i comparativi,Consulenze linguistiche,CONSULENZA LINGUISTICA,True,False,"XXI, 2022/2 (aprile-giugno)",14798,chiuso,HTML+PDF,https://id.accademiadellacrusca.org/File/Download?code=807dad4c-8c87-4c09-9b1a-6567b594c89a,Meglio evitare il | troppo | con i comparativi | Vittorio Coletti | Pagine | 134-136 - | PDF
16842,https://id.accademiadellacrusca.org/articoli/sull-uso-di-mentre-invece/16842,sull-uso-di-mentre-invece,Sull'uso di mentre invece,La Crusca rispose,LA CRUSCA RISPOSE,True,False,"XXI, 2022/2 (aprile-giugno)",14798,chiuso,HTML+PDF,https://id.accademiadellacrusca.org/File/Download?code=e176e35a-c446-4c4e-a82f-016e74f214bd,Sull'uso di | mentre invece | Matilde Paoli | Pagine | 137-139 - | PDF
16843,https://id.accademiadellacrusca.org/articoli/essendo-che/16843,essendo-che,Essendo che ...,La Crusca rispose,LA CRUSCA RISPOSE,True,False,"XXI, 2022/2 (aprile-giugno)",14798,chiuso,HTML+PDF,https://id.accademiadellacrusca.org/File/Download?code=659a9c31-52a8-4e36-8f42-f2a9f9893c00,Essendo che | ... | Raffaella Setti | Pagine | 140-141 - | PDF
16844,https://id.accademiadellacrusca.org/articoli/usi-e-valori-di-comunque-dalla-frase-al-testo/16844,usi-e-valori-di-comunque-dalla-frase-al-testo,Usi e valori di comunque : dalla frase al testo,La Crusca rispose,LA CRUSCA RISPOSE,True,False,"XXI, 2022/2 (aprile-giugno)",14798,chiuso,HTML+PDF,https://id.accademiadellacrusca.org/File/Download?code=438f12ee-8b71-4b1c-850a-1439d4d4457e,Usi e valori di | comunque | : dalla frase al testo | Maria Cristina Torchia | Pagine | 142-146 - | PDF
14806,https://id.accademiadellacrusca.org/articoli/skincare/14806,skincare,Skincare,Parole nuove,PAROLE NUOVE,False,True,"XXI, 2022/2 (aprile-giugno)",14798,chiuso,HTML+PDF,https://id.accademiadellacrusca.org/File/Download?code=4f910067-85d6-4d42-b712-f941d4128af5,Skincare | Miriam Di Carlo | Pagine | 147-154 - | PDF
15822,https://id.accademiadellacrusca.org/articoli/spid-e-identit-digitale/15822,spid-e-identit-digitale,Spid e Identità digitale,Parole nuove,PAROLE NUOVE,False,True,"XXI, 2022/2 (aprile-giugno)",14798,chiuso,HTML+PDF,https://id.accademiadellacrusca.org/File/Download?code=67370acc-0ab5-45da-9815-ab8fb7ecbbbe,Spid | e | Identità digitale | Miriam Di Carlo | Pagine | 155-163 - | PDF
16841,https://id.accademiadellacrusca.org/articoli/non-lasciamoci-confondere-dai-fumi-delle-fumisterie/16841,non-lasciamoci-confondere-dai-fumi-delle-fumisterie,Non lasciamoci confondere dai fumi delle fumisterie,Integrazioni lessicografiche,INTEGRAZIONI LESSICOGRAFICHE,False,False,"XXI, 2022/2 (aprile-giugno)",14798,chiuso,HTML+PDF,https://id.accademiadellacrusca.org/File/Download?code=099df8e1-804d-4298-9fbe-fe5990c5e62f,Non lasciamoci confondere dai fumi delle | fumisterie | Raffaella Setti | Pagine | 164-167 - | PDF
15817,https://id.accademiadellacrusca.org/articoli/documenti-giuridici-digitali-per-la-storia-del-diritto-e-la-lessicografia/15817,documenti-giuridici-digitali-per-la-storia-del-diritto-e-la-lessicografia,Documenti giuridici digitali per la storia del diritto e la lessicografia,Articoli,ARTICOLI,False,False,"XXI, 2022/2 (aprile-giugno)",14798,chiuso,HTML+PDF,https://id.accademiadellacrusca.org/File/Download?code=c5b741bd-14bf-4ffa-b1f4-3e19f1529311,Documenti giuridici digitali per la storia del diritto e la lessicografia | Francesco Romano e Elena Tombesi | Pagine | 168-177 - | PDF
22902,https://id.accademiadellacrusca.org/articoli/tra-uno-sguardo-e-un-traguardo-levoluzione-del-verbo-traguardare/22902,tra-uno-sguardo-e-un-traguardo-levoluzione-del-verbo-traguardare,Tra uno sguardo e un traguardo : l’evoluzione del verbo traguardare,Articoli,ARTICOLI,False,False,"XXI, 2022/2 (aprile-giugno)",14798,chiuso,HTML+PDF,https://id.accademiadellacrusca.org/File/Download?code=d62ddc77-3cc5-426c-b72f-f3bc643afad8,Tra uno | sguardo | e un | traguardo | : l’evoluzione del verbo | traguardare | Matilde Paoli | Pagine | 178-194 - | PDF
24945,https://id.accademiadellacrusca.org/articoli/notizie-dall-accademia/24945,notizie-dall-accademia,Notizie dall'Accademia,Notizie,NOTIZIE,False,False,"XXI, 2022/2 (aprile-giugno)",14798,chiuso,HTML+PDF,https://id.accademiadellacrusca.org/File/Download?code=0882624e-de3b-4b52-99a1-6e62b7b110e6,Notizie dall'Accademia | A cura di   comitato di redazione | Pagine | 195-197 - | PDF
20879,https://id.accademiadellacrusca.org/articoli/bibliografia-della-consulenza-linguistica/20879,bibliografia-della-consulenza-linguistica,Bibliografia della Consulenza linguistica,Bibliografia,BIBLIOGRAFIA,False,False,"XXI, 2022/2 (aprile-giugno)",14798,chiuso,HTML+PDF,https://id.accademiadellacrusca.org/File/Download?code=a8716a26-c46c-4964-94a2-d6a5b1176224,Bibliografia della Consulenza linguistica | Pagine | 198-202 - | PDF
20881,https://id.accademiadellacrusca.org/articoli/editoriale-del-direttore/20881,editoriale-del-direttore,Editoriale del direttore,Editoriale,EDITORIALE,False,False,"XX, 2022/1 (gennaio-marzo)",11749,chiuso,HTML+PDF,https://id.accademiadellacrusca.org/File/Download?code=ad649475-bfb8-401e-9f32-8af4b1584da4,Editoriale del direttore | Marco Biffi | Pagine | 1-2 - | PDF
11748,https://id.accademiadellacrusca.org/articoli/appuntiamocelo-in-toscana-il-temperino-si-chiama-appuntalapis/11748,appuntiamocelo-in-toscana-il-temperino-si-chiama-appuntalapis,Appuntiamocelo: in Toscana il temperino si chiama appuntalapis !,Consulenze linguistiche,CONSULENZA LINGUISTICA,True,False,"XX, 2022/1 (gennaio-marzo)",11749,chiuso,HTML+PDF,https://id.accademiadellacrusca.org/File/Download?code=9acde1da-6fff-4d8e-8cb5-3130ea7cb8c3,Appuntiamocelo: in Toscana il | temperino | si chiama | appuntalapis | ! | Neri Binazzi | Pagine | 3-8 - | PDF
11750,https://id.accademiadellacrusca.org/articoli/i-privilegi-dei-medici/11750,i-privilegi-dei-medici,I privilegi dei medici,Consulenze linguistiche,CONSULENZA LINGUISTICA,True,False,"XX, 2022/1 (gennaio-marzo)",11749,chiuso,HTML+PDF,https://id.accademiadellacrusca.org/File/Download?code=974dab67-56c5-4c19-aada-61783932b94b,I | privilegi | dei medici | Claudio Marazzini | Pagine | 9-13 - | PDF
11753,https://id.accademiadellacrusca.org/articoli/a-proposito-di-eclatante-ed-eclatantemente/11753,a-proposito-di-eclatante-ed-eclatantemente,A proposito di eclatante ed eclatantemente,Consulenze linguistiche,CONSULENZA LINGUISTICA,True,False,"XX, 2022/1 (gennaio-marzo)",11749,chiuso,HTML+PDF,https://id.accademiadellacrusca.org/File/Download?code=5bf9379f-e6ae-43a9-8fb9-7b4bd9f8ad44,A proposito di | eclatante | ed | eclatantemente | Roberta Cella | Pagine | 14-15 - | PDF
11754,https://id.accademiadellacrusca.org/articoli/oggi-riciclo-o-reciclo/11754,oggi-riciclo-o-reciclo,Oggi riciclo o reciclo ?,Consulenze linguistiche,CONSULENZA LINGUISTICA,True,False,"XX, 2022/1 (gennaio-marzo)",11749,chiuso,HTML+PDF,https://id.accademiadellacrusca.org/File/Download?code=70d76e46-57a9-4ff0-824a-49a7541b74d0,Oggi | riciclo | o | reciclo | ? | Miriam Di Carlo | Pagine | 16-21 - | PDF
11756,https://id.accademiadellacrusca.org/articoli/sulla-reggenza-di-immune/11756,sulla-reggenza-di-immune,Sulla reggenza di immune,Consulenze linguistiche,CONSULENZA LINGUISTICA,True,False,"XX, 2022/1 (gennaio-marzo)",11749,chiuso,HTML+PDF,https://id.accademiadellacrusca.org/File/Download?code=936d8b52-6b47-4e29-8dbd-ee23c553a4a3,Sulla reggenza di | immune | Vittorio Coletti | Pagine | 22-23 - | PDF
11757,https://id.accademiadellacrusca.org/articoli/letimologia-di-una-voce-giudeo-romanesca-ngarelli/11757,letimologia-di-una-voce-giudeo-romanesca-ngarelli,L’etimologia di una voce giudeo-romanesca: ngarelli,Consulenze linguistiche,CONSULENZA LINGUISTICA,True,False,"XX, 2022/1 (gennaio-marzo)",11749,chiuso,HTML+PDF,https://id.accademiadellacrusca.org/File/Download?code=a3c5c298-e4ff-484e-a6d0-11e7f07819c1,L’etimologia di una voce giudeo-romanesca: | ngarelli | Luca Lorenzetti | Pagine | 24-26 - | PDF
11760,https://id.accademiadellacrusca.org/articoli/si-pu-essere-sconcentrati/11760,si-pu-essere-sconcentrati,Si può essere sconcentrati ?,Consulenze linguistiche,CONSULENZA LINGUISTICA,True,False,"XX, 2022/1 (gennaio-marzo)",11749,chiuso,HTML+PDF,https://id.accademiadellacrusca.org/File/Download?code=142f8da4-af33-4edf-88c6-e585f424fa24,Si può essere | sconcentrati | ? | Sara Giovine | Pagine | 27-32 - | PDF
11761,https://id.accademiadellacrusca.org/articoli/chi-ha-paura-della-nomofobia/11761,chi-ha-paura-della-nomofobia,Chi ha paura della nomofobia ?,Consulenze linguistiche,CONSULENZA LINGUISTICA,True,False,"XX, 2022/1 (gennaio-marzo)",11749,chiuso,HTML+PDF,https://id.accademiadellacrusca.org/File/Download?code=d8f7d898-66be-4abe-b7d7-787a6bb1234f,Chi ha paura della | nomofobia | ? | Elisa Altissimi | Pagine | 33-35 - | PDF
11762,https://id.accademiadellacrusca.org/articoli/facciario/11762,facciario,Facciario,Consulenze linguistiche,CONSULENZA LINGUISTICA,True,False,"XX, 2022/1 (gennaio-marzo)",11749,chiuso,HTML+PDF,https://id.accademiadellacrusca.org/File/Download?code=216c8060-3dec-4d98-9ae6-54ce97dd2284,Facciario | Paola Villani | Pagine | 36-39 - | PDF
11763,https://id.accademiadellacrusca.org/articoli/concorrenti-al-femminile-di-fraterno-scendono-in-gara-sororale-sororio-sorellevole-e-sorellesco/11763,concorrenti-al-femminile-di-fraterno-scendono-in-gara-sororale-sororio-sorellevole-e-sorellesco,"Concorrenti “al femminile” di fraterno : scendono in gara sororale , sororio , sorellevole e sorellesco",Consulenze linguistiche,CONSULENZA LINGUISTICA,True,False,"XX, 2022/1 (gennaio-marzo)",11749,chiuso,HTML+PDF,https://id.accademiadellacrusca.org/File/Download?code=56984ebb-55b6-41f6-89d6-215876ecd09b,"Concorrenti “al femminile” di | fraterno | : scendono in gara | sororale | , | sororio | , | sorellevole | e | sorellesco | Matilde Paoli | Pagine | 40-48 - | PDF"
11765,https://id.accademiadellacrusca.org/articoli/a-tendere-laziendalese-dietro-langolo/11765,a-tendere-laziendalese-dietro-langolo,A tendere : l’“aziendalese” dietro l’angolo,Consulenze linguistiche,CONSULENZA LINGUISTICA,True,False,"XX, 2022/1 (gennaio-marzo)",11749,chiuso,HTML+PDF,https://id.accademiadellacrusca.org/File/Download?code=5fb6c595-f15e-4a88-9ab2-3f770b11935b,A tendere | : l’“aziendalese” dietro l’angolo | Sergio Lubello | Pagine | 49-51 - | PDF
11766,https://id.accademiadellacrusca.org/articoli/estrapolare-ed-estrapolazione/11766,estrapolare-ed-estrapolazione,Estrapolare ed estrapolazione,Consulenze linguistiche,CONSULENZA LINGUISTICA,True,False,"XX, 2022/1 (gennaio-marzo)",11749,chiuso,HTML+PDF,https://id.accademiadellacrusca.org/File/Download?code=aa1b2223-373a-47ed-b414-ce1a143821e4,Estrapolare | ed | estrapolazione | Laura Ricci | Pagine | 52-57 - | PDF
11767,https://id.accademiadellacrusca.org/articoli/possiamo-startare/11767,possiamo-startare,Possiamo startare ?,Consulenze linguistiche,CONSULENZA LINGUISTICA,True,False,"XX, 2022/1 (gennaio-marzo)",11749,chiuso,HTML+PDF,https://id.accademiadellacrusca.org/File/Download?code=acbc30bb-88ab-4e8b-8dad-08c4456b6172,Possiamo | startare | ? | Luisa di Valvasone | Pagine | 58-61 - | PDF
11768,https://id.accademiadellacrusca.org/articoli/la-bergamasca/11768,la-bergamasca,La Bergamasca,Consulenze linguistiche,CONSULENZA LINGUISTICA,True,False,"XX, 2022/1 (gennaio-marzo)",11749,chiuso,HTML+PDF,https://id.accademiadellacrusca.org/File/Download?code=88d559b5-db43-4860-92af-4f14d25eeb65,La | Bergamasca | Enzo Caffarelli | Pagine | 62-65 - | PDF
11769,https://id.accademiadellacrusca.org/articoli/spatafiacca/11769,spatafiacca,Spatafiacca,Consulenze linguistiche,CONSULENZA LINGUISTICA,True,False,"XX, 2022/1 (gennaio-marzo)",11749,chiuso,HTML+PDF,https://id.accademiadellacrusca.org/File/Download?code=5bf77bc7-9407-40ff-bc6b-08e47ad59fa7,Spatafiacca | Emanuele Banfi | Pagine | 66-72 - | PDF
11771,https://id.accademiadellacrusca.org/articoli/farcia-farcitura-e-ripieno-sempre-un-impasto-/11771,farcia-farcitura-e-ripieno-sempre-un-impasto-,"Farcia , farcitura e ripieno : sempre un impasto è",Consulenze linguistiche,CONSULENZA LINGUISTICA,True,False,"XX, 2022/1 (gennaio-marzo)",11749,chiuso,HTML+PDF,https://id.accademiadellacrusca.org/File/Download?code=4513ea3f-a56f-45c3-a944-3a39ffad4d55,"Farcia | , | farcitura | e | ripieno | : sempre un impasto è | Miriam Di Carlo | Pagine | 73-77 - | PDF"
12771,https://id.accademiadellacrusca.org/articoli/affoliare-ed-esfoliare-nel-fogliame-intricato-dei-latinismi/12771,affoliare-ed-esfoliare-nel-fogliame-intricato-dei-latinismi,Affoliare ed esfoliare : nel fogliame intricato dei latinismi,Consulenze linguistiche,CONSULENZA LINGUISTICA,True,False,"XX, 2022/1 (gennaio-marzo)",11749,chiuso,HTML+PDF,https://id.accademiadellacrusca.org/File/Download?code=0c80955c-4428-4666-b881-2aa212fa8f96,Affoliare | ed | esfoliare | : nel fogliame intricato dei latinismi | Riccardo Gualdo | Pagine | 78-81 - | PDF
12772,https://id.accademiadellacrusca.org/articoli/perch-si-dice-olio-a-crudo-e-non-olio-crudo/12772,perch-si-dice-olio-a-crudo-e-non-olio-crudo,Perché si dice olio a crudo e non olio crudo ?,Consulenze linguistiche,CONSULENZA LINGUISTICA,True,False,"XX, 2022/1 (gennaio-marzo)",11749,chiuso,HTML+PDF,https://id.accademiadellacrusca.org/File/Download?code=606e1e09-5a24-480b-b2fd-5e8e401d40be,Perché si dice | olio a crudo | e non | olio crudo | ? | Marzia Caria | Pagine | 82-87 - | PDF
12774,https://id.accademiadellacrusca.org/articoli/ma-quante-declinazioni-per-il-verbo-declinare/12774,ma-quante-declinazioni-per-il-verbo-declinare,Ma quante declinazioni per il verbo declinare !,Consulenze linguistiche,CONSULENZA LINGUISTICA,True,False,"XX, 2022/1 (gennaio-marzo)",11749,chiuso,HTML+PDF,https://id.accademiadellacrusca.org/File/Download?code=ef73e5a7-9298-4050-99d6-62d1bca647c0,Ma quante declinazioni per il verbo | declinare | ! | Raffaella Setti | Pagine | 88-92 - | PDF
12776,https://id.accademiadellacrusca.org/articoli/come-possiamo-tradurre-accountability/12776,come-possiamo-tradurre-accountability,Come possiamo tradurre accountability ?,Consulenze linguistiche,CONSULENZA LINGUISTICA,True,False,"XX, 2022/1 (gennaio-marzo)",11749,chiuso,HTML+PDF,https://id.accademiadellacrusca.org/File/Download?code=dfb4e7fc-4149-4949-93bc-34b64b04fade,Come possiamo tradurre | accountability | ? | Edoardo Lombardi Vallauri | Pagine | 93-95 - | PDF
12777,https://id.accademiadellacrusca.org/articoli/perverso-e-perversione/12777,perverso-e-perversione,Perverso e perversione,Consulenze linguistiche,CONSULENZA LINGUISTICA,True,False,"XX, 2022/1 (gennaio-marzo)",11749,chiuso,HTML+PDF,https://id.accademiadellacrusca.org/File/Download?code=6e1a2bd3-321d-432e-a745-b63b61bc55cf,Perverso | e | perversione | Donato Pirovano | Pagine | 96-98 - | PDF
12778,https://id.accademiadellacrusca.org/articoli/mentalizzare-e-mentalizzazione-due-tecnicismi-in-borghese/12778,mentalizzare-e-mentalizzazione-due-tecnicismi-in-borghese,Mentalizzare e mentalizzazione : due tecnicismi “in borghese”,Consulenze linguistiche,CONSULENZA LINGUISTICA,True,False,"XX, 2022/1 (gennaio-marzo)",11749,chiuso,HTML+PDF,https://id.accademiadellacrusca.org/File/Download?code=d6dcd048-bc2d-488e-b3a6-22db6f55d768,Mentalizzare | e | mentalizzazione | : due tecnicismi “in borghese” | Simona Cresti | Pagine | 99-109 - | PDF
13778,https://id.accademiadellacrusca.org/articoli/non-se-ne-pu-plus-i-neolatinismi-e-la-loro-pronuncia/13778,non-se-ne-pu-plus-i-neolatinismi-e-la-loro-pronuncia,“Non se ne può plus !”: i (neo)latinismi e la loro pronuncia,Consulenze linguistiche,CONSULENZA LINGUISTICA,True,False,"XX, 2022/1 (gennaio-marzo)",11749,chiuso,HTML+PDF,https://id.accademiadellacrusca.org/File/Download?code=6c0f49e0-45e9-4335-977e-9e2ac07fb0ff,“Non se ne può | plus | !”: i (neo)latinismi e la loro pronuncia | Riccardo Gualdo | Pagine | 110-113 - | PDF
13779,https://id.accademiadellacrusca.org/articoli/mi-sento-fortunato-di-o-fortunato-a-e-se-fossi-fortunato-in/13779,mi-sento-fortunato-di-o-fortunato-a-e-se-fossi-fortunato-in,Mi sento fortunato di o fortunato a ? E se fossi fortunato in ?,Consulenze linguistiche,CONSULENZA LINGUISTICA,True,False,"XX, 2022/1 (gennaio-marzo)",11749,chiuso,HTML+PDF,https://id.accademiadellacrusca.org/File/Download?code=297f255a-1461-4507-ad7b-72b1349013de,Mi sento | fortunato di | o | fortunato a | ? E se fossi | fortunato in | ? | Caterina Canneti | Pagine | 114-122 - | PDF
14780,https://id.accademiadellacrusca.org/articoli/perch-i-dizionari-italiani-non-hanno-voluto-accepire-un-verbo-usato-da-pasolini/14780,perch-i-dizionari-italiani-non-hanno-voluto-accepire-un-verbo-usato-da-pasolini,Perché i dizionari italiani non hanno voluto accepire un verbo usato da Pasolini?,Consulenze linguistiche,CONSULENZA LINGUISTICA,True,False,"XX, 2022/1 (gennaio-marzo)",11749,chiuso,HTML+PDF,https://id.accademiadellacrusca.org/File/Download?code=a6bacce4-1f0f-47b1-ad9a-93ba290d9fa9,Perché i dizionari italiani non hanno voluto | accepire | un verbo usato da Pasolini? | Paolo D'Achille | Pagine | 123-129 - | PDF
14782,https://id.accademiadellacrusca.org/articoli/esistono-rimedi-italiani-per-lhangover/14782,esistono-rimedi-italiani-per-lhangover,Esistono rimedi italiani per l’ hangover ?,Consulenze linguistiche,CONSULENZA LINGUISTICA,True,False,"XX, 2022/1 (gennaio-marzo)",11749,chiuso,HTML+PDF,https://id.accademiadellacrusca.org/File/Download?code=e5639bb2-7cc5-498c-a909-7a3b13c47167,Esistono rimedi italiani per l’ | hangover | ? | Kevin De Vecchis | Pagine | 130-135 - | PDF
14783,https://id.accademiadellacrusca.org/articoli/chi-pu-essere-emerito/14783,chi-pu-essere-emerito,Chi può essere emerito ?,Consulenze linguistiche,CONSULENZA LINGUISTICA,True,False,"XX, 2022/1 (gennaio-marzo)",11749,chiuso,HTML+PDF,https://id.accademiadellacrusca.org/File/Download?code=755d3a84-64c7-4f86-acf0-4cd201638e0e,Chi può essere | emerito | ? | Chiara Murru | Pagine | 136-138 - | PDF
14784,https://id.accademiadellacrusca.org/articoli/alcuni-dubbi-su-preferire/14784,alcuni-dubbi-su-preferire,Alcuni dubbi su preferire,Consulenze linguistiche,CONSULENZA LINGUISTICA,True,False,"XX, 2022/1 (gennaio-marzo)",11749,chiuso,HTML+PDF,https://id.accademiadellacrusca.org/File/Download?code=a2362aef-80e7-4e41-949b-9c58ace9997a,Alcuni dubbi su | preferire | Dalila Bachis | Pagine | 139-142 - | PDF
14788,https://id.accademiadellacrusca.org/articoli/difetti-e-difettologie/14788,difetti-e-difettologie,Difetti e difettologie,Consulenze linguistiche,CONSULENZA LINGUISTICA,True,False,"XX, 2022/1 (gennaio-marzo)",11749,chiuso,HTML+PDF,https://id.accademiadellacrusca.org/File/Download?code=25e37fcd-e70c-4633-9982-8dacc68f99a8,Difetti | e | difettologie | Valeria Della Valle | Pagine | 143-144 - | PDF
14789,https://id.accademiadellacrusca.org/articoli/in-sala-parto-si-pu-sgravare/14789,in-sala-parto-si-pu-sgravare,In sala parto si può sgravare ?,Consulenze linguistiche,CONSULENZA LINGUISTICA,True,False,"XX, 2022/1 (gennaio-marzo)",11749,chiuso,HTML+PDF,https://id.accademiadellacrusca.org/File/Download?code=9ab4f472-3a6c-46b0-ae9e-7fe28b996f27,In sala parto si può | sgravare | ? | Miriam Di Carlo | Pagine | 145-150 - | PDF
14790,https://id.accademiadellacrusca.org/articoli/alla-ricerca-delletimologia-di-scialacquare/14790,alla-ricerca-delletimologia-di-scialacquare,Alla ricerca dell’etimologia di scialacquare,Consulenze linguistiche,CONSULENZA LINGUISTICA,True,False,"XX, 2022/1 (gennaio-marzo)",11749,chiuso,HTML+PDF,https://id.accademiadellacrusca.org/File/Download?code=fa334443-f07f-476b-9814-c0a83b317b51,Alla ricerca dell’etimologia di | scialacquare | Andrea Riga | Pagine | 151-153 - | PDF
14791,https://id.accademiadellacrusca.org/articoli/dal-trattino-alla-videochat/14791,dal-trattino-alla-videochat,Dal trattino alla videochat,Consulenze linguistiche,CONSULENZA LINGUISTICA,True,False,"XX, 2022/1 (gennaio-marzo)",11749,chiuso,HTML+PDF,https://id.accademiadellacrusca.org/File/Download?code=5d8ee9fb-6f7f-4038-b67e-2745a205f9a2,Dal trattino alla | videochat | Ilaria Bonomi | Pagine | 154-155 - | PDF
14792,https://id.accademiadellacrusca.org/articoli/a-ben-guardare-la-condizionalit--con-noi-da-molto-tempo/14792,a-ben-guardare-la-condizionalit--con-noi-da-molto-tempo,A ben guardare la condizionalità è con noi da molto tempo,Consulenze linguistiche,CONSULENZA LINGUISTICA,True,False,"XX, 2022/1 (gennaio-marzo)",11749,chiuso,HTML+PDF,https://id.accademiadellacrusca.org/File/Download?code=20795818-5a2e-4b82-99b7-46c686a9e256,A ben guardare la | condizionalità | è con noi da molto tempo | Matilde Paoli | Pagine | 156-165 - | PDF
14794,https://id.accademiadellacrusca.org/articoli/furbo-di-tre-cotte/14794,furbo-di-tre-cotte,Furbo di tre cotte,Consulenze linguistiche,CONSULENZA LINGUISTICA,True,False,"XX, 2022/1 (gennaio-marzo)",11749,chiuso,HTML+PDF,https://id.accademiadellacrusca.org/File/Download?code=d1d30ab7-5b6e-4b1c-87ba-f3538dfb3e31,Furbo di tre cotte | Paolo Rondinelli | Pagine | 166-170 - | PDF
14796,https://id.accademiadellacrusca.org/articoli/liquirizia-o-liquerizia-o-liquierizia-liquorizia-regolizia-e-chi-pi-ne-ha-pi-ne-metta/14796,liquirizia-o-liquerizia-o-liquierizia-liquorizia-regolizia-e-chi-pi-ne-ha-pi-ne-metta,"Liquirizia o liquerizia (o liquierizia , liquorizia , regolizia e chi più ne ha più ne metta)?",Consulenze linguistiche,CONSULENZA LINGUISTICA,True,False,"XX, 2022/1 (gennaio-marzo)",11749,chiuso,HTML+PDF,https://id.accademiadellacrusca.org/File/Download?code=b9d18be8-2bc4-4d60-b960-ef64e14a2920,"Liquirizia | o | liquerizia | (o | liquierizia | , | liquorizia | , | regolizia | e chi più ne ha più ne metta)? | Elisa Altissimi | Pagine | 171-173 - | PDF"
14797,https://id.accademiadellacrusca.org/articoli/le-muse-ispiratrici-e-le-frasi-ispirazionali/14797,le-muse-ispiratrici-e-le-frasi-ispirazionali,Le muse ispiratrici e le frasi ispirazionali,Consulenze linguistiche,CONSULENZA LINGUISTICA,True,False,"XX, 2022/1 (gennaio-marzo)",11749,chiuso,HTML+PDF,https://id.accademiadellacrusca.org/File/Download?code=70e53c91-7998-411c-a3da-ec9300605bd0,Le muse ispiratrici e le frasi | ispirazionali | Dalila Bachis | Pagine | 174-178 - | PDF
14800,https://id.accademiadellacrusca.org/articoli/sepolgere-sepolgono-e-sepolse-sono-forme-da-seppellire/14800,sepolgere-sepolgono-e-sepolse-sono-forme-da-seppellire,"Sepolgere , sepolgono e sepolse sono forme da... seppellire !",La Crusca rispose,LA CRUSCA RISPOSE,True,False,"XX, 2022/1 (gennaio-marzo)",11749,chiuso,HTML+PDF,https://id.accademiadellacrusca.org/File/Download?code=6cae0705-41ed-4b6d-a88d-9ca7e92ece23,"Sepolgere | , | sepolgono | e | sepolse | sono forme da... | seppellire | ! | Pietro Trifone | Pagine | 179 - | PDF"
14801,https://id.accademiadellacrusca.org/articoli/perso-o-perduto-visto-o-veduto/14801,perso-o-perduto-visto-o-veduto,Perso o perduto ? Visto o veduto ?,La Crusca rispose,LA CRUSCA RISPOSE,True,False,"XX, 2022/1 (gennaio-marzo)",11749,chiuso,HTML+PDF,https://id.accademiadellacrusca.org/File/Download?code=c0a2005f-c64f-49a4-8cf2-ad1272e02d33,Perso | o | perduto | ? | Visto | o | veduto | ? | Anna M. Thornton | Pagine | 180-183 - | PDF
14802,https://id.accademiadellacrusca.org/articoli/ci-prefiggiamo-o-ci-prefissiamo/14802,ci-prefiggiamo-o-ci-prefissiamo,Ci prefiggiamo o ci prefissiamo ?,La Crusca rispose,LA CRUSCA RISPOSE,True,False,"XX, 2022/1 (gennaio-marzo)",11749,chiuso,HTML+PDF,https://id.accademiadellacrusca.org/File/Download?code=da20a9d0-eaef-42be-be3a-7d70f8c197d4,Ci | prefiggiamo | o ci | prefissiamo | ? | Claudio Iacobini | Pagine | 184-185 - | PDF
11755,https://id.accademiadellacrusca.org/articoli/dissare/11755,dissare,Dissare,Parole nuove,PAROLE NUOVE,False,True,"XX, 2022/1 (gennaio-marzo)",11749,chiuso,HTML+PDF,https://id.accademiadellacrusca.org/File/Download?code=5df1b5f7-d0eb-4aac-90c4-21305954f9ae,Dissare | Barbara Patella | Pagine | 186-191 - | PDF
11759,https://id.accademiadellacrusca.org/articoli/green-pass-uno-pseudoanglismo-di-uso-quasi-esclusivamente-italiano/11759,green-pass-uno-pseudoanglismo-di-uso-quasi-esclusivamente-italiano,Green pass : uno pseudoanglismo di uso (quasi esclusivamente) italiano,Parole nuove,PAROLE NUOVE,False,True,"XX, 2022/1 (gennaio-marzo)",11749,chiuso,HTML+PDF,https://id.accademiadellacrusca.org/File/Download?code=b8c2ee6e-1c09-4cb1-a20a-35656ed6405b,Green pass | : uno pseudoanglismo di uso (quasi esclusivamente) italiano | Sara Giovine | Pagine | 192-199 - | PDF
12775,https://id.accademiadellacrusca.org/articoli/fomo-fear-of-missing-out/12775,fomo-fear-of-missing-out,FOMO ( Fear Of Missing Out ),Parole nuove,PAROLE NUOVE,False,True,"XX, 2022/1 (gennaio-marzo)",11749,chiuso,HTML+PDF,https://id.accademiadellacrusca.org/File/Download?code=ee32bea8-c70d-4f22-b133-ab95b499f31f,FOMO ( | Fear Of Missing Out | ) | Miriam Di Carlo | Pagine | 200-208 - | PDF
13780,https://id.accademiadellacrusca.org/articoli/che-lavoro-fa-il-la-lievitista/13780,che-lavoro-fa-il-la-lievitista,Che lavoro fa il/la lievitista ?,Parole nuove,PAROLE NUOVE,False,True,"XX, 2022/1 (gennaio-marzo)",11749,chiuso,HTML+PDF,https://id.accademiadellacrusca.org/File/Download?code=80fe35c8-ea4d-49c0-82b0-5f0b8bee30b2,Che lavoro fa il/la | lievitista | ? | Raffaella Setti | Pagine | 209-215 - | PDF
14793,https://id.accademiadellacrusca.org/articoli/larte-di-memare-non--per-tutti/14793,larte-di-memare-non--per-tutti,L’arte di memare non è per tutti,Parole nuove,PAROLE NUOVE,False,True,"XX, 2022/1 (gennaio-marzo)",11749,chiuso,HTML+PDF,https://id.accademiadellacrusca.org/File/Download?code=8f3e0494-49ff-41f4-a0df-44297b369cbd,L’arte di | memare | non è per tutti | Luisa di Valvasone | Pagine | 216-221 - | PDF
14795,https://id.accademiadellacrusca.org/articoli/metaverso-un-universo-metalinguistico/14795,metaverso-un-universo-metalinguistico,Metaverso : un universo metalinguistico,Parole nuove,PAROLE NUOVE,False,True,"XX, 2022/1 (gennaio-marzo)",11749,chiuso,HTML+PDF,https://id.accademiadellacrusca.org/File/Download?code=7afbd823-0173-4613-a9b2-ee20c1896563,Metaverso | : un universo metalinguistico | Lucia Francalanci | Pagine | 222-229 - | PDF
11770,https://id.accademiadellacrusca.org/articoli/unattivit-antica-coltivata-nel-contesto-contemporaneo-il-caso-del-nome-ortista/11770,unattivit-antica-coltivata-nel-contesto-contemporaneo-il-caso-del-nome-ortista,Un’attività antica coltivata nel contesto contemporaneo: il caso del nome ortista,Integrazioni lessicografiche,INTEGRAZIONI LESSICOGRAFICHE,False,False,"XX, 2022/1 (gennaio-marzo)",11749,chiuso,HTML+PDF,https://id.accademiadellacrusca.org/File/Download?code=8f49136d-8128-47b5-857f-5d43cc79f7ec,Un’attività antica coltivata nel contesto contemporaneo: il caso del nome | ortista | Simona Cresti | Pagine | 230-237 - | PDF
12773,https://id.accademiadellacrusca.org/articoli/pi-del-dovuto-e-pi-del-necessario-sul-fenomeno-medico-della-sovradiagnosi/12773,pi-del-dovuto-e-pi-del-necessario-sul-fenomeno-medico-della-sovradiagnosi,Più del dovuto e più del necessario: sul fenomeno medico della sovradiagnosi,Integrazioni lessicografiche,INTEGRAZIONI LESSICOGRAFICHE,False,False,"XX, 2022/1 (gennaio-marzo)",11749,chiuso,HTML+PDF,https://id.accademiadellacrusca.org/File/Download?code=a74c6789-3fa7-4243-863b-4281f5caceb8,Più del dovuto e più del necessario: sul fenomeno medico della | sovradiagnosi | Kevin De Vecchis | Pagine | 238-242 - | PDF
11751,https://id.accademiadellacrusca.org/articoli/cari-tutti/11751,cari-tutti,Cari tutti,Articoli,ARTICOLI,False,False,"XX, 2022/1 (gennaio-marzo)",11749,chiuso,HTML+PDF,https://id.accademiadellacrusca.org/File/Download?code=5aa5b166-9fb9-4155-b427-424e9af804c6,Cari tutti | Andrea Iacona | Pagine | 243-251 - | PDF
15826,https://id.accademiadellacrusca.org/articoli/delle-donne-che-parlano-molto-non-si-pu-far-buon-giudizio-donne-linguaggio-e-silenzio/15826,delle-donne-che-parlano-molto-non-si-pu-far-buon-giudizio-donne-linguaggio-e-silenzio,"""Delle donne, che parlano molto, non si può far buon giudizio""*. Donne, linguaggio e silenzio",Articoli,ARTICOLI,False,False,"XX, 2022/1 (gennaio-marzo)",11749,chiuso,HTML+PDF,https://id.accademiadellacrusca.org/File/Download?code=e7ce03be-35b2-4138-b34a-5eb820cae030,"""Delle donne, che parlano molto, non si può far buon giudizio""*. Donne, linguaggio e silenzio | Cecilia Robustelli | Pagine | 252-264 - | PDF"
11752,https://id.accademiadellacrusca.org/articoli/la-lingua-degli-altri-l-italiano-degli-scrittori-non-madrelingua/11752,la-lingua-degli-altri-l-italiano-degli-scrittori-non-madrelingua,La lingua degli altri: l'italiano degli scrittori non madrelingua,Temi di discussione,TEMI DI DISCUSSIONE,False,False,"XX, 2022/1 (gennaio-marzo)",11749,chiuso,HTML+PDF,https://id.accademiadellacrusca.org/File/Download?code=a46ab109-9b49-486d-b423-0289f9bc67e1,La lingua degli altri: l'italiano degli scrittori non madrelingua | Gabriella Cartago e Marco Biffi | Pagine | 265-268 - | PDF
14781,https://id.accademiadellacrusca.org/articoli/la-lingua-italiana-in-una-prospettiva-di-genere/14781,la-lingua-italiana-in-una-prospettiva-di-genere,La lingua italiana in una prospettiva di genere,Temi di discussione,TEMI DI DISCUSSIONE,False,False,"XX, 2022/1 (gennaio-marzo)",11749,chiuso,HTML+PDF,https://id.accademiadellacrusca.org/File/Download?code=f129696c-b58b-490a-af11-60782dbcc8d6,La lingua italiana in una prospettiva di genere | Claudio Marazzini | Pagine | 269-272 - | PDF
20882,https://id.accademiadellacrusca.org/articoli/notizie-dall-accademia/20882,notizie-dall-accademia,Notizie dall'Accademia,Notizie,NOTIZIE,False,False,"XX, 2022/1 (gennaio-marzo)",11749,chiuso,HTML+PDF,https://id.accademiadellacrusca.org/File/Download?code=297ec6e1-81d7-4cb6-9b44-b2c5d2132efd,Notizie dall'Accademia | A cura di comitato di redazione | Pagine | 273-274 - | PDF
14803,https://id.accademiadellacrusca.org/articoli/bibliografia-della-consulenza-linguistica/14803,bibliografia-della-consulenza-linguistica,Bibliografia della Consulenza linguistica,Bibliografia,BIBLIOGRAFIA,False,False,"XX, 2022/1 (gennaio-marzo)",11749,chiuso,HTML+PDF,https://id.accademiadellacrusca.org/File/Download?code=b342059b-5738-404f-8f5a-8c9aa2887615,Bibliografia della Consulenza linguistica | Pagine | 275-279 - | PDF
14785,https://id.accademiadellacrusca.org/articoli/editoriale-del-direttore/14785,editoriale-del-direttore,Editoriale del direttore,Editoriale,EDITORIALE,False,False,"XIX, 2021/4 (ottobre-dicembre)",8708,chiuso,HTML+PDF,https://id.accademiadellacrusca.org/File/Download?code=dafdfc92-e78b-47ab-bee6-8dfe7d6a9edf,Editoriale del direttore | Marco Biffi | Pagine | 1-2 - | PDF
8701,https://id.accademiadellacrusca.org/articoli/sulluso-epistemico-del-futuro/8701,sulluso-epistemico-del-futuro,Sull’uso epistemico del futuro,Consulenze linguistiche,CONSULENZA LINGUISTICA,True,False,"XIX, 2021/4 (ottobre-dicembre)",8708,chiuso,HTML+PDF,https://id.accademiadellacrusca.org/File/Download?code=aa83028b-9d70-437b-acd9-965d510f5ac5,Sull’uso epistemico del futuro | Pier Marco Bertinetto | Pagine | 3-5 - | PDF
8707,https://id.accademiadellacrusca.org/articoli/un-videat-linguistico/8707,un-videat-linguistico,Un videat linguistico,Consulenze linguistiche,CONSULENZA LINGUISTICA,True,False,"XIX, 2021/4 (ottobre-dicembre)",8708,chiuso,HTML+PDF,https://id.accademiadellacrusca.org/File/Download?code=7654890e-88d5-429e-b891-af4a4b85f16d,Un | videat | linguistico | Kevin De Vecchis | Pagine | 6-8 - | PDF
8709,https://id.accademiadellacrusca.org/articoli/meglio-ricordarsi-di-sovvenire/8709,meglio-ricordarsi-di-sovvenire,Meglio ricordarsi di sovvenire !,Consulenze linguistiche,CONSULENZA LINGUISTICA,True,False,"XIX, 2021/4 (ottobre-dicembre)",8708,chiuso,HTML+PDF,https://id.accademiadellacrusca.org/File/Download?code=ae42008d-14ef-48c8-8317-e3b020fa1d42,Meglio | ricordarsi | di | sovvenire | ! | Vittorio Coletti | Pagine | 9-10 - | PDF
8711,https://id.accademiadellacrusca.org/articoli/da-napoli-il-ruoto-ne-ha-fatta-di-strada/8711,da-napoli-il-ruoto-ne-ha-fatta-di-strada,Da Napoli il ruoto ne ha fatta di strada!,Consulenze linguistiche,CONSULENZA LINGUISTICA,True,False,"XIX, 2021/4 (ottobre-dicembre)",8708,chiuso,HTML+PDF,https://id.accademiadellacrusca.org/File/Download?code=99ab65d7-af76-4869-9448-647fa76af63b,Da Napoli il | ruoto | ne ha fatta di strada! | Nicola De Blasi | Pagine | 11-14 - | PDF
8713,https://id.accademiadellacrusca.org/articoli/un-vaccino-contro-o-relativo-allinfluenza/8713,un-vaccino-contro-o-relativo-allinfluenza,Un vaccino contro o relativo all’influenza?,Consulenze linguistiche,CONSULENZA LINGUISTICA,True,False,"XIX, 2021/4 (ottobre-dicembre)",8708,chiuso,HTML+PDF,https://id.accademiadellacrusca.org/File/Download?code=931a2cd3-bd61-4931-8220-f8bf0ef6a65c,Un | vaccino | contro o relativo all’influenza? | Miriam Di Carlo | Pagine | 15-17 - | PDF
8714,https://id.accademiadellacrusca.org/articoli/pretesa-a-o-pretesa-di-nulla-a-che-pretendere-o-nulla-da-pretendere/8714,pretesa-a-o-pretesa-di-nulla-a-che-pretendere-o-nulla-da-pretendere,Pretesa a o pretesa di ? Nulla a (che) pretendere o nulla da pretendere ?,Consulenze linguistiche,CONSULENZA LINGUISTICA,True,False,"XIX, 2021/4 (ottobre-dicembre)",8708,chiuso,HTML+PDF,https://id.accademiadellacrusca.org/File/Download?code=2a4ea210-acf9-4495-96b5-8e124783096e,Pretesa a | o | pretesa di | ? | Nulla a (che) pretendere | o | nulla da pretendere | ? | Elisa De Roberto | Pagine | 18-20 - | PDF
8715,https://id.accademiadellacrusca.org/articoli/come-nasce-la-barzelletta/8715,come-nasce-la-barzelletta,Come nasce la barzelletta,Consulenze linguistiche,CONSULENZA LINGUISTICA,True,False,"XIX, 2021/4 (ottobre-dicembre)",8708,chiuso,HTML+PDF,https://id.accademiadellacrusca.org/File/Download?code=742f9379-658e-4538-92a9-49786538f0a7,Come nasce la | barzelletta | Alessandro Parenti | Pagine | 21-23 - | PDF
8716,https://id.accademiadellacrusca.org/articoli/uguale-o-eguale--uguale/8716,uguale-o-eguale--uguale,Uguale o eguale ? È uguale!,Consulenze linguistiche,CONSULENZA LINGUISTICA,True,False,"XIX, 2021/4 (ottobre-dicembre)",8708,chiuso,HTML+PDF,https://id.accademiadellacrusca.org/File/Download?code=4b2646e9-1cb1-4c7b-a6fc-ea4757124768,Uguale | o | eguale | ? È uguale! | Luisa di Valvasone | Pagine | 24-27 - | PDF
8717,https://id.accademiadellacrusca.org/articoli/come-indicare-gli-abitanti-del-ghana/8717,come-indicare-gli-abitanti-del-ghana,Come indicare gli abitanti del Ghana?,Consulenze linguistiche,CONSULENZA LINGUISTICA,True,False,"XIX, 2021/4 (ottobre-dicembre)",8708,chiuso,HTML+PDF,https://id.accademiadellacrusca.org/File/Download?code=3604d8ac-f38e-4109-b0e7-232a1524e340,Come indicare gli abitanti del Ghana? | Paolo D'Achille | Pagine | 28-29 - | PDF
8718,https://id.accademiadellacrusca.org/articoli/derivati-dei-nomi-dei-mesi-ottobre/8718,derivati-dei-nomi-dei-mesi-ottobre,Derivati dei nomi dei mesi ( Ottobre ),Consulenze linguistiche,CONSULENZA LINGUISTICA,True,False,"XIX, 2021/4 (ottobre-dicembre)",8708,chiuso,HTML+PDF,https://id.accademiadellacrusca.org/File/Download?code=79eda450-7bf8-4303-bf60-8d57744eafb2,Derivati dei nomi dei mesi ( | Ottobre | ) | Lucia Francalanci | Pagine | 30-36 - | PDF
8719,https://id.accademiadellacrusca.org/articoli/powerbank-accumulatore-di-energia-caricabatterie-batteria/8719,powerbank-accumulatore-di-energia-caricabatterie-batteria,"Powerbank : accumulatore di energia, caricabatterie, batteria?",Consulenze linguistiche,CONSULENZA LINGUISTICA,True,False,"XIX, 2021/4 (ottobre-dicembre)",8708,chiuso,HTML+PDF,https://id.accademiadellacrusca.org/File/Download?code=658755d3-ade6-4078-8078-48edc1f7678d,"Powerbank | : accumulatore di energia, caricabatterie, batteria? | Dalila Bachis | Pagine | 37-40 - | PDF"
8720,https://id.accademiadellacrusca.org/articoli/iconografia-iconografo-i-significati-dellimmagine/8720,iconografia-iconografo-i-significati-dellimmagine,"Iconografia , iconografo : i significati dell’immagine",Consulenze linguistiche,CONSULENZA LINGUISTICA,True,False,"XIX, 2021/4 (ottobre-dicembre)",8708,chiuso,HTML+PDF,https://id.accademiadellacrusca.org/File/Download?code=9c3f9e65-1d32-4c0c-9ca0-d1c3e2d5147e,"Iconografia | , | iconografo | : i significati dell’immagine | Mariella Canzani | Pagine | 41-48 - | PDF"
8723,https://id.accademiadellacrusca.org/articoli/lausiliare-di-convenire-essere-o-avere-questo--il-problema/8723,lausiliare-di-convenire-essere-o-avere-questo--il-problema,L’ausiliare di convenire : essere o avere? Questo è il problema!,Consulenze linguistiche,CONSULENZA LINGUISTICA,True,False,"XIX, 2021/4 (ottobre-dicembre)",8708,chiuso,HTML+PDF,https://id.accademiadellacrusca.org/File/Download?code=e31a16a5-c9b2-4c89-b26e-857793c0944c,L’ausiliare di | convenire | : essere o avere? Questo è il problema! | Vittorio Coletti | Pagine | 49-50 - | PDF
8726,https://id.accademiadellacrusca.org/articoli/se-non-bevete-il-vino-siete-astemi-o-astemie-ma-non-potete-ancora-darvi-allastema/8726,se-non-bevete-il-vino-siete-astemi-o-astemie-ma-non-potete-ancora-darvi-allastema,Se non bevete il vino siete astemi o astemie ma non potete (ancora) darvi all’ astemìa,Consulenze linguistiche,CONSULENZA LINGUISTICA,True,False,"XIX, 2021/4 (ottobre-dicembre)",8708,chiuso,HTML+PDF,https://id.accademiadellacrusca.org/File/Download?code=1f4d68e0-603a-4072-99bc-78c0e249d199,Se non bevete il vino siete | astemi | o | astemie | ma non potete (ancora) darvi all’ | astemìa | Veronica Ricotta | Pagine | 51-53 - | PDF
9727,https://id.accademiadellacrusca.org/articoli/una-risposta-col-bot/9727,una-risposta-col-bot,Una risposta col bot,Consulenze linguistiche,CONSULENZA LINGUISTICA,True,False,"XIX, 2021/4 (ottobre-dicembre)",8708,chiuso,HTML+PDF,https://id.accademiadellacrusca.org/File/Download?code=eb9a6539-ff1c-445e-9e7b-a0f5a6337bcd,Una risposta col | bot | Lucia Francalanci | Pagine | 54-57 - | PDF
9728,https://id.accademiadellacrusca.org/articoli/quasi-sinonimi-piantare-e-piantumare/9728,quasi-sinonimi-piantare-e-piantumare,Quasi sinonimi: piantare e piantumare,Consulenze linguistiche,CONSULENZA LINGUISTICA,True,False,"XIX, 2021/4 (ottobre-dicembre)",8708,chiuso,HTML+PDF,https://id.accademiadellacrusca.org/File/Download?code=a9845867-41fb-4a04-a5e6-83171abbd0cf,Quasi sinonimi: | piantare | e | piantumare | Sergio Lubello | Pagine | 58-60 - | PDF
9729,https://id.accademiadellacrusca.org/articoli/cinquantare-e-cinquantarla/9729,cinquantare-e-cinquantarla,Cinquantare e cinquantarla,Consulenze linguistiche,CONSULENZA LINGUISTICA,True,False,"XIX, 2021/4 (ottobre-dicembre)",8708,chiuso,HTML+PDF,https://id.accademiadellacrusca.org/File/Download?code=ec452f6b-81fc-4943-ae47-52aefb0b0d6b,Cinquantare | e | cinquantarla | Silvia Morgana | Pagine | 61-63 - | PDF
9730,https://id.accademiadellacrusca.org/articoli/colloquiamo-con-voi-sul-verbo-colloquiare-e-anche-sulla-possibilit-di-fare-un-colloquio-orale/9730,colloquiamo-con-voi-sul-verbo-colloquiare-e-anche-sulla-possibilit-di-fare-un-colloquio-orale,Colloquiamo con voi sul verbo colloquiare … e anche sulla possibilità di fare un colloquio orale,Consulenze linguistiche,CONSULENZA LINGUISTICA,True,False,"XIX, 2021/4 (ottobre-dicembre)",8708,chiuso,HTML+PDF,https://id.accademiadellacrusca.org/File/Download?code=44a969f0-c9cb-41c2-89b2-81f072e8fcd6,Colloquiamo con voi sul verbo | colloquiare … | e anche sulla possibilità di fare un | colloquio orale | Raffaella Setti | Pagine | 64-67 - | PDF
10730,https://id.accademiadellacrusca.org/articoli/derivati-dei-nomi-dei-mesi-novembre/10730,derivati-dei-nomi-dei-mesi-novembre,Derivati dei nomi dei mesi ( Novembre ),Consulenze linguistiche,CONSULENZA LINGUISTICA,True,False,"XIX, 2021/4 (ottobre-dicembre)",8708,chiuso,HTML+PDF,https://id.accademiadellacrusca.org/File/Download?code=416c3e8d-9ecd-4eee-9f7e-861dbc19e51c,Derivati dei nomi dei mesi ( | Novembre | ) | Lucia Francalanci | Pagine | 68-71 - | PDF
10732,https://id.accademiadellacrusca.org/articoli/supportare-e-supportivo/10732,supportare-e-supportivo,Supportare e supportivo,Consulenze linguistiche,CONSULENZA LINGUISTICA,True,False,"XIX, 2021/4 (ottobre-dicembre)",8708,chiuso,HTML+PDF,https://id.accademiadellacrusca.org/File/Download?code=409fdc1f-4e3c-4fc4-9479-e03b849b99bd,Supportare | e | supportivo | Claudio Iacobini e Mikaela Cordisco | Pagine | 72-75 - | PDF
11732,https://id.accademiadellacrusca.org/articoli/mi-ricordo-s-io-mi-ricordo/11732,mi-ricordo-s-io-mi-ricordo,"“Mi ricordo , sì, io mi ricordo”",Consulenze linguistiche,CONSULENZA LINGUISTICA,True,False,"XIX, 2021/4 (ottobre-dicembre)",8708,chiuso,HTML+PDF,https://id.accademiadellacrusca.org/File/Download?code=f4f179a5-1507-498e-b50b-3bf7a5ddb77c,"“Mi ricordo | , sì, io | mi ricordo” | Cristiana De Santis | Pagine | 76-78 - | PDF"
11735,https://id.accademiadellacrusca.org/articoli/le-domande-si-porgono-o-si-pongono-ci-avete-posto-o-porto-un-quesito/11735,le-domande-si-porgono-o-si-pongono-ci-avete-posto-o-porto-un-quesito,Le domande si porgono o si pongono ? Ci avete posto o porto un quesito?,Consulenze linguistiche,CONSULENZA LINGUISTICA,True,False,"XIX, 2021/4 (ottobre-dicembre)",8708,chiuso,HTML+PDF,https://id.accademiadellacrusca.org/File/Download?code=a27e16bd-9625-45fd-80cc-9eba3f867d1a,Le domande si | porgono | o si | pongono | ? Ci avete | posto | o | porto | un quesito? | Luisa di Valvasone | Pagine | 79-84 - | PDF
11736,https://id.accademiadellacrusca.org/articoli/assolutissimamente-s/11736,assolutissimamente-s,Assolutissimamente sì!,Consulenze linguistiche,CONSULENZA LINGUISTICA,True,False,"XIX, 2021/4 (ottobre-dicembre)",8708,chiuso,HTML+PDF,https://id.accademiadellacrusca.org/File/Download?code=038ffe24-9b97-4444-9ac3-71d41dadabd0,Assolutissimamente | sì! | Paolo D'Achille | Pagine | 85-87 - | PDF
11737,https://id.accademiadellacrusca.org/articoli/se-hai-fatto-primo-hai-fatto-prima/11737,se-hai-fatto-primo-hai-fatto-prima,"Se hai fatto primo , hai fatto prima",Consulenze linguistiche,CONSULENZA LINGUISTICA,True,False,"XIX, 2021/4 (ottobre-dicembre)",8708,chiuso,HTML+PDF,https://id.accademiadellacrusca.org/File/Download?code=a14db49e-65bb-42dd-9af5-b7f9f98a1165,"Se | hai fatto primo | , hai fatto prima | Mario Piotti | Pagine | 88-93 - | PDF"
11740,https://id.accademiadellacrusca.org/articoli/e-tu-con-cosa-ceni/11740,e-tu-con-cosa-ceni,E tu ( con ) cosa ceni?,Consulenze linguistiche,CONSULENZA LINGUISTICA,True,False,"XIX, 2021/4 (ottobre-dicembre)",8708,chiuso,HTML+PDF,https://id.accademiadellacrusca.org/File/Download?code=1e526d7f-951e-4d41-b9cf-5c31e8bb1142,E tu ( | con | ) | cosa ceni? | Monica Alba | Pagine | 94-95 - | PDF
11744,https://id.accademiadellacrusca.org/articoli/derivati-dei-nomi-dei-mesi-dicembre/11744,derivati-dei-nomi-dei-mesi-dicembre,Derivati dei nomi dei mesi ( Dicembre ),Consulenze linguistiche,CONSULENZA LINGUISTICA,True,False,"XIX, 2021/4 (ottobre-dicembre)",8708,chiuso,HTML+PDF,https://id.accademiadellacrusca.org/File/Download?code=dfaecb07-1818-4006-9952-58f02e7d5e79,Derivati dei nomi dei mesi ( | Dicembre | ) | Lucia Francalanci | Pagine | 96-99 - | PDF
11746,https://id.accademiadellacrusca.org/articoli/sarebbe-meglio-non-litigarsi-anzi-non-litigare-affatto-su-alcuni-usi-di-litigare-e-bisticciare/11746,sarebbe-meglio-non-litigarsi-anzi-non-litigare-affatto-su-alcuni-usi-di-litigare-e-bisticciare,"Sarebbe meglio non litigarsi , anzi non litigare affatto. Su alcuni usi di litigare e bisticciare",Consulenze linguistiche,CONSULENZA LINGUISTICA,True,False,"XIX, 2021/4 (ottobre-dicembre)",8708,chiuso,HTML+PDF,https://id.accademiadellacrusca.org/File/Download?code=a423b71c-4f9d-4bbd-a0b6-ec17d32e9f5a,"Sarebbe meglio non | litigarsi | , anzi non litigare affatto. Su alcuni usi di | litigare | e | bisticciare | Kevin De Vecchis | Pagine | 100-107 - | PDF"
11747,https://id.accademiadellacrusca.org/articoli/possiamo-mandarvi-i-nostri-auguroni-di-buone-feste/11747,possiamo-mandarvi-i-nostri-auguroni-di-buone-feste,Possiamo mandarvi i nostri auguroni di buone feste?,Consulenze linguistiche,CONSULENZA LINGUISTICA,True,False,"XIX, 2021/4 (ottobre-dicembre)",8708,chiuso,HTML+PDF,https://id.accademiadellacrusca.org/File/Download?code=efab1451-8df6-43ba-a12b-0214e18cf710,Possiamo mandarvi i nostri | auguroni | di buone feste? | Paolo D'Achille | Pagine | 108-110 - | PDF
11741,https://id.accademiadellacrusca.org/articoli/parlare-al-muro/11741,parlare-al-muro,Parlare al muro,La Crusca rispose,LA CRUSCA RISPOSE,True,False,"XIX, 2021/4 (ottobre-dicembre)",8708,chiuso,HTML+PDF,https://id.accademiadellacrusca.org/File/Download?code=bb3be84f-c6f4-4391-af17-d7217cb59683,Parlare al muro | Paolo Rondinelli | Pagine | 111-113 - | PDF
11743,https://id.accademiadellacrusca.org/articoli/origine-e-significato-dellespressione-a-babbo-morto/11743,origine-e-significato-dellespressione-a-babbo-morto,Origine e significato dell’espressione a babbo morto,La Crusca rispose,LA CRUSCA RISPOSE,True,False,"XIX, 2021/4 (ottobre-dicembre)",8708,chiuso,HTML+PDF,https://id.accademiadellacrusca.org/File/Download?code=e8421a47-c6cb-40ff-88cb-30ac0cd2ac1c,Origine e significato dell’espressione | a babbo morto | Benedetta Salvi | Pagine | 114-115 - | PDF
11742,https://id.accademiadellacrusca.org/articoli/parlare-a-vanvera/11742,parlare-a-vanvera,Parlare a vanvera,La Crusca rispose,LA CRUSCA RISPOSE,True,False,"XIX, 2021/4 (ottobre-dicembre)",8708,chiuso,HTML+PDF,https://id.accademiadellacrusca.org/File/Download?code=a4474fb5-befc-4e97-9f64-4105ba0bd0d8,Parlare a vanvera | Paolo Rondinelli | Pagine | 116-118 - | PDF
8729,https://id.accademiadellacrusca.org/articoli/anche-in-italia-possiamo-brassare-la-birra/8729,anche-in-italia-possiamo-brassare-la-birra,Anche in Italia possiamo brassare la birra,Parole nuove,PAROLE NUOVE,False,True,"XIX, 2021/4 (ottobre-dicembre)",8708,chiuso,HTML+PDF,https://id.accademiadellacrusca.org/File/Download?code=1ea4f970-8029-4d18-a65b-98a4b32202f5,Anche in Italia possiamo | brassare | la birra | Sara Giovine | Pagine | 119-124 - | PDF
8727,https://id.accademiadellacrusca.org/articoli/unboxing/8727,unboxing,Unboxing,Parole nuove,PAROLE NUOVE,False,True,"XIX, 2021/4 (ottobre-dicembre)",8708,chiuso,HTML+PDF,https://id.accademiadellacrusca.org/File/Download?code=b341e58a-9bd2-4c2a-a09c-1b6233ddd368,Unboxing | Miriam Di Carlo | Pagine | 125-131 - | PDF
8728,https://id.accademiadellacrusca.org/articoli/esitanza-o-esitazione-vaccinale/8728,esitanza-o-esitazione-vaccinale,Esitanza o esitazione vaccinale ?,Parole nuove,PAROLE NUOVE,False,True,"XIX, 2021/4 (ottobre-dicembre)",8708,chiuso,HTML+PDF,https://id.accademiadellacrusca.org/File/Download?code=09327e96-b874-4e6b-8046-90fc355b0396,Esitanza | o | esitazione vaccinale | ? | Miriam Di Carlo | Pagine | 132-140 - | PDF
10731,https://id.accademiadellacrusca.org/articoli/ipermedicalizzazione-e-demedicalizzazione/10731,ipermedicalizzazione-e-demedicalizzazione,Ipermedicalizzazione e demedicalizzazione,Parole nuove,PAROLE NUOVE,False,True,"XIX, 2021/4 (ottobre-dicembre)",8708,chiuso,HTML+PDF,https://id.accademiadellacrusca.org/File/Download?code=6d8de2be-76dc-4ca1-a439-45c68898a91b,Ipermedicalizzazione | e | demedicalizzazione | Kevin De Vecchis | Pagine | 141-145 - | PDF
11733,https://id.accademiadellacrusca.org/articoli/nuove-figure-del-web-tra-videogiochi-e-intrattenimento-streamer/11733,nuove-figure-del-web-tra-videogiochi-e-intrattenimento-streamer,Nuove figure del web tra videogiochi e intrattenimento: streamer,Parole nuove,PAROLE NUOVE,False,True,"XIX, 2021/4 (ottobre-dicembre)",8708,chiuso,HTML+PDF,https://id.accademiadellacrusca.org/File/Download?code=bcd61829-7e67-4eff-9da6-6d2686f5e7a6,Nuove figure del web tra videogiochi e intrattenimento: | streamer | Luisa di Valvasone | Pagine | 146-152 - | PDF
11738,https://id.accademiadellacrusca.org/articoli/su-infodemia-e-sul-suo-significato/11738,su-infodemia-e-sul-suo-significato,Su infodemia e sul suo significato,Parole nuove,PAROLE NUOVE,False,True,"XIX, 2021/4 (ottobre-dicembre)",8708,chiuso,HTML+PDF,https://id.accademiadellacrusca.org/File/Download?code=081c4a06-9be7-45c5-88ec-ef34fb03a574,Su | infodemia | e sul suo significato | Maria Cristina Torchia | Pagine | 153-161 - | PDF
11739,https://id.accademiadellacrusca.org/articoli/stiamo-attenti-al-doomscrolling/11739,stiamo-attenti-al-doomscrolling,Stiamo attenti al doomscrolling,Parole nuove,PAROLE NUOVE,False,True,"XIX, 2021/4 (ottobre-dicembre)",8708,chiuso,HTML+PDF,https://id.accademiadellacrusca.org/File/Download?code=92185d5b-8207-4082-868b-ee1fcb9cabbb,Stiamo attenti al | doomscrolling | Luisa di Valvasone | Pagine | 162-166 - | PDF
11745,https://id.accademiadellacrusca.org/articoli/vamping/11745,vamping,Vamping,Parole nuove,PAROLE NUOVE,False,True,"XIX, 2021/4 (ottobre-dicembre)",8708,chiuso,HTML+PDF,https://id.accademiadellacrusca.org/File/Download?code=b05e233e-915f-4b61-9db3-d2ff3708d387,Vamping | Miriam Di Carlo | Pagine | 167-174 - | PDF
8724,https://id.accademiadellacrusca.org/articoli/sullorigine-della-citazione-pseudodantesca-non-ti-curar-di-lor-e-sulla-sua-fortuna/8724,sullorigine-della-citazione-pseudodantesca-non-ti-curar-di-lor-e-sulla-sua-fortuna,"Sull’origine della citazione pseudodantesca ""Non ti curar di lor"" e sulla sua fortuna",Articoli,ARTICOLI,False,False,"XIX, 2021/4 (ottobre-dicembre)",8708,chiuso,HTML+PDF,https://id.accademiadellacrusca.org/File/Download?code=941a187b-6413-4b77-9c8f-7a69b7da2c95,"Sull’origine della citazione pseudodantesca ""Non ti curar di lor"" e sulla sua fortuna | Barbara Fanini | Pagine | 175-180 - | PDF"
8710,https://id.accademiadellacrusca.org/articoli/la-lingua-di-dante-non-pu-parlare-di-scienza-il-mur-esclude-l-italiano-nel-bando-per-i-fondi-fis/8710,la-lingua-di-dante-non-pu-parlare-di-scienza-il-mur-esclude-l-italiano-nel-bando-per-i-fondi-fis,La lingua di Dante non può parlare di scienza. Il MUR esclude l'italiano nel bando per i fondi FIS,Temi di discussione,TEMI DI DISCUSSIONE,False,False,"XIX, 2021/4 (ottobre-dicembre)",8708,chiuso,HTML+PDF,https://id.accademiadellacrusca.org/File/Download?code=0bac2965-9c19-4bed-9201-6ab5a83027eb,La lingua di Dante non può parlare di scienza. Il MUR esclude l'italiano nel bando per i fondi FIS | Claudio Marazzini | Pagine | 181-183 - | PDF
11734,https://id.accademiadellacrusca.org/articoli/morte-di-una-sineddoche-gli-intellettuali-e-la-casalinga-di-voghera/11734,morte-di-una-sineddoche-gli-intellettuali-e-la-casalinga-di-voghera,Morte di una sineddoche: gli Intellettuali e la Casalinga di Voghera,Temi di discussione,TEMI DI DISCUSSIONE,False,False,"XIX, 2021/4 (ottobre-dicembre)",8708,chiuso,HTML+PDF,https://id.accademiadellacrusca.org/File/Download?code=d008b98b-3127-431d-86eb-a3fc6d999d99,Morte di una sineddoche: gli Intellettuali e la Casalinga di Voghera | Claudio Marazzini | Pagine | 184-186 - | PDF
14786,https://id.accademiadellacrusca.org/articoli/notizie-dall-accademia/14786,notizie-dall-accademia,Notizie dall'Accademia,Notizie,NOTIZIE,False,False,"XIX, 2021/4 (ottobre-dicembre)",8708,chiuso,HTML+PDF,https://id.accademiadellacrusca.org/File/Download?code=5b475fc3-270b-4e71-977a-6b0c5d2455d6,Notizie dall'Accademia | A cura di comitato di Redazione | Pagine | 187-189 - | PDF
14787,https://id.accademiadellacrusca.org/articoli/bibliografia-della-consulenza-linguistica/14787,bibliografia-della-consulenza-linguistica,Bibliografia della Consulenza linguistica,Bibliografia,BIBLIOGRAFIA,False,False,"XIX, 2021/4 (ottobre-dicembre)",8708,chiuso,HTML+PDF,https://id.accademiadellacrusca.org/File/Download?code=a08ef543-450c-4bb5-91a4-676121f13e77,Bibliografia della Consulenza linguistica | Pagine | 190-193 - | PDF
8722,https://id.accademiadellacrusca.org/articoli/editoriale-del-direttore/8722,editoriale-del-direttore,Editoriale del direttore,Editoriale,EDITORIALE,False,False,"XVIII, 2021/3 (luglio-settembre)",6670,chiuso,HTML+PDF,https://id.accademiadellacrusca.org/File/Download?code=aa335465-bfe6-4958-af99-a5b76bf7b384,Editoriale del direttore | Marco Biffi | Pagine | 1 - | PDF
6669,https://id.accademiadellacrusca.org/articoli/sim-o-sin--una-simbiosi-difficile-non-solo-per-ragioni-ortografiche/6669,sim-o-sin--una-simbiosi-difficile-non-solo-per-ragioni-ortografiche,"Sim - o sin -? Una simbiosi difficile, non solo per ragioni ortografiche",Consulenze linguistiche,CONSULENZA LINGUISTICA,True,False,"XVIII, 2021/3 (luglio-settembre)",6670,chiuso,HTML+PDF,https://id.accademiadellacrusca.org/File/Download?code=c24fbe0c-fecf-4698-8719-96090222ff21,"Sim | - o | sin | -? Una | simbiosi | difficile, non solo per ragioni ortografiche | Riccardo Gualdo | Pagine | 2-4 - | PDF"
6668,https://id.accademiadellacrusca.org/articoli/amartico-e-amarstico-due-insoliti-concorrenti-lessicali/6668,amartico-e-amarstico-due-insoliti-concorrenti-lessicali,Amaròtico e amaròstico : due insoliti concorrenti lessicali,Consulenze linguistiche,CONSULENZA LINGUISTICA,True,False,"XVIII, 2021/3 (luglio-settembre)",6670,chiuso,HTML+PDF,https://id.accademiadellacrusca.org/File/Download?code=8d767880-9c08-44e1-96e1-4843119c1d27,Amaròtico | e | amaròstico | : due insoliti concorrenti lessicali | Ilaria Bonomi | Pagine | 5-7 - | PDF
6672,https://id.accademiadellacrusca.org/articoli/silo-o-silos-il-problema-non-si-pone-pi-solo-per-il-singolare/6672,silo-o-silos-il-problema-non-si-pone-pi-solo-per-il-singolare,Silo o silos? Il problema non si pone più solo per il singolare...,Consulenze linguistiche,CONSULENZA LINGUISTICA,True,False,"XVIII, 2021/3 (luglio-settembre)",6670,chiuso,HTML+PDF,https://id.accademiadellacrusca.org/File/Download?code=ef370897-1091-4534-9382-85aa09f18cb0,Silo | o | silos? | Il problema non si pone più solo per il singolare... | Paolo D'Achille | Pagine | 8-11 - | PDF
6676,https://id.accademiadellacrusca.org/articoli/meno-male-o-menomale-che-c--la-crusca/6676,meno-male-o-menomale-che-c--la-crusca,Meno male (o menomale ) che c'è la Crusca!,Consulenze linguistiche,CONSULENZA LINGUISTICA,True,False,"XVIII, 2021/3 (luglio-settembre)",6670,chiuso,HTML+PDF,https://id.accademiadellacrusca.org/File/Download?code=56a1dbef-e717-470e-bf31-69565efa9065,Meno male | (o | menomale | ) che c'è la Crusca! | Vittorio Coletti | Pagine | 12-14 - | PDF
6677,https://id.accademiadellacrusca.org/articoli/parliamo-della-scherma/6677,parliamo-della-scherma,Parliamo della scherma,Consulenze linguistiche,CONSULENZA LINGUISTICA,True,False,"XVIII, 2021/3 (luglio-settembre)",6670,chiuso,HTML+PDF,https://id.accademiadellacrusca.org/File/Download?code=7bae6a73-b640-4108-b740-6e34ae96c822,Parliamo | della scherma | Giuseppe Patota | Pagine | 15-16 - | PDF
6679,https://id.accademiadellacrusca.org/articoli/misinformation-e-debunking-abbiamo-i-mezzi-per-tradurli/6679,misinformation-e-debunking-abbiamo-i-mezzi-per-tradurli,Misinformation e debunking : abbiamo i mezzi per tradurli,Consulenze linguistiche,CONSULENZA LINGUISTICA,True,False,"XVIII, 2021/3 (luglio-settembre)",6670,chiuso,HTML+PDF,https://id.accademiadellacrusca.org/File/Download?code=5b4ff31b-2e1e-439b-a357-8fac04f2a8f8,Misinformation | e | debunking | : abbiamo i mezzi per tradurli | Edoardo Lombardi Vallauri | Pagine | 17-20 - | PDF
6681,https://id.accademiadellacrusca.org/articoli/di-duomo-ce-n-uno-solo-o-no/6681,di-duomo-ce-n-uno-solo-o-no,Di duomo ce n’è uno solo! O no?,Consulenze linguistiche,CONSULENZA LINGUISTICA,True,False,"XVIII, 2021/3 (luglio-settembre)",6670,chiuso,HTML+PDF,https://id.accademiadellacrusca.org/File/Download?code=60674183-ea51-439f-bab8-f155f144c4ad,Di | duomo | ce n’è uno solo! O no? | Paolo D'Achille | Pagine | 21-24 - | PDF
6680,https://id.accademiadellacrusca.org/articoli/derivati-dei-nomi-dei-mesi-luglio/6680,derivati-dei-nomi-dei-mesi-luglio,Derivati dei nomi dei mesi ( Luglio ),Consulenze linguistiche,CONSULENZA LINGUISTICA,True,False,"XVIII, 2021/3 (luglio-settembre)",6670,chiuso,HTML+PDF,https://id.accademiadellacrusca.org/File/Download?code=c6567f70-ec76-4e4a-9c9b-2754c4dc18f0,Derivati dei nomi dei mesi ( | Luglio | ) | Lucia Francalanci | Pagine | 25-28 - | PDF
7682,https://id.accademiadellacrusca.org/articoli/come-si-costruisce-il-verbo-meritare-merita-rispondere-e-quale-ausiliare-si-merita/7682,come-si-costruisce-il-verbo-meritare-merita-rispondere-e-quale-ausiliare-si-merita,Come si costruisce il verbo meritare ? Merita rispondere? E quale ausiliare si merita ?,Consulenze linguistiche,CONSULENZA LINGUISTICA,True,False,"XVIII, 2021/3 (luglio-settembre)",6670,chiuso,HTML+PDF,https://id.accademiadellacrusca.org/File/Download?code=d61bfc39-919c-4465-b95c-a690676854f0,Come si costruisce il verbo | meritare | ? | Merita | rispondere? E quale ausiliare | si merita | ? | Vittorio Coletti | Pagine | 29-30 - | PDF
7683,https://id.accademiadellacrusca.org/articoli/ci-arrendiamo-alla-compliance/7683,ci-arrendiamo-alla-compliance,Ci arrendiamo alla compliance ?,Consulenze linguistiche,CONSULENZA LINGUISTICA,True,False,"XVIII, 2021/3 (luglio-settembre)",6670,chiuso,HTML+PDF,https://id.accademiadellacrusca.org/File/Download?code=a9a48e45-91e1-4c65-af7d-b2bb06d9d87d,Ci arrendiamo alla | compliance | ? | Sergio Lubello | Pagine | 31-34 - | PDF
7684,https://id.accademiadellacrusca.org/articoli/contagiare-e-contagiabile/7684,contagiare-e-contagiabile,Contagiare e contagiabile*,Consulenze linguistiche,CONSULENZA LINGUISTICA,True,False,"XVIII, 2021/3 (luglio-settembre)",6670,chiuso,HTML+PDF,https://id.accademiadellacrusca.org/File/Download?code=ab4624f9-55e0-45d7-b206-3d925c160088,Contagiare | e | contagiabile* | Matilde Paoli | Pagine | 35-41 - | PDF
7687,https://id.accademiadellacrusca.org/articoli/ci-sfiliamo-o-ci-defiliamo-per-un-po/7687,ci-sfiliamo-o-ci-defiliamo-per-un-po,Ci sfiliamo (o ci defiliamo ?) per un po’,Consulenze linguistiche,CONSULENZA LINGUISTICA,True,False,"XVIII, 2021/3 (luglio-settembre)",6670,chiuso,HTML+PDF,https://id.accademiadellacrusca.org/File/Download?code=b513de3e-9744-494b-a16a-f46812d69dd9,Ci sfiliamo | (o | ci defiliamo | ?) per un po’ | Elisa De Roberto | Pagine | 42-44 - | PDF
7689,https://id.accademiadellacrusca.org/articoli/dissento-dalluso-di-dissentisco/7689,dissento-dalluso-di-dissentisco,Dissento dall’uso di dissentisco,Consulenze linguistiche,CONSULENZA LINGUISTICA,True,False,"XVIII, 2021/3 (luglio-settembre)",6670,chiuso,HTML+PDF,https://id.accademiadellacrusca.org/File/Download?code=876bab47-5d28-458f-8a1a-9988f98dd2d5,Dissento | dall’uso di | dissentisco | Anna M. Thornton | Pagine | 45-46 - | PDF
7688,https://id.accademiadellacrusca.org/articoli/lo-gli-o-li-il-problema-ci-riguarda/7688,lo-gli-o-li-il-problema-ci-riguarda,"Lo , gli o li ? Il problema ci riguarda",Consulenze linguistiche,CONSULENZA LINGUISTICA,True,False,"XVIII, 2021/3 (luglio-settembre)",6670,chiuso,HTML+PDF,https://id.accademiadellacrusca.org/File/Download?code=8f144acb-0681-4ca9-a6b0-c5452b396442,"Lo | , | gli | o | li | ? Il problema ci | riguarda | Paolo D'Achille | Pagine | 47-48 - | PDF"
7685,https://id.accademiadellacrusca.org/articoli/derivati-dei-nomi-dei-mesi-agosto/7685,derivati-dei-nomi-dei-mesi-agosto,Derivati dei nomi dei mesi ( Agosto ),Consulenze linguistiche,CONSULENZA LINGUISTICA,True,False,"XVIII, 2021/3 (luglio-settembre)",6670,chiuso,HTML+PDF,https://id.accademiadellacrusca.org/File/Download?code=32c8d90b-7a6d-41ab-a9df-a78df26e5b95,Derivati dei nomi dei mesi ( | Agosto | ) | Lucia Francalanci | Pagine | 49-52 - | PDF
7686,https://id.accademiadellacrusca.org/articoli/alumnus/7686,alumnus,Alumnus,Consulenze linguistiche,CONSULENZA LINGUISTICA,True,False,"XVIII, 2021/3 (luglio-settembre)",6670,chiuso,HTML+PDF,https://id.accademiadellacrusca.org/File/Download?code=6d8cdd0b-4a98-458c-a4b0-21bec1ed13b5,Alumnus | Alberto Nocentini | Pagine | 53 - | PDF
7691,https://id.accademiadellacrusca.org/articoli/negazionismo-e-sciopero-della-fame/7691,negazionismo-e-sciopero-della-fame,Negazionismo e sciopero della fame,Consulenze linguistiche,CONSULENZA LINGUISTICA,True,False,"XVIII, 2021/3 (luglio-settembre)",6670,chiuso,HTML+PDF,https://id.accademiadellacrusca.org/File/Download?code=1e1ead0c-b5ee-4b81-81da-ad616b938610,Negazionismo | e | sciopero della fame | Vittorio Coletti | Pagine | 54-55 - | PDF
7692,https://id.accademiadellacrusca.org/articoli/revertiamo-a-rivertire-o-adottiamo-revertare/7692,revertiamo-a-rivertire-o-adottiamo-revertare,Revertiamo a rivertire o adottiamo revertare ?,Consulenze linguistiche,CONSULENZA LINGUISTICA,True,False,"XVIII, 2021/3 (luglio-settembre)",6670,chiuso,HTML+PDF,https://id.accademiadellacrusca.org/File/Download?code=4d27bef4-4b53-4209-a5f3-35e8b3aa26ee,Revertiamo a | rivertire | o adottiamo | revertare | ? | Anna M. Thornton | Pagine | 56-58 - | PDF
7693,https://id.accademiadellacrusca.org/articoli/partire-in-quarta/7693,partire-in-quarta,Partire in quarta,Consulenze linguistiche,CONSULENZA LINGUISTICA,True,False,"XVIII, 2021/3 (luglio-settembre)",6670,chiuso,HTML+PDF,https://id.accademiadellacrusca.org/File/Download?code=22a3fa56-6102-4550-be12-c0f9aa0e2d44,Partire in quarta | Mario Piotti | Pagine | 59-63 - | PDF
7695,https://id.accademiadellacrusca.org/articoli/lasciate-ogne-speranza-voi-che-loggate-sulluso-di-loggare-e-sloggare/7695,lasciate-ogne-speranza-voi-che-loggate-sulluso-di-loggare-e-sloggare,"“Lasciate ogne speranza, voi che... loggate! ” Sull’uso di loggare e sloggare",Consulenze linguistiche,CONSULENZA LINGUISTICA,True,False,"XVIII, 2021/3 (luglio-settembre)",6670,chiuso,HTML+PDF,https://id.accademiadellacrusca.org/File/Download?code=bd830a1a-cade-49f8-9b7b-35178a6a97dc,"“Lasciate ogne speranza, voi che... | loggate! | ” Sull’uso di | loggare | e | sloggare | Kevin De Vecchis | Pagine | 64-66 - | PDF"
7696,https://id.accademiadellacrusca.org/articoli/siamo-di-stanza-o-distanza-allaccademia-della-crusca/7696,siamo-di-stanza-o-distanza-allaccademia-della-crusca,Siamo di stanza (o d’istanza ?) all’Accademia della Crusca,Consulenze linguistiche,CONSULENZA LINGUISTICA,True,False,"XVIII, 2021/3 (luglio-settembre)",6670,chiuso,HTML+PDF,https://id.accademiadellacrusca.org/File/Download?code=c6e97779-742b-4360-b225-06a7c0c735c5,Siamo | di stanza | (o | d’istanza | ?) all’Accademia della Crusca | Francesco Crifò | Pagine | 67-68 - | PDF
7697,https://id.accademiadellacrusca.org/articoli/origine-e-diffusione-di-caramba-e-di-sbirro/7697,origine-e-diffusione-di-caramba-e-di-sbirro,Origine e diffusione di caramba e di sbirro,Consulenze linguistiche,CONSULENZA LINGUISTICA,True,False,"XVIII, 2021/3 (luglio-settembre)",6670,chiuso,HTML+PDF,https://id.accademiadellacrusca.org/File/Download?code=a46fe8b1-2199-484c-99ca-b99c51da32df,Origine e diffusione di | caramba | e di | sbirro | Manuel Favaro | Pagine | 69-72 - | PDF
7698,https://id.accademiadellacrusca.org/articoli/un-asterisco-sul-genere/7698,un-asterisco-sul-genere,Un asterisco sul genere,Consulenze linguistiche,CONSULENZA LINGUISTICA,True,False,"XVIII, 2021/3 (luglio-settembre)",6670,chiuso,HTML+PDF,https://id.accademiadellacrusca.org/File/Download?code=7593034c-4eae-4bd0-a429-9b8d2f9b04e5,Un asterisco sul genere | Paolo D'Achille | Pagine | 72-82 - | PDF
8699,https://id.accademiadellacrusca.org/articoli/derivati-dei-nomi-dei-mesi-settembre/8699,derivati-dei-nomi-dei-mesi-settembre,Derivati dei nomi dei mesi ( Settembre ),Consulenze linguistiche,CONSULENZA LINGUISTICA,True,False,"XVIII, 2021/3 (luglio-settembre)",6670,chiuso,HTML+PDF,https://id.accademiadellacrusca.org/File/Download?code=6d771d8f-0a4d-4441-950a-80bce66fdaa1,Derivati dei nomi dei mesi ( | Settembre | ) | Lucia Francalanci | Pagine | 83-88 - | PDF
8700,https://id.accademiadellacrusca.org/articoli/il-verbo-deficitare-un-deficit-dei-vocabolari-dellitaliano/8700,il-verbo-deficitare-un-deficit-dei-vocabolari-dellitaliano,Il verbo deficitare : un deficit dei vocabolari dell’italiano?,Consulenze linguistiche,CONSULENZA LINGUISTICA,True,False,"XVIII, 2021/3 (luglio-settembre)",6670,chiuso,HTML+PDF,https://id.accademiadellacrusca.org/File/Download?code=b7906db0-895b-4c17-a1ab-c642a64f2c9c,Il verbo | deficitare | : un | deficit | dei vocabolari dell’italiano? | Raffaella Setti | Pagine | 89-93 - | PDF
8703,https://id.accademiadellacrusca.org/articoli/familiare-famigliare-e-altri-casi-simili-di-oscillazione-fra-grafia-8209ili8209-e-8209igli8209/8703,familiare-famigliare-e-altri-casi-simili-di-oscillazione-fra-grafia-8209ili8209-e-8209igli8209,Familiare - famigliare e altri casi simili di oscillazione fra grafia ‑ili‑ e ‑igli‑,La Crusca rispose,LA CRUSCA RISPOSE,True,False,"XVIII, 2021/3 (luglio-settembre)",6670,chiuso,HTML+PDF,https://id.accademiadellacrusca.org/File/Download?code=b97a18a5-ddbb-4f12-a1eb-d8a1ff44095a,Familiare - famigliare | e altri casi simili di oscillazione fra grafia | ‑ili‑ | e | ‑igli‑ | Vera Gheno | Pagine | 94-95 - | PDF
8702,https://id.accademiadellacrusca.org/articoli/possiamo-tradurre-sibling/8702,possiamo-tradurre-sibling,Possiamo tradurre sibling ?,La Crusca rispose,LA CRUSCA RISPOSE,True,False,"XVIII, 2021/3 (luglio-settembre)",6670,chiuso,HTML+PDF,https://id.accademiadellacrusca.org/File/Download?code=b52e76de-3067-43ad-8e66-e9f797bf2b8b,Possiamo tradurre | sibling | ? | Edoardo Lombardi Vallauri | Pagine | 96-98 - | PDF
8704,https://id.accademiadellacrusca.org/articoli/c-nipote-e-nipote/8704,c-nipote-e-nipote,C’è nipote e nipote …,La Crusca rispose,LA CRUSCA RISPOSE,True,False,"XVIII, 2021/3 (luglio-settembre)",6670,chiuso,HTML+PDF,https://id.accademiadellacrusca.org/File/Download?code=533d49f6-6eee-4c5e-967a-c7cf414eb044,C’è | nipote | e | nipote | … | Paolo D'Achille | Pagine | 99-101 - | PDF
8705,https://id.accademiadellacrusca.org/articoli/long-covid-e-sindrome-post-covid-nuove-parole-dalla-pandemia/8705,long-covid-e-sindrome-post-covid-nuove-parole-dalla-pandemia,Long Covid e sindrome post-Covid : nuove parole dalla pandemia,Parole nuove,PAROLE NUOVE,False,True,"XVIII, 2021/3 (luglio-settembre)",6670,chiuso,HTML+PDF,https://id.accademiadellacrusca.org/File/Download?code=596758c9-64b0-433b-b736-29f9ac9b7c9a,Long Covid | e | sindrome post-Covid | : nuove parole dalla pandemia | Kevin De Vecchis | Pagine | 102-107 - | PDF
8706,https://id.accademiadellacrusca.org/articoli/sbatti-e-sbatta/8706,sbatti-e-sbatta,Sbatti e sbatta,Parole nuove,PAROLE NUOVE,False,True,"XVIII, 2021/3 (luglio-settembre)",6670,chiuso,HTML+PDF,https://id.accademiadellacrusca.org/File/Download?code=42d9bbb2-7d28-44ec-a8f5-a661c241a4d8,Sbatti | e | sbatta | Miriam Di Carlo | Pagine | 108-116 - | PDF
8712,https://id.accademiadellacrusca.org/articoli/impigiamare-impigiamarsi-una-storia-della-buonanotte-tutta-italiana/8712,impigiamare-impigiamarsi-una-storia-della-buonanotte-tutta-italiana,(Im)pigiamare / (im)pigiamarsi : una storia (della buonanotte) tutta italiana,Parole nuove,PAROLE NUOVE,False,True,"XVIII, 2021/3 (luglio-settembre)",6670,chiuso,HTML+PDF,https://id.accademiadellacrusca.org/File/Download?code=6d70044b-0547-4155-a9ac-d00c757a999e,(Im)pigiamare | / | (im)pigiamarsi | : una storia (della buonanotte) tutta italiana | Lucia Francalanci | Pagine | 117-123 - | PDF
6673,https://id.accademiadellacrusca.org/articoli/l-uso-del-qual-nella-grafia-di-leonardo-sciascia/6673,l-uso-del-qual-nella-grafia-di-leonardo-sciascia,L'uso del qual(’)è nella grafia di Leonardo Sciascia,Articoli,ARTICOLI,False,False,"XVIII, 2021/3 (luglio-settembre)",6670,chiuso,HTML+PDF,https://id.accademiadellacrusca.org/File/Download?code=d70021c8-5cfc-44ff-b3f0-bc05e1238a38,L'uso del | qual(’)è | nella grafia di Leonardo Sciascia | Salvatore Claudio Sgroi | Pagine | 124-127 - | PDF
7681,https://id.accademiadellacrusca.org/articoli/pu-la-traduzione-automatica-favorire-il-plurilinguismo-nellunione-europea-post-brexit/7681,pu-la-traduzione-automatica-favorire-il-plurilinguismo-nellunione-europea-post-brexit,Può la traduzione automatica favorire il plurilinguismo nell’Unione europea post-Brexit?,Articoli,ARTICOLI,False,False,"XVIII, 2021/3 (luglio-settembre)",6670,chiuso,HTML+PDF,https://id.accademiadellacrusca.org/File/Download?code=64d910d4-6cb6-4730-b957-f3f26e3d9d04,Può la traduzione automatica favorire il plurilinguismo nell’Unione europea post-Brexit? | Michele Gazzola | Pagine | 128-135 - | PDF
8698,https://id.accademiadellacrusca.org/articoli/il-green-pass-all-accademia-della-crusca-e-altrove-ovvero-per-una-storia-del-green-pass/8698,il-green-pass-all-accademia-della-crusca-e-altrove-ovvero-per-una-storia-del-green-pass,"Il Green Pass all'Accademia della Crusca (e altrove), ovvero per una storia del Green Pass",Articoli,ARTICOLI,False,False,"XVIII, 2021/3 (luglio-settembre)",6670,chiuso,HTML+PDF,https://id.accademiadellacrusca.org/File/Download?code=db9963c6-8344-434b-ae0c-558deca9d278,"Il | Green Pass | all'Accademia della Crusca (e altrove), ovvero per una storia del | Green Pass | Salvatore Claudio Sgroi | Pagine | 136-155 - | PDF"
6678,https://id.accademiadellacrusca.org/articoli/i-risultati-delle-prove-invalsi-2021/6678,i-risultati-delle-prove-invalsi-2021,I risultati delle prove INVALSI 2021,Temi di discussione,TEMI DI DISCUSSIONE,False,False,"XVIII, 2021/3 (luglio-settembre)",6670,chiuso,HTML+PDF,https://id.accademiadellacrusca.org/File/Download?code=f6abbceb-49ea-4a59-b535-5e4442d340e3,I risultati delle prove INVALSI 2021 | Rosario Coluccia | Pagine | 156-158 - | PDF
7690,https://id.accademiadellacrusca.org/articoli/sullo-sfondo-della-costituzione-dalle-norme-prescritte-alle-norme-presupposte/7690,sullo-sfondo-della-costituzione-dalle-norme-prescritte-alle-norme-presupposte,Sullo sfondo della Costituzione. Dalle norme prescritte alle norme presupposte,Temi di discussione,TEMI DI DISCUSSIONE,False,False,"XVIII, 2021/3 (luglio-settembre)",6670,chiuso,HTML+PDF,https://id.accademiadellacrusca.org/File/Download?code=ba972241-8303-46c9-bd41-96ad3d4f9dd3,Sullo sfondo della Costituzione. Dalle norme prescritte alle norme presupposte | Angela Ferrari e Filippo Pecorari | Pagine | 159-161 - | PDF
7694,https://id.accademiadellacrusca.org/articoli/esame-di-stato-mai-pi-senza-prove-scritte/7694,esame-di-stato-mai-pi-senza-prove-scritte,Esame di Stato: mai più senza prove scritte,Temi di discussione,TEMI DI DISCUSSIONE,False,False,"XVIII, 2021/3 (luglio-settembre)",6670,chiuso,HTML+PDF,https://id.accademiadellacrusca.org/File/Download?code=2bff1a28-d19a-4251-be57-c35c2f64379e,Esame di Stato: mai più senza prove scritte | Paolo D'Achille | Pagine | 162-166 - | PDF
8721,https://id.accademiadellacrusca.org/articoli/notizie-dall-accademia/8721,notizie-dall-accademia,Notizie dall'Accademia,Notizie,NOTIZIE,False,False,"XVIII, 2021/3 (luglio-settembre)",6670,chiuso,HTML+PDF,https://id.accademiadellacrusca.org/File/Download?code=f776a36e-5b5a-4248-b27c-dcf001365b04,Notizie dall'Accademia | A cura del comitato di redazione | Pagine | 167-168 - | PDF
8725,https://id.accademiadellacrusca.org/articoli/bibliografia-della-consulenza-linguistica/8725,bibliografia-della-consulenza-linguistica,Bibliografia della Consulenza linguistica,Bibliografia,BIBLIOGRAFIA,False,False,"XVIII, 2021/3 (luglio-settembre)",6670,chiuso,solo HTML,,Bibliografia della Consulenza linguistica | Pagine | 169-172 - | STAMPA
6674,https://id.accademiadellacrusca.org/articoli/editoriale-del-direttore/6674,editoriale-del-direttore,Editoriale del direttore,Editoriale,EDITORIALE,False,False,"XVII, 2021/2 (aprile-giugno)",3614,chiuso,HTML+PDF,https://id.accademiadellacrusca.org/File/Download?code=03814d28-5d18-45f1-a53d-3553e2dd29f2,Editoriale del direttore | Marco Biffi | Pagine | 1-2 - | PDF
3613,https://id.accademiadellacrusca.org/articoli/ispirativo-e-chiarificativo-sono-ammissibili-e-ispiratorio-e-chiarificatorio/3613,ispirativo-e-chiarificativo-sono-ammissibili-e-ispiratorio-e-chiarificatorio,Ispirativo e chiarificativo sono ammissibili? E ispiratorio e chiarificatorio?,Consulenze linguistiche,CONSULENZA LINGUISTICA,True,False,"XVII, 2021/2 (aprile-giugno)",3614,chiuso,HTML+PDF,https://id.accademiadellacrusca.org/File/Download?code=fe4ad257-a449-416b-9b7a-10fea6bcb5b6,Ispirativo | e | chiarificativo | sono ammissibili? E | ispiratorio | e | chiarificatorio? | Vittorio Coletti | Pagine | 3-4 - | PDF
3615,https://id.accademiadellacrusca.org/articoli/vi-parliamo-di-qualcosa-daltro/3615,vi-parliamo-di-qualcosa-daltro,Vi parliamo di qualcosa d’altro,Consulenze linguistiche,CONSULENZA LINGUISTICA,True,False,"XVII, 2021/2 (aprile-giugno)",3614,chiuso,HTML+PDF,https://id.accademiadellacrusca.org/File/Download?code=fd1a121f-b9fc-4f90-8bfb-94055671c719,Vi parliamo di | qualcosa d’altro | Paolo D'Achille | Pagine | 5-8 - | PDF
3618,https://id.accademiadellacrusca.org/articoli/affettare/3618,affettare,Affettare,Consulenze linguistiche,CONSULENZA LINGUISTICA,True,False,"XVII, 2021/2 (aprile-giugno)",3614,chiuso,HTML+PDF,https://id.accademiadellacrusca.org/File/Download?code=8bb225d3-0ed7-4f59-8f0f-a07496053ac2,Affettare | Giuseppe Patota | Pagine | 10 - | PDF
3620,https://id.accademiadellacrusca.org/articoli/fragilizzare-fragilizzante-e-fragilizzazione/3620,fragilizzare-fragilizzante-e-fragilizzazione,"Fragilizzare , fragilizzante e fragilizzazione",Consulenze linguistiche,CONSULENZA LINGUISTICA,True,False,"XVII, 2021/2 (aprile-giugno)",3614,chiuso,HTML+PDF,https://id.accademiadellacrusca.org/File/Download?code=574e9bb6-c24e-41b8-aeba-a0d4ad48cd9c,"Fragilizzare | , | fragilizzante | e | fragilizzazione | Giuseppe Sergio | Pagine | 11-14 - | PDF"
4620,https://id.accademiadellacrusca.org/articoli/qual--il-femminile-di-cavaliere/4620,qual--il-femminile-di-cavaliere,Qual è il femminile di cavaliere ?,Consulenze linguistiche,CONSULENZA LINGUISTICA,True,False,"XVII, 2021/2 (aprile-giugno)",3614,chiuso,HTML+PDF,https://id.accademiadellacrusca.org/File/Download?code=f64d7124-eda1-47a6-84d6-b800b78e0457,Qual è il femminile di | cavaliere | ? | Paolo D'Achille | Pagine | 15-17 - | PDF
4621,https://id.accademiadellacrusca.org/articoli/incignare/4621,incignare,Incignare,Consulenze linguistiche,CONSULENZA LINGUISTICA,True,False,"XVII, 2021/2 (aprile-giugno)",3614,chiuso,HTML+PDF,https://id.accademiadellacrusca.org/File/Download?code=c0adcaf8-e90f-47ad-a324-9fa0d728d172,Incignare | Claudio Marazzini | Pagine | 18-20 - | PDF
4623,https://id.accademiadellacrusca.org/articoli/derivati-dei-nomi-dei-mesi-aprile/4623,derivati-dei-nomi-dei-mesi-aprile,Derivati dei nomi dei mesi ( Aprile ),Consulenze linguistiche,CONSULENZA LINGUISTICA,True,False,"XVII, 2021/2 (aprile-giugno)",3614,chiuso,HTML+PDF,https://id.accademiadellacrusca.org/File/Download?code=d532f5e4-354a-48e3-bc1e-cc441739572a,Derivati dei nomi dei mesi ( | Aprile | ) | Lucia Francalanci | Pagine | 21-23 - | PDF
4627,https://id.accademiadellacrusca.org/articoli/aggiunta-o-aggiunzione/4627,aggiunta-o-aggiunzione,Aggiunta o aggiunzione ?,Consulenze linguistiche,CONSULENZA LINGUISTICA,True,False,"XVII, 2021/2 (aprile-giugno)",3614,chiuso,HTML+PDF,https://id.accademiadellacrusca.org/File/Download?code=2fc4a894-3826-41e8-be9c-aa9003bf49f0,Aggiunta | o | aggiunzione | ? | Vittorio Coletti | Pagine | 24-25 - | PDF
4636,https://id.accademiadellacrusca.org/articoli/si-pu-scrivere-a-registro/4636,si-pu-scrivere-a-registro,Si può scrivere a registro ?,Consulenze linguistiche,CONSULENZA LINGUISTICA,True,False,"XVII, 2021/2 (aprile-giugno)",3614,chiuso,HTML+PDF,https://id.accademiadellacrusca.org/File/Download?code=a0889fc0-3019-4381-9e39-2cf747394532,Si può | scrivere a registro | ? | Massimo Bellina | Pagine | 26-29 - | PDF
4640,https://id.accademiadellacrusca.org/articoli/obermeister-un-possibile-traducente-italiano/4640,obermeister-un-possibile-traducente-italiano,Obermeister : un possibile traducente italiano,Consulenze linguistiche,CONSULENZA LINGUISTICA,True,False,"XVII, 2021/2 (aprile-giugno)",3614,chiuso,HTML+PDF,https://id.accademiadellacrusca.org/File/Download?code=475fc4d9-e0e3-409e-a8ac-3bc57602a734,Obermeister | : un possibile traducente italiano | Domenico Proietti | Pagine | 30-31 - | PDF
4642,https://id.accademiadellacrusca.org/articoli/a-proposito-del-verbo-gioire/4642,a-proposito-del-verbo-gioire,A proposito del verbo gioire,Consulenze linguistiche,CONSULENZA LINGUISTICA,True,False,"XVII, 2021/2 (aprile-giugno)",3614,chiuso,HTML+PDF,https://id.accademiadellacrusca.org/File/Download?code=701bb622-e0bd-4bf0-a01b-d7a3f43cbdec,A proposito del verbo | gioire | Manuela Manfredini | Pagine | 32-35 - | PDF
5643,https://id.accademiadellacrusca.org/articoli/tra-astuto-furbo-e-scaltro-c-qualche-differenza/5643,tra-astuto-furbo-e-scaltro-c-qualche-differenza,"Tra astuto , furbo e scaltro c’è qualche differenza!",Consulenze linguistiche,CONSULENZA LINGUISTICA,True,False,"XVII, 2021/2 (aprile-giugno)",3614,chiuso,HTML+PDF,https://id.accademiadellacrusca.org/File/Download?code=14b74083-d5c5-455f-b603-95f5830057a1,"Tra | astuto | , | furbo | e | scaltro | c’è qualche differenza! | Paolo D'Achille | Pagine | 36-39 - | PDF"
5644,https://id.accademiadellacrusca.org/articoli/viciniorit-o-vicinioriet-o-vicinorit-cerchiamo-pi-da-vicino/5644,viciniorit-o-vicinioriet-o-vicinorit-cerchiamo-pi-da-vicino,Viciniorità o viciniorietà o vicinorità ? Cerchiamo più da vicino,Consulenze linguistiche,CONSULENZA LINGUISTICA,True,False,"XVII, 2021/2 (aprile-giugno)",3614,chiuso,HTML+PDF,https://id.accademiadellacrusca.org/File/Download?code=342102c0-7bc1-4002-a310-ec1ec62150a4,Viciniorità | o | viciniorietà | o | vicinorità | ? Cerchiamo più da vicino | Vittorio Coletti | Pagine | 40-42 - | PDF
5646,https://id.accademiadellacrusca.org/articoli/acqua-gasata-o-gassata/5646,acqua-gasata-o-gassata,Acqua gasata o gassata ?,Consulenze linguistiche,CONSULENZA LINGUISTICA,True,False,"XVII, 2021/2 (aprile-giugno)",3614,chiuso,HTML+PDF,https://id.accademiadellacrusca.org/File/Download?code=b908f79e-db45-4331-a282-9184e795e60a,Acqua | gasata | o | gassata | ? | Elisa Altissimi | Pagine | 43-46 - | PDF
5647,https://id.accademiadellacrusca.org/articoli/i-milioni-o-le-milioni-di-parole/5647,i-milioni-o-le-milioni-di-parole,I milioni o le milioni di parole?,Consulenze linguistiche,CONSULENZA LINGUISTICA,True,False,"XVII, 2021/2 (aprile-giugno)",3614,chiuso,HTML+PDF,https://id.accademiadellacrusca.org/File/Download?code=c4f1e972-966a-4f26-a547-724f46173eb5,I milioni | o | le milioni | di parole? | Anna M. Thornton | Pagine | 47-49 - | PDF
5648,https://id.accademiadellacrusca.org/articoli/siero-antidoto-e-vaccino-facciamo-chiarezza/5648,siero-antidoto-e-vaccino-facciamo-chiarezza,"Siero , antidoto e vaccino : facciamo chiarezza",Consulenze linguistiche,CONSULENZA LINGUISTICA,True,False,"XVII, 2021/2 (aprile-giugno)",3614,chiuso,HTML+PDF,https://id.accademiadellacrusca.org/File/Download?code=33cc60aa-703f-4c36-9cb6-4328976e96bd,"Siero | , | antidoto | e | vaccino | : facciamo chiarezza | Miriam Di Carlo | Pagine | 50-55 - | PDF"
5650,https://id.accademiadellacrusca.org/articoli/girgillo/5650,girgillo,Girgillo,Consulenze linguistiche,CONSULENZA LINGUISTICA,True,False,"XVII, 2021/2 (aprile-giugno)",3614,chiuso,HTML+PDF,https://id.accademiadellacrusca.org/File/Download?code=e81c63ca-97e0-4afa-8647-2d34c9db5510,Girgillo | Domenico Proietti | Pagine | 56-58 - | PDF
5651,https://id.accademiadellacrusca.org/articoli/derivati-dei-nomi-dei-mesi-maggio/5651,derivati-dei-nomi-dei-mesi-maggio,Derivati dei nomi dei mesi ( Maggio ),Consulenze linguistiche,CONSULENZA LINGUISTICA,True,False,"XVII, 2021/2 (aprile-giugno)",3614,chiuso,HTML+PDF,https://id.accademiadellacrusca.org/File/Download?code=09de6808-a26e-45e4-8a4c-24d1e2297934,Derivati dei nomi dei mesi ( | Maggio | ) | Lucia Francalanci | Pagine | 59-65 - | PDF
5654,https://id.accademiadellacrusca.org/articoli/un-caso-lessicale-scanno-scranna-scranno/5654,un-caso-lessicale-scanno-scranna-scranno,Un “caso lessicale”: scanno/scranna/scranno,Consulenze linguistiche,CONSULENZA LINGUISTICA,True,False,"XVII, 2021/2 (aprile-giugno)",3614,chiuso,HTML+PDF,https://id.accademiadellacrusca.org/File/Download?code=3d0d347a-c65d-4a20-a513-5c955964331b,Un “caso lessicale”: | scanno/scranna/scranno | Ilaria Bonomi | Pagine | 66-68 - | PDF
5655,https://id.accademiadellacrusca.org/articoli/salvataggio-o-salvamento/5655,salvataggio-o-salvamento,Salvataggio o salvamento ?,Consulenze linguistiche,CONSULENZA LINGUISTICA,True,False,"XVII, 2021/2 (aprile-giugno)",3614,chiuso,HTML+PDF,https://id.accademiadellacrusca.org/File/Download?code=f2a5fb1a-7129-424b-a7c6-027f3b07a060,Salvataggio | o | salvamento | ? | Paolo D'Achille | Pagine | 69-70 - | PDF
5656,https://id.accademiadellacrusca.org/articoli/di-che-cosa-si-fa-prevenzione-delle-malattie-o-della-salute-del-male-o-del-bene/5656,di-che-cosa-si-fa-prevenzione-delle-malattie-o-della-salute-del-male-o-del-bene,Di che cosa si fa prevenzione ? Delle malattie o della salute? Del male o del bene?,Consulenze linguistiche,CONSULENZA LINGUISTICA,True,False,"XVII, 2021/2 (aprile-giugno)",3614,chiuso,HTML+PDF,https://id.accademiadellacrusca.org/File/Download?code=6935ef0b-ea4b-42a7-92b8-47a6e05d262e,Di che cosa si fa | prevenzione | ? Delle malattie o della salute? Del male o del bene? | Vittorio Coletti | Pagine | 71-72 - | PDF
6657,https://id.accademiadellacrusca.org/articoli/ci-vediamo-alla-mezza/6657,ci-vediamo-alla-mezza,Ci vediamo alla mezza ?,Consulenze linguistiche,CONSULENZA LINGUISTICA,True,False,"XVII, 2021/2 (aprile-giugno)",3614,chiuso,HTML+PDF,https://id.accademiadellacrusca.org/File/Download?code=286e48c8-ab54-4b9e-845d-396d1daa6d7b,Ci vediamo | alla mezza | ? | Elisa Altissimi | Pagine | 73-75 - | PDF
6658,https://id.accademiadellacrusca.org/articoli/amichevole/6658,amichevole,Amichevole,Consulenze linguistiche,CONSULENZA LINGUISTICA,True,False,"XVII, 2021/2 (aprile-giugno)",3614,chiuso,HTML+PDF,https://id.accademiadellacrusca.org/File/Download?code=9b85a74e-3ad1-4be9-b820-1defbc27312e,Amichevole | Claudio Giovanardi | Pagine | 76-77 - | PDF
6659,https://id.accademiadellacrusca.org/articoli/una-chiamata-vocazionale-a-coltivare-i-propri-talenti/6659,una-chiamata-vocazionale-a-coltivare-i-propri-talenti,Una chiamata “ vocazionale ” a coltivare i propri talenti,Consulenze linguistiche,CONSULENZA LINGUISTICA,True,False,"XVII, 2021/2 (aprile-giugno)",3614,chiuso,HTML+PDF,https://id.accademiadellacrusca.org/File/Download?code=bb77607e-d17c-4272-aa16-5ddc843e6771,Una chiamata “ | vocazionale | ” a coltivare i propri talenti | Riccardo Gualdo | Pagine | 78-80 - | PDF
6660,https://id.accademiadellacrusca.org/articoli/anche-un-ricco-ereditiere-potrebbe-sposare-la-sua-maggiordoma/6660,anche-un-ricco-ereditiere-potrebbe-sposare-la-sua-maggiordoma,Anche un ricco ereditiere potrebbe sposare la sua maggiordoma !,Consulenze linguistiche,CONSULENZA LINGUISTICA,True,False,"XVII, 2021/2 (aprile-giugno)",3614,chiuso,HTML+PDF,https://id.accademiadellacrusca.org/File/Download?code=31fad14a-3ad3-4f85-b7cf-2ee8e4c08745,Anche un ricco | ereditiere | potrebbe sposare la sua | maggiordoma | ! | Paolo D'Achille | Pagine | 81-85 - | PDF
6661,https://id.accademiadellacrusca.org/articoli/cronoprogramma-o-cronogramma-cronistoria-o-cronostoria/6661,cronoprogramma-o-cronogramma-cronistoria-o-cronostoria,"Cronoprogramma o cronogramma , cronistoria o cronostoria ?",Consulenze linguistiche,CONSULENZA LINGUISTICA,True,False,"XVII, 2021/2 (aprile-giugno)",3614,chiuso,HTML+PDF,https://id.accademiadellacrusca.org/File/Download?code=31745327-de8c-461c-84b2-a7d0a6f5b8e7,"Cronoprogramma | o | cronogramma | , | cronistoria | o | cronostoria | ? | Vittorio Coletti | Pagine | 86-88 - | PDF"
6662,https://id.accademiadellacrusca.org/articoli/derivati-dei-nomi-dei-mesi-giugno/6662,derivati-dei-nomi-dei-mesi-giugno,Derivati dei nomi dei mesi ( Giugno ),Consulenze linguistiche,CONSULENZA LINGUISTICA,True,False,"XVII, 2021/2 (aprile-giugno)",3614,chiuso,HTML+PDF,https://id.accademiadellacrusca.org/File/Download?code=93ddfe65-d98a-45db-a9e9-18bfc7ca5f1e,Derivati dei nomi dei mesi ( | Giugno | ) | Lucia Francalanci | Pagine | 89-91 - | PDF
6663,https://id.accademiadellacrusca.org/articoli/un-facsimile-non--un-template-ma-sono-entrambi-invariabili/6663,un-facsimile-non--un-template-ma-sono-entrambi-invariabili,Un facsimile non è un template … ma sono entrambi invariabili?,Consulenze linguistiche,CONSULENZA LINGUISTICA,True,False,"XVII, 2021/2 (aprile-giugno)",3614,chiuso,HTML+PDF,https://id.accademiadellacrusca.org/File/Download?code=bd51f596-b1ad-493f-83b1-0dd4816caf49,Un | facsimile | non è un | template | … ma sono entrambi invariabili? | Sara Giovine | Pagine | 92-95 - | PDF
6667,https://id.accademiadellacrusca.org/articoli/si-dice-romeno-o-rumeno/6667,si-dice-romeno-o-rumeno,Si dice romeno o rumeno ?,La Crusca rispose,LA CRUSCA RISPOSE,True,False,"XVII, 2021/2 (aprile-giugno)",3614,chiuso,HTML+PDF,https://id.accademiadellacrusca.org/File/Download?code=8b29a721-dfcb-43a3-a4f9-035b148f201f,Si dice | romeno | o | rumeno | ? | Matilde Paoli | Pagine | 96-99 - | PDF
6666,https://id.accademiadellacrusca.org/articoli/il-genere-di-brexit/6666,il-genere-di-brexit,Il genere di Brexit,La Crusca rispose,LA CRUSCA RISPOSE,True,False,"XVII, 2021/2 (aprile-giugno)",3614,chiuso,HTML+PDF,https://id.accademiadellacrusca.org/File/Download?code=c0ee97cc-65da-4e3d-a8a7-7f8a796faa70,Il genere di | Brexit | Anna M. Thornton | Pagine | 100-103 - | PDF
6665,https://id.accademiadellacrusca.org/articoli/toponimi-stranieri-in-italiano/6665,toponimi-stranieri-in-italiano,Toponimi stranieri in italiano,La Crusca rispose,LA CRUSCA RISPOSE,True,False,"XVII, 2021/2 (aprile-giugno)",3614,chiuso,HTML+PDF,https://id.accademiadellacrusca.org/File/Download?code=94a5774e-84d2-4e6a-adba-c342b2108b69,Toponimi stranieri in italiano | Alessandra Manenti | Pagine | 104-106 - | PDF
4622,https://id.accademiadellacrusca.org/articoli/ergodico-in-letteratura/4622,ergodico-in-letteratura,Ergodico in letteratura,Parole nuove,PAROLE NUOVE,False,True,"XVII, 2021/2 (aprile-giugno)",3614,chiuso,HTML+PDF,https://id.accademiadellacrusca.org/File/Download?code=a94dee61-cce5-4d34-a8e2-e0e1dc3ca895,Ergodico | in letteratura | Lucia Francalanci | Pagine | 107-111 - | PDF
5649,https://id.accademiadellacrusca.org/articoli/link-epidemiologico-link-familiare/5649,link-epidemiologico-link-familiare,Link epidemiologico / link familiare,Parole nuove,PAROLE NUOVE,False,True,"XVII, 2021/2 (aprile-giugno)",3614,chiuso,HTML+PDF,https://id.accademiadellacrusca.org/File/Download?code=cc9ea3ac-89ea-4007-9c1c-503cc62eff20,Link epidemiologico | / | link familiare | Raffaella Setti | Pagine | 112-116 - | PDF
5657,https://id.accademiadellacrusca.org/articoli/su-abilismo-e-altri-nuovi-ismi-ageismo-e-audismo/5657,su-abilismo-e-altri-nuovi-ismi-ageismo-e-audismo,Su abilismo e altri nuovi -ismi ( ageismo e audismo ),Parole nuove,PAROLE NUOVE,False,True,"XVII, 2021/2 (aprile-giugno)",3614,chiuso,HTML+PDF,https://id.accademiadellacrusca.org/File/Download?code=2e91f12c-2235-45b7-a818-1383182e14b5,Su | abilismo | e altri nuovi | -ismi | ( | ageismo | e | audismo | ) | Luisa di Valvasone | Pagine | 117-123 - | PDF
5658,https://id.accademiadellacrusca.org/articoli/padel-e-paddle-tennis/5658,padel-e-paddle-tennis,Padel e paddle ( tennis ),Parole nuove,PAROLE NUOVE,False,True,"XVII, 2021/2 (aprile-giugno)",3614,chiuso,HTML+PDF,https://id.accademiadellacrusca.org/File/Download?code=610afd58-db26-4fa7-905c-a4e3b4060d38,Padel | e | paddle | ( | tennis | ) | Miriam Di Carlo | Pagine | 124-129 - | PDF
3616,https://id.accademiadellacrusca.org/articoli/un-capitolo-della-storia-del-linguaggio-scientifico-filosofico-italiano-laggettivo-animico/3616,un-capitolo-della-storia-del-linguaggio-scientifico-filosofico-italiano-laggettivo-animico,Un capitolo della storia del linguaggio scientifico-filosofico italiano: l’aggettivo animico,Articoli,ARTICOLI,False,False,"XVII, 2021/2 (aprile-giugno)",3614,chiuso,HTML+PDF,https://id.accademiadellacrusca.org/File/Download?code=fd5ef927-d23a-4d1d-aa04-40bbe21d0d73,Un capitolo della storia del linguaggio scientifico-filosofico italiano: l’aggettivo | animico | Manuela Manfredini | Pagine | 130-138 - | PDF
4626,https://id.accademiadellacrusca.org/articoli/i-cognomi-dallaccento-fuori-posto/4626,i-cognomi-dallaccento-fuori-posto,I cognomi dall’accento fuori posto,Articoli,ARTICOLI,False,False,"XVII, 2021/2 (aprile-giugno)",3614,chiuso,HTML+PDF,https://id.accademiadellacrusca.org/File/Download?code=25c3a014-2d2a-422f-b612-a94cab7aac5f,I cognomi dall’accento fuori posto | Enzo Caffarelli | Pagine | 139-143 - | PDF
4641,https://id.accademiadellacrusca.org/articoli/intrigante-anzich-no/4641,intrigante-anzich-no,Intrigante anziché no,Articoli,ARTICOLI,False,False,"XVII, 2021/2 (aprile-giugno)",3614,chiuso,HTML+PDF,https://id.accademiadellacrusca.org/File/Download?code=6515aa0d-a160-43b2-952c-f3ed7b835d34,Intrigante | anziché no | Salvatore Claudio Sgroi | Pagine | 144-148 - | PDF
6664,https://id.accademiadellacrusca.org/articoli/sanremo-2021-note-linguistiche-su-un-ritornello-collaudato/6664,sanremo-2021-note-linguistiche-su-un-ritornello-collaudato,Sanremo 2021: note (linguistiche) su un ritornello collaudato,Articoli,ARTICOLI,False,False,"XVII, 2021/2 (aprile-giugno)",3614,chiuso,HTML+PDF,https://id.accademiadellacrusca.org/File/Download?code=9b65cd6c-a3bf-40e5-9d1b-8c610c7de7a5,Sanremo 2021: note (linguistiche) su un ritornello collaudato | Luca Palombo | Pagine | 149-157 - | PDF
5642,https://id.accademiadellacrusca.org/articoli/un-linguista-a-cui-piaceva-il-jazz/5642,un-linguista-a-cui-piaceva-il-jazz,Un linguista a cui piaceva il jazz,Articoli,ARTICOLI,False,False,"XVII, 2021/2 (aprile-giugno)",3614,chiuso,HTML+PDF,https://id.accademiadellacrusca.org/File/Download?code=7d6baccf-f744-48cf-a44b-05c0d53dc4a8,Un linguista a cui piaceva il jazz | Massimo Fanfani | Pagine | 158-163 - | PDF
5653,https://id.accademiadellacrusca.org/articoli/tornata-accademica-in-memoria-di-gianfranco-folena/5653,tornata-accademica-in-memoria-di-gianfranco-folena,Tornata accademica In memoria di Gianfranco Folena,Incontri e tornate,INCONTRI E TORNATE,False,False,"XVII, 2021/2 (aprile-giugno)",3614,chiuso,HTML+PDF,https://id.accademiadellacrusca.org/File/Download?code=5febf85d-beb1-4958-bcca-5e39dd4f9727,Tornata accademica | In memoria di Gianfranco Folena | A cura di comitato di redazione | Pagine | 164 - | PDF
5652,https://id.accademiadellacrusca.org/articoli/saluto-di-claudio-marazzini/5652,saluto-di-claudio-marazzini,Saluto di Claudio Marazzini,Incontri e tornate,INCONTRI E TORNATE,False,False,"XVII, 2021/2 (aprile-giugno)",3614,chiuso,HTML+PDF,https://id.accademiadellacrusca.org/File/Download?code=9430f4ab-6a9a-47d4-9615-bc7683f3e3e5,Saluto di Claudio Marazzini | Claudio Marazzini | Pagine | 165 - | PDF
4628,https://id.accademiadellacrusca.org/articoli/ricordo-di-gianfranco-folena/4628,ricordo-di-gianfranco-folena,Ricordo di Gianfranco Folena,Incontri e tornate,INCONTRI E TORNATE,False,False,"XVII, 2021/2 (aprile-giugno)",3614,chiuso,HTML+PDF,https://id.accademiadellacrusca.org/File/Download?code=2141afbd-a605-4c31-aa3b-eaeb20f06fb2,Ricordo di Gianfranco Folena | Gian Luigi Beccaria | Pagine | 166-169 - | PDF
4629,https://id.accademiadellacrusca.org/articoli/folena-nel-primo-quaderno-del-circolo-filologico-linguistico-padovano/4629,folena-nel-primo-quaderno-del-circolo-filologico-linguistico-padovano,Folena nel primo Quaderno del Circolo filologico linguistico padovano *,Incontri e tornate,INCONTRI E TORNATE,False,False,"XVII, 2021/2 (aprile-giugno)",3614,chiuso,HTML+PDF,https://id.accademiadellacrusca.org/File/Download?code=0e193766-4b84-42f5-b152-c5b91018189a,Folena nel primo | Quaderno del Circolo filologico linguistico padovano | * | Vittorio Coletti | Pagine | 170-175 - | PDF
4630,https://id.accademiadellacrusca.org/articoli/folena-e-migliorini/4630,folena-e-migliorini,Folena e Migliorini,Incontri e tornate,INCONTRI E TORNATE,False,False,"XVII, 2021/2 (aprile-giugno)",3614,chiuso,HTML+PDF,https://id.accademiadellacrusca.org/File/Download?code=46a381e6-1d1e-4f23-9a80-f470edd8024e,Folena e Migliorini | Massimo Fanfani | Pagine | 176-183 - | PDF
4631,https://id.accademiadellacrusca.org/articoli/litaliano-in-europa-nel-duemila-note-su-una-nuova-edizione/4631,litaliano-in-europa-nel-duemila-note-su-una-nuova-edizione,L’italiano in Europa nel Duemila: note su una nuova edizione,Incontri e tornate,INCONTRI E TORNATE,False,False,"XVII, 2021/2 (aprile-giugno)",3614,chiuso,HTML+PDF,https://id.accademiadellacrusca.org/File/Download?code=c0211dc4-38f8-4861-8bdb-e3436b64d692,L’italiano in Europa | nel Duemila: note su una nuova edizione | Daniela Goldin Folena | Pagine | 184-187 - | PDF
4632,https://id.accademiadellacrusca.org/articoli/testimonianza-per-gianfranco-folena/4632,testimonianza-per-gianfranco-folena,Testimonianza per Gianfranco Folena,Incontri e tornate,INCONTRI E TORNATE,False,False,"XVII, 2021/2 (aprile-giugno)",3614,chiuso,HTML+PDF,https://id.accademiadellacrusca.org/File/Download?code=511ff96c-fd1a-448d-89a0-0f9a51f83db9,Testimonianza per Gianfranco Folena | Piero Fiorelli | Pagine | 188-192 - | PDF
4633,https://id.accademiadellacrusca.org/articoli/ricordi-di-gianfranco-folena/4633,ricordi-di-gianfranco-folena,Ricordi di Gianfranco Folena,Incontri e tornate,INCONTRI E TORNATE,False,False,"XVII, 2021/2 (aprile-giugno)",3614,chiuso,HTML+PDF,https://id.accademiadellacrusca.org/File/Download?code=cabbd1ed-7bf1-47e5-ab3d-beacc2ff2f0a,Ricordi di Gianfranco Folena | Lino Leonardi | Pagine | 193-195 - | PDF
4634,https://id.accademiadellacrusca.org/articoli/in-memoria-di-gianfranco-folena/4634,in-memoria-di-gianfranco-folena,In memoria di Gianfranco Folena,Incontri e tornate,INCONTRI E TORNATE,False,False,"XVII, 2021/2 (aprile-giugno)",3614,chiuso,HTML+PDF,https://id.accademiadellacrusca.org/File/Download?code=05e8854f-d250-4ad4-807b-ffb3308db838,In memoria di Gianfranco Folena | Pietro Folena | Pagine | 196-199 - | PDF
5645,https://id.accademiadellacrusca.org/articoli/perch--utile-tradurre-gli-anglismi/5645,perch--utile-tradurre-gli-anglismi,Perché è utile tradurre gli anglismi,Temi di discussione,TEMI DI DISCUSSIONE,False,False,"XVII, 2021/2 (aprile-giugno)",3614,chiuso,HTML+PDF,https://id.accademiadellacrusca.org/File/Download?code=279d3c9e-82a4-41c0-8ed7-a71e59df5cc6,Perché è utile tradurre gli anglismi | Claudio Marazzini | Pagine | 200-202 - | PDF
6675,https://id.accademiadellacrusca.org/articoli/notizie-dall-accademia/6675,notizie-dall-accademia,Notizie dall'Accademia,Notizie,NOTIZIE,False,False,"XVII, 2021/2 (aprile-giugno)",3614,chiuso,HTML+PDF,https://id.accademiadellacrusca.org/File/Download?code=74bb8cb9-ae1a-4add-a4e1-bb31aa941933,Notizie dall'Accademia | A cura del comitato di redazione | Pagine | 203-204 - | PDF
6671,https://id.accademiadellacrusca.org/articoli/bibliografia-della-consulenza-linguistica/6671,bibliografia-della-consulenza-linguistica,Bibliografia della Consulenza linguistica,Bibliografia,BIBLIOGRAFIA,False,False,"XVII, 2021/2 (aprile-giugno)",3614,chiuso,HTML+PDF,https://id.accademiadellacrusca.org/File/Download?code=0d723085-2eff-448a-8a59-d4d09f19d530,Bibliografia della Consulenza linguistica | Pagine | 205-208 - | PDF
4638,https://id.accademiadellacrusca.org/articoli/editoriale-del-direttore/4638,editoriale-del-direttore,Editoriale del direttore,Editoriale,EDITORIALE,False,False,"XVI, 2021/1 (gennaio-marzo)",2565,chiuso,HTML+PDF,https://id.accademiadellacrusca.org/File/Download?code=5ff20585-b6ae-4bbf-b4a0-24643abf961f,Editoriale del direttore | Marco Biffi | Pagine | 1-2 - | PDF
2566,https://id.accademiadellacrusca.org/articoli/escapismo-escapista-una-fuga-tra-le-parole/2566,escapismo-escapista-una-fuga-tra-le-parole,"Escapismo , escapista : una fuga tra le parole",Consulenze linguistiche,CONSULENZA LINGUISTICA,True,False,"XVI, 2021/1 (gennaio-marzo)",2565,chiuso,HTML+PDF,https://id.accademiadellacrusca.org/File/Download?code=616d33a9-108e-435c-8344-89f9b6ecaa2c,"Escapismo | , | escapista | : una fuga tra le parole | Simona Cresti | Pagine | 3-10 - | PDF"
2569,https://id.accademiadellacrusca.org/articoli/massimizzare-e-massimizzazione/2569,massimizzare-e-massimizzazione,Massimizzare e massimizzazione,Consulenze linguistiche,CONSULENZA LINGUISTICA,True,False,"XVI, 2021/1 (gennaio-marzo)",2565,chiuso,HTML+PDF,https://id.accademiadellacrusca.org/File/Download?code=a619fdce-fc92-403c-becf-4a6dec385f1c,Massimizzare | e | massimizzazione | Vittorio Coletti | Pagine | 11-12 - | PDF
2570,https://id.accademiadellacrusca.org/articoli/il-suffisso-errimo-nellitaliano-di-oggi/2570,il-suffisso-errimo-nellitaliano-di-oggi,Il suffisso - errimo nell’italiano di oggi,Consulenze linguistiche,CONSULENZA LINGUISTICA,True,False,"XVI, 2021/1 (gennaio-marzo)",2565,chiuso,HTML+PDF,https://id.accademiadellacrusca.org/File/Download?code=29629e37-7b18-457a-8e9a-de190df3bfe4,Il suffisso - | errimo | nell’italiano di oggi | Anna M. Thornton | Pagine | 13-16 - | PDF
2571,https://id.accademiadellacrusca.org/articoli/guardiania/2571,guardiania,Guardiania,Consulenze linguistiche,CONSULENZA LINGUISTICA,True,False,"XVI, 2021/1 (gennaio-marzo)",2565,chiuso,HTML+PDF,https://id.accademiadellacrusca.org/File/Download?code=1bfe9260-ee50-4976-b2bc-67932bc3683c,Guardiania | Rita Librandi | Pagine | 17-19 - | PDF
2572,https://id.accademiadellacrusca.org/articoli/senno-del-poi-o-senno-di-poi/2572,senno-del-poi-o-senno-di-poi,Senno del poi o senno di poi ?,Consulenze linguistiche,CONSULENZA LINGUISTICA,True,False,"XVI, 2021/1 (gennaio-marzo)",2565,chiuso,HTML+PDF,https://id.accademiadellacrusca.org/File/Download?code=1a688c58-36a0-41df-970c-9456153e2c5d,Senno del poi | o | senno di poi | ? | Massimo Fanfani | Pagine | 20-23 - | PDF
2573,https://id.accademiadellacrusca.org/articoli/distanziamento-fisico/2573,distanziamento-fisico,Distanziamento fisico ?,Consulenze linguistiche,CONSULENZA LINGUISTICA,True,False,"XVI, 2021/1 (gennaio-marzo)",2565,chiuso,HTML+PDF,https://id.accademiadellacrusca.org/File/Download?code=04235261-7b1d-4187-a00b-17e3f4c57146,Distanziamento fisico | ? | Luisa di Valvasone | Pagine | 24-29 - | PDF
2575,https://id.accademiadellacrusca.org/articoli/sanificazione-e-disinfezione-questioni-di-igiene-ai-nostri-giorni/2575,sanificazione-e-disinfezione-questioni-di-igiene-ai-nostri-giorni,Sanificazione e disinfezione : questioni di igiene ai nostri giorni,Consulenze linguistiche,CONSULENZA LINGUISTICA,True,False,"XVI, 2021/1 (gennaio-marzo)",2565,chiuso,HTML+PDF,https://id.accademiadellacrusca.org/File/Download?code=5ed893ed-1591-4919-a8e1-5a4291e9f90d,Sanificazione | e | disinfezione | : questioni di igiene ai nostri giorni | Miriam Di Carlo | Pagine | 30-37 - | PDF
2576,https://id.accademiadellacrusca.org/articoli/quando-le-cose-sono-pi-brutte-delle-parole-gli-aggettivi-corrispondenti-a-omicidio-suicidio-genocidi/2576,quando-le-cose-sono-pi-brutte-delle-parole-gli-aggettivi-corrispondenti-a-omicidio-suicidio-genocidi,"Quando le cose sono più brutte delle parole: gli aggettivi corrispondenti a omicidio , suicidio , genocidio",Consulenze linguistiche,CONSULENZA LINGUISTICA,True,False,"XVI, 2021/1 (gennaio-marzo)",2565,chiuso,HTML+PDF,https://id.accademiadellacrusca.org/File/Download?code=ebd2ff7d-a603-433f-aff4-6c82ad51e392,"Quando le cose sono più brutte delle parole: gli aggettivi corrispondenti a | omicidio | , | suicidio | , | genocidio | Paolo D'Achille | Pagine | 38-40 - | PDF"
2577,https://id.accademiadellacrusca.org/articoli/derivati-dei-nomi-dei-mesi-gennaio/2577,derivati-dei-nomi-dei-mesi-gennaio,Derivati dei nomi dei mesi ( Gennaio ),Consulenze linguistiche,CONSULENZA LINGUISTICA,True,False,"XVI, 2021/1 (gennaio-marzo)",2565,chiuso,HTML+PDF,https://id.accademiadellacrusca.org/File/Download?code=4e8d8671-45fd-4248-9bcf-d8ac5b8b4798,Derivati dei nomi dei mesi ( | Gennaio | ) | Lucia Francalanci | Pagine | 41-46 - | PDF
2580,https://id.accademiadellacrusca.org/articoli/si-stipula-una-convenzione-o-un-convenzionamento-magari-nuovo/2580,si-stipula-una-convenzione-o-un-convenzionamento-magari-nuovo,Si stipula una convenzione o un convenzionamento ? Magari nuovo?,Consulenze linguistiche,CONSULENZA LINGUISTICA,True,False,"XVI, 2021/1 (gennaio-marzo)",2565,chiuso,HTML+PDF,https://id.accademiadellacrusca.org/File/Download?code=18d7adfa-df08-44c0-a988-280e6bd4d945,Si stipula una | convenzione | o un | convenzionamento | ? Magari nuovo? | Vittorio Coletti | Pagine | 47-48 - | PDF
2584,https://id.accademiadellacrusca.org/articoli/colto-e-acculturato-sono-sinonimi/2584,colto-e-acculturato-sono-sinonimi,Colto e acculturato sono sinonimi?,Consulenze linguistiche,CONSULENZA LINGUISTICA,True,False,"XVI, 2021/1 (gennaio-marzo)",2565,chiuso,HTML+PDF,https://id.accademiadellacrusca.org/File/Download?code=75808ad8-0b44-4007-9e99-5b28435e96c6,Colto | e | acculturato | sono sinonimi? | Claudio Iacobini | Pagine | 49-51 - | PDF
2585,https://id.accademiadellacrusca.org/articoli/prevenire-prevenuto-premunire-premunito-preconcetto-e-preconcettuoso/2585,prevenire-prevenuto-premunire-premunito-preconcetto-e-preconcettuoso,"Prevenire , prevenuto , premunire , premunito , preconcetto e preconcettuoso",Consulenze linguistiche,CONSULENZA LINGUISTICA,True,False,"XVI, 2021/1 (gennaio-marzo)",2565,chiuso,HTML+PDF,https://id.accademiadellacrusca.org/File/Download?code=1333efe1-9a5d-40c9-9482-43fede65478a,"Prevenire | , | prevenuto | , | premunire | , | premunito | , | preconcetto | e | preconcettuoso | Giuseppe Patota | Pagine | 52-53 - | PDF"
2586,https://id.accademiadellacrusca.org/articoli/il-genere-di-seo/2586,il-genere-di-seo,Il genere di SEO,Consulenze linguistiche,CONSULENZA LINGUISTICA,True,False,"XVI, 2021/1 (gennaio-marzo)",2565,chiuso,HTML+PDF,https://id.accademiadellacrusca.org/File/Download?code=3719f157-78d3-4d73-8fba-a4af3f8c5b11,Il genere di | SEO | Anna M. Thornton | Pagine | 54-55 - | PDF
2587,https://id.accademiadellacrusca.org/articoli/si-devono-innaffiare-o-annaffiare-le-piante/2587,si-devono-innaffiare-o-annaffiare-le-piante,Si devono innaffiare o annaffiare le piante?,Consulenze linguistiche,CONSULENZA LINGUISTICA,True,False,"XVI, 2021/1 (gennaio-marzo)",2565,chiuso,HTML+PDF,https://id.accademiadellacrusca.org/File/Download?code=c7f547f9-742c-4b90-bc53-53630aad5772,Si devono | innaffiare | o | annaffiare | le piante? | Luisa di Valvasone | Pagine | 56-58 - | PDF
2589,https://id.accademiadellacrusca.org/articoli/lappello-in-parlamento-si-chiama-chiama/2589,lappello-in-parlamento-si-chiama-chiama,L’appello in Parlamento si chiama... chiama !,Consulenze linguistiche,CONSULENZA LINGUISTICA,True,False,"XVI, 2021/1 (gennaio-marzo)",2565,chiuso,HTML+PDF,https://id.accademiadellacrusca.org/File/Download?code=d64e8152-61d4-4d44-8a65-65dd1ffa9112,L’appello in Parlamento si chiama... | chiama | ! | Anna M. Thornton e Paola Villani | Pagine | 59-62 - | PDF
2590,https://id.accademiadellacrusca.org/articoli/sul-termine-cala-nel-senso-di-spazzaneve/2590,sul-termine-cala-nel-senso-di-spazzaneve,Sul termine cala nel senso di ‘spazzaneve’,Consulenze linguistiche,CONSULENZA LINGUISTICA,True,False,"XVI, 2021/1 (gennaio-marzo)",2565,chiuso,HTML+PDF,https://id.accademiadellacrusca.org/File/Download?code=4791548e-db51-48cd-a505-4e41ff8e620e,Sul termine | cala | nel senso di ‘spazzaneve’ | Bruno Moretti | Pagine | 63-66 - | PDF
2594,https://id.accademiadellacrusca.org/articoli/significato-e-origine-di-perplimere-nota-di-aggiornamento/2594,significato-e-origine-di-perplimere-nota-di-aggiornamento,Significato e origine di perplimere : nota di aggiornamento,Consulenze linguistiche,CONSULENZA LINGUISTICA,True,False,"XVI, 2021/1 (gennaio-marzo)",2565,chiuso,HTML+PDF,https://id.accademiadellacrusca.org/File/Download?code=49c0f831-6eca-4843-b96a-a0845e8c38b6,Significato e origine di | perplimere | : nota di aggiornamento | Luisa di Valvasone | Pagine | 67-70 - | PDF
2595,https://id.accademiadellacrusca.org/articoli/monocultura-turistica-o-monocoltura-turistica/2595,monocultura-turistica-o-monocoltura-turistica,Monocultura turistica o monocoltura turistica ?,Consulenze linguistiche,CONSULENZA LINGUISTICA,True,False,"XVI, 2021/1 (gennaio-marzo)",2565,chiuso,HTML+PDF,https://id.accademiadellacrusca.org/File/Download?code=d098864f-3495-44a6-b929-4d14da8eb227,Monocultura turistica | o | monocoltura turistica | ? | Valeria Della Valle | Pagine | 71-72 - | PDF
2596,https://id.accademiadellacrusca.org/articoli/derivati-dei-nomi-dei-mesi-febbraio/2596,derivati-dei-nomi-dei-mesi-febbraio,Derivati dei nomi dei mesi ( Febbraio ),Consulenze linguistiche,CONSULENZA LINGUISTICA,True,False,"XVI, 2021/1 (gennaio-marzo)",2565,chiuso,HTML+PDF,https://id.accademiadellacrusca.org/File/Download?code=07331ecc-33da-41ec-8174-2fed48bbbfc5,Derivati dei nomi dei mesi ( | Febbraio | ) | Lucia Francalanci | Pagine | 73-75 - | PDF
2597,https://id.accademiadellacrusca.org/articoli/i-coetanei-sono-coscritti-al-nord/2597,i-coetanei-sono-coscritti-al-nord,I coetanei sono coscritti al Nord,Consulenze linguistiche,CONSULENZA LINGUISTICA,True,False,"XVI, 2021/1 (gennaio-marzo)",2565,chiuso,HTML+PDF,https://id.accademiadellacrusca.org/File/Download?code=7ec1fc40-4c60-48e7-90b1-cb91513cda22,I coetanei sono | coscritti | al Nord | Paolo D'Achille | Pagine | 76-80 - | PDF
2598,https://id.accademiadellacrusca.org/articoli/diritto-di-o-diritto-a-e-si-pu-andare-a-dritto/2598,diritto-di-o-diritto-a-e-si-pu-andare-a-dritto,Diritto di o diritto a ? E si può andare a dritto ?,Consulenze linguistiche,CONSULENZA LINGUISTICA,True,False,"XVI, 2021/1 (gennaio-marzo)",2565,chiuso,HTML+PDF,https://id.accademiadellacrusca.org/File/Download?code=ce0d4639-1d66-4592-871d-12afb1ba23c9,Diritto di | o | diritto a | ? E si può andare | a dritto | ? | Vittorio Coletti | Pagine | 81-83 - | PDF
2599,https://id.accademiadellacrusca.org/articoli/cruenza-come-violenza/2599,cruenza-come-violenza,Cruenza come violenza?,Consulenze linguistiche,CONSULENZA LINGUISTICA,True,False,"XVI, 2021/1 (gennaio-marzo)",2565,chiuso,HTML+PDF,https://id.accademiadellacrusca.org/File/Download?code=fee0e1b8-b40f-4f32-bc02-570620e2d14a,Cruenza | come violenza? | Ilde Consales | Pagine | 84-86 - | PDF
2602,https://id.accademiadellacrusca.org/articoli/non-incappiamo-in-errori-nella-grafia-di-capasanta/2602,non-incappiamo-in-errori-nella-grafia-di-capasanta,Non incappiamo in errori nella grafia di capasanta,Consulenze linguistiche,CONSULENZA LINGUISTICA,True,False,"XVI, 2021/1 (gennaio-marzo)",2565,chiuso,HTML+PDF,https://id.accademiadellacrusca.org/File/Download?code=0fd2504f-cd39-4abd-8e4d-5441be931c52,Non incappiamo in errori nella grafia di | capasanta | Sara Giovine | Pagine | 89-91 - | PDF
3605,https://id.accademiadellacrusca.org/articoli/coalescere-quiescere-e-acquiescere/3605,coalescere-quiescere-e-acquiescere,"Coalescere , quiescere e acquiescere",Consulenze linguistiche,CONSULENZA LINGUISTICA,True,False,"XVI, 2021/1 (gennaio-marzo)",2565,chiuso,HTML+PDF,https://id.accademiadellacrusca.org/File/Download?code=faad42ea-e6ba-4183-a0ed-a384f9eacee7,"Coalescere | , | quiescere | e | acquiescere | Luca Serianni | Pagine | 92-93 - | PDF"
3607,https://id.accademiadellacrusca.org/articoli/direttori-dorchestra-e-maestri-del-coro-anche-se-donne/3607,direttori-dorchestra-e-maestri-del-coro-anche-se-donne,Direttori d’orchestra e maestri del coro anche se donne?,Consulenze linguistiche,CONSULENZA LINGUISTICA,True,False,"XVI, 2021/1 (gennaio-marzo)",2565,chiuso,HTML+PDF,https://id.accademiadellacrusca.org/File/Download?code=aa4448df-41f3-4c5b-9f90-1699c5ba6dae,Direttori d’orchestra | e | maestri del coro | anche se donne? | Paolo D'Achille | Pagine | 94-98 - | PDF
3608,https://id.accademiadellacrusca.org/articoli/una-risposta-garantita-al-limone/3608,una-risposta-garantita-al-limone,Una risposta garantita al limone!,Consulenze linguistiche,CONSULENZA LINGUISTICA,True,False,"XVI, 2021/1 (gennaio-marzo)",2565,chiuso,HTML+PDF,https://id.accademiadellacrusca.org/File/Download?code=c6060593-60a4-4ad2-9a47-a1616dbfda09,Una risposta | garantita al limone! | Elisa Altissimi | Pagine | 99-101 - | PDF
3610,https://id.accademiadellacrusca.org/articoli/derivati-dei-nomi-dei-mesi-marzo/3610,derivati-dei-nomi-dei-mesi-marzo,Derivati dei nomi dei mesi ( Marzo ),Consulenze linguistiche,CONSULENZA LINGUISTICA,True,False,"XVI, 2021/1 (gennaio-marzo)",2565,chiuso,HTML+PDF,https://id.accademiadellacrusca.org/File/Download?code=787bbb7c-d936-4d67-bcb0-3244604451a5,Derivati dei nomi dei mesi ( | Marzo | ) | Lucia Francalanci | Pagine | 102-107 - | PDF
3611,https://id.accademiadellacrusca.org/articoli/a-proposito-del-pezzotto/3611,a-proposito-del-pezzotto,A proposito del pezzotto,Consulenze linguistiche,CONSULENZA LINGUISTICA,True,False,"XVI, 2021/1 (gennaio-marzo)",2565,chiuso,HTML+PDF,https://id.accademiadellacrusca.org/File/Download?code=f45a2a84-0aea-42a9-ad7a-eb2164222334,A proposito del | pezzotto | Antonio Vinciguerra | Pagine | 108-110 - | PDF
3602,https://id.accademiadellacrusca.org/articoli/ludopatia/3602,ludopatia,Ludopatia,La Crusca rispose,LA CRUSCA RISPOSE,True,False,"XVI, 2021/1 (gennaio-marzo)",2565,chiuso,HTML+PDF,https://id.accademiadellacrusca.org/File/Download?code=a7f2cced-8064-4c3c-9988-7eb6ccc66aaa,Ludopatia | Maria Cristina Torchia | Pagine | 111-113 - | PDF
3603,https://id.accademiadellacrusca.org/articoli/sull-alternanza-dei-suffissi-iatra-e-logo-nella-terminologia-medica-pediatra-e-cardiologo/3603,sull-alternanza-dei-suffissi-iatra-e-logo-nella-terminologia-medica-pediatra-e-cardiologo,Sull'alternanza dei suffissi -iatra e -logo nella terminologia medica: pediatra e cardiologo,La Crusca rispose,LA CRUSCA RISPOSE,True,False,"XVI, 2021/1 (gennaio-marzo)",2565,chiuso,HTML+PDF,https://id.accademiadellacrusca.org/File/Download?code=69326d2d-ca47-4113-840c-eaf916a5fefc,Sull'alternanza dei suffissi | -iatra | e | -logo | nella terminologia medica: | pediatra | e | cardiologo | Manuela Cainelli | Pagine | 114-115 - | PDF
3604,https://id.accademiadellacrusca.org/articoli/un-antico-termine-della-medicina-essutorio/3604,un-antico-termine-della-medicina-essutorio,Un antico termine della medicina: essutorio,La Crusca rispose,LA CRUSCA RISPOSE,True,False,"XVI, 2021/1 (gennaio-marzo)",2565,chiuso,HTML+PDF,https://id.accademiadellacrusca.org/File/Download?code=c3030fde-f1ec-4d85-93c4-02c06e5c855a,Un antico termine della medicina: | essutorio | Pietro Trifone | Pagine | 116-117 - | PDF
2568,https://id.accademiadellacrusca.org/articoli/cringe/2568,cringe,Cringe,Parole nuove,PAROLE NUOVE,False,True,"XVI, 2021/1 (gennaio-marzo)",2565,chiuso,HTML+PDF,https://id.accademiadellacrusca.org/File/Download?code=7302158c-9b1f-456d-8186-52ac369eef3f,Cringe | Luisa di Valvasone | Pagine | 118-125 - | PDF
2574,https://id.accademiadellacrusca.org/articoli/ok-boomer-uno-scontro-generazionale-combattuto-anche-a-colpi-di-meme/2574,ok-boomer-uno-scontro-generazionale-combattuto-anche-a-colpi-di-meme,"Ok, boomer : uno scontro generazionale combattuto (anche) a colpi di meme",Parole nuove,PAROLE NUOVE,False,True,"XVI, 2021/1 (gennaio-marzo)",2565,chiuso,HTML+PDF,https://id.accademiadellacrusca.org/File/Download?code=ccd5530b-0e65-4a75-8ff2-8ea5e0807f2a,"Ok, boomer | : uno scontro generazionale combattuto (anche) a colpi di meme | Sara Giovine | Pagine | 126-131 - | PDF"
2567,https://id.accademiadellacrusca.org/articoli/contact-tracing-e-contact-tracer/2567,contact-tracing-e-contact-tracer,Contact tracing e contact tracer,Parole nuove,PAROLE NUOVE,False,True,"XVI, 2021/1 (gennaio-marzo)",2565,chiuso,HTML+PDF,https://id.accademiadellacrusca.org/File/Download?code=e7b33c9d-e9bf-4bd4-99e3-7fcb857d4e36,Contact tracing | e | contact tracer | Miriam Di Carlo | Pagine | 132-139 - | PDF
3612,https://id.accademiadellacrusca.org/articoli/catcalling-un-nome-nuovo-per-una-cosa-fin-troppo-vecchia/3612,catcalling-un-nome-nuovo-per-una-cosa-fin-troppo-vecchia,Catcalling : un nome nuovo per una cosa fin troppo vecchia,Parole nuove,PAROLE NUOVE,False,True,"XVI, 2021/1 (gennaio-marzo)",2565,chiuso,HTML+PDF,https://id.accademiadellacrusca.org/File/Download?code=4293bfa1-f664-4c8f-afc4-d4a41f40ea72,Catcalling | : un nome nuovo per una cosa fin troppo vecchia | Simona Cresti | Pagine | 140-149 - | PDF
2591,https://id.accademiadellacrusca.org/articoli/detti-non-parole-quando-il-parlante-riconosce-la-lingua/2591,detti-non-parole-quando-il-parlante-riconosce-la-lingua,"Detti, non parole! Quando il parlante riconosce la lingua",Articoli,ARTICOLI,False,False,"XVI, 2021/1 (gennaio-marzo)",2565,chiuso,HTML+PDF,https://id.accademiadellacrusca.org/File/Download?code=779941ba-f53b-4786-8fe5-167cd6ede0b2,"Detti, non parole! Quando il parlante riconosce la lingua | Neri Binazzi | Pagine | 150-160 - | PDF"
2601,https://id.accademiadellacrusca.org/articoli/per-una-storia-delle-parole-appartenenti-alla-famiglia-del-contagio/2601,per-una-storia-delle-parole-appartenenti-alla-famiglia-del-contagio,Per una storia delle parole appartenenti alla “famiglia del contagio ”,Articoli,ARTICOLI,False,False,"XVI, 2021/1 (gennaio-marzo)",2565,chiuso,HTML+PDF,https://id.accademiadellacrusca.org/File/Download?code=fa9b7abb-76b8-4c6d-accd-05157e2ade61,Per una storia delle parole appartenenti alla “famiglia del | contagio | ” | Matilde Paoli | Pagine | 161-187 - | PDF
3606,https://id.accademiadellacrusca.org/articoli/la-semplicit-sintattica-in-prospettiva-testuale-riflessioni-a-partire-dalla-guida-alla-redazione-deg/3606,la-semplicit-sintattica-in-prospettiva-testuale-riflessioni-a-partire-dalla-guida-alla-redazione-deg,La semplicità sintattica in prospettiva testuale. Riflessioni a partire dalla Guida alla redazione degli atti amministrativi,Articoli,ARTICOLI,False,False,"XVI, 2021/1 (gennaio-marzo)",2565,chiuso,HTML+PDF,https://id.accademiadellacrusca.org/File/Download?code=0d681ef8-42e9-496b-9632-2734baeb37d8,La semplicità sintattica in prospettiva testuale. Riflessioni a partire dalla | Guida alla redazione degli atti amministrativi | Angela Ferrari | Pagine | 188-195 - | PDF
3619,https://id.accademiadellacrusca.org/articoli/mordersi-la-lingua-correccin-poltica-y-posverdad/3619,mordersi-la-lingua-correccin-poltica-y-posverdad,Mordersi la lingua . Corrección política y posverdad,Articoli,ARTICOLI,False,False,"XVI, 2021/1 (gennaio-marzo)",2565,chiuso,HTML+PDF,https://id.accademiadellacrusca.org/File/Download?code=a99201ca-d86a-4786-8fd6-fc729a1b91bb,Mordersi la lingua | . Corrección política y posverdad | Darío Villanueva | Pagine | 196-208 - | PDF
2583,https://id.accademiadellacrusca.org/articoli/cattive-notizie-nellanno-di-dante-litaliano-negletto-del-prin/2583,cattive-notizie-nellanno-di-dante-litaliano-negletto-del-prin,Cattive notizie nell’anno di Dante: l’italiano negletto del PRIN,Temi di discussione,TEMI DI DISCUSSIONE,False,False,"XVI, 2021/1 (gennaio-marzo)",2565,chiuso,HTML+PDF,https://id.accademiadellacrusca.org/File/Download?code=f490b9ff-8368-40d4-bd62-6f56ae0b6fb0,Cattive notizie nell’anno di Dante: l’italiano negletto del PRIN | Claudio Marazzini | Pagine | 209-213 - | PDF
2588,https://id.accademiadellacrusca.org/articoli/nomi-di-mestiere-e-questioni-di-genere/2588,nomi-di-mestiere-e-questioni-di-genere,Nomi di mestiere e questioni di genere,Temi di discussione,TEMI DI DISCUSSIONE,False,False,"XVI, 2021/1 (gennaio-marzo)",2565,chiuso,HTML+PDF,https://id.accademiadellacrusca.org/File/Download?code=bfe5a2e7-1182-4db3-8880-47ec5cd8232f,Nomi di mestiere e questioni di genere | Vittorio Coletti | Pagine | 214-217 - | PDF
2582,https://id.accademiadellacrusca.org/articoli/italiano-per-dottorandi-stranieri/2582,italiano-per-dottorandi-stranieri,Italiano per dottorandi stranieri,Temi di discussione,TEMI DI DISCUSSIONE,False,False,"XVI, 2021/1 (gennaio-marzo)",2565,chiuso,HTML+PDF,https://id.accademiadellacrusca.org/File/Download?code=96ab5b9d-825d-4ed0-a3b6-ca2cba6b77c5,Italiano per dottorandi stranieri | Elena Baratono e Carla Marello | Pagine | 218-220 - | PDF
3609,https://id.accademiadellacrusca.org/articoli/i-manoscritti-secretati-di-giovanni-verga/3609,i-manoscritti-secretati-di-giovanni-verga,I manoscritti secretati di Giovanni Verga,Temi di discussione,TEMI DI DISCUSSIONE,False,False,"XVI, 2021/1 (gennaio-marzo)",2565,chiuso,HTML+PDF,https://id.accademiadellacrusca.org/File/Download?code=f3168feb-f390-43f1-8e23-d42c8f6e6e1d,I manoscritti secretati di Giovanni Verga | Gabriella Alfieri | Pagine | 221-224 - | PDF
4637,https://id.accademiadellacrusca.org/articoli/notizie-dall-accademia/4637,notizie-dall-accademia,Notizie dall'Accademia,Notizie,NOTIZIE,False,False,"XVI, 2021/1 (gennaio-marzo)",2565,chiuso,HTML+PDF,https://id.accademiadellacrusca.org/File/Download?code=dbe64087-4a71-46b8-bf45-26ab12c2b6f6,Notizie dall'Accademia | A cura del comitato di redazione | Pagine | 225-226 - | PDF
4639,https://id.accademiadellacrusca.org/articoli/bibliografia-della-consulenza-linguistica/4639,bibliografia-della-consulenza-linguistica,Bibliografia della Consulenza linguistica,Bibliografia,BIBLIOGRAFIA,False,False,"XVI, 2021/1 (gennaio-marzo)",2565,chiuso,HTML+PDF,https://id.accademiadellacrusca.org/File/Download?code=a4e93a5b-fe5c-465e-a8d4-bf7785fc571c,Bibliografia della Consulenza linguistica | Pagine | 227-230 - | PDF
4625,https://id.accademiadellacrusca.org/articoli/editoriale-del-direttore/4625,editoriale-del-direttore,Editoriale del direttore,Editoriale,EDITORIALE,False,False,"XV, 2020/4 (ottobre-dicembre)",1508,chiuso,HTML+PDF,https://id.accademiadellacrusca.org/File/Download?code=85dbf9d0-bfd8-4470-abce-3505f9b77f17,Editoriale del direttore | Marco Biffi | Pagine | 1-2 - | PDF
1524,https://id.accademiadellacrusca.org/articoli/perpetrare--cosa-da-non-perpetuare/1524,perpetrare--cosa-da-non-perpetuare,Perpetrare è cosa da non perpetuare,Consulenze linguistiche,CONSULENZA LINGUISTICA,True,False,"XV, 2020/4 (ottobre-dicembre)",1508,chiuso,HTML+PDF,https://id.accademiadellacrusca.org/File/Download?code=521601c8-db69-4d64-9df7-3a2e1b9f1719,Perpetrare | è cosa da non | perpetuare | Edoardo Lombardi Vallauri | Pagine | 3-6 - | PDF
1526,https://id.accademiadellacrusca.org/articoli/rispondere--duopo/1526,rispondere--duopo,Rispondere è d’uopo,Consulenze linguistiche,CONSULENZA LINGUISTICA,True,False,"XV, 2020/4 (ottobre-dicembre)",1508,chiuso,HTML+PDF,https://id.accademiadellacrusca.org/File/Download?code=f977753c-d332-40a6-bf10-0040a22b6af8,Rispondere | è d’uopo | Luca Serianni | Pagine | 7 - | PDF
1529,https://id.accademiadellacrusca.org/articoli/si-pu-distinguere-utopistico-da-utopico-oppure--unutopia/1529,si-pu-distinguere-utopistico-da-utopico-oppure--unutopia,Si può distinguere utopistico da utopico oppure... è un’utopia?,Consulenze linguistiche,CONSULENZA LINGUISTICA,True,False,"XV, 2020/4 (ottobre-dicembre)",1508,chiuso,HTML+PDF,https://id.accademiadellacrusca.org/File/Download?code=63bf3d25-c680-4c3c-98ed-b28731cacf65,Si può distinguere | utopistico | da | utopico | oppure... è un’utopia? | Paolo D'Achille | Pagine | 8-11 - | PDF
1530,https://id.accademiadellacrusca.org/articoli/alla-bisogna-abbiamo-una-risposta/1530,alla-bisogna-abbiamo-una-risposta,"Alla bisogna , abbiamo una risposta",Consulenze linguistiche,CONSULENZA LINGUISTICA,True,False,"XV, 2020/4 (ottobre-dicembre)",1508,chiuso,HTML+PDF,https://id.accademiadellacrusca.org/File/Download?code=72b44014-d860-41a9-8df1-9fc0cceef3aa,"Alla bisogna | , abbiamo una risposta | Vittorio Coletti | Pagine | 12-13 - | PDF"
1531,https://id.accademiadellacrusca.org/articoli/i-probiviri-sono-tanti-ma-come-si-fa-a-indicarne-uno-e-quando-c-una-donna-o-pi-di-una/1531,i-probiviri-sono-tanti-ma-come-si-fa-a-indicarne-uno-e-quando-c-una-donna-o-pi-di-una,I probiviri sono tanti; ma come si fa a indicarne uno? E quando c’è una donna? O più di una?,Consulenze linguistiche,CONSULENZA LINGUISTICA,True,False,"XV, 2020/4 (ottobre-dicembre)",1508,chiuso,HTML+PDF,https://id.accademiadellacrusca.org/File/Download?code=ec18d0ce-3408-4ebc-bd45-046443179728,I | probiviri | sono tanti; ma come si fa a indicarne uno? E quando c’è una donna? O più di una? | Paolo D'Achille e Anna M. Thornton | Pagine | 14-17 - | PDF
1532,https://id.accademiadellacrusca.org/articoli/pane-psso/1532,pane-psso,Pane pòsso,Consulenze linguistiche,CONSULENZA LINGUISTICA,True,False,"XV, 2020/4 (ottobre-dicembre)",1508,chiuso,HTML+PDF,https://id.accademiadellacrusca.org/File/Download?code=2aaea522-4fc3-43ab-940e-7e8be906bf5d,Pane pòsso | Ilaria Bonomi | Pagine | 18-19 - | PDF
1535,https://id.accademiadellacrusca.org/articoli/parroca/1535,parroca,Parroca,Consulenze linguistiche,CONSULENZA LINGUISTICA,True,False,"XV, 2020/4 (ottobre-dicembre)",1508,chiuso,HTML+PDF,https://id.accademiadellacrusca.org/File/Download?code=3786a7c8-f8d2-445e-80a8-547b83f143bb,Parroca | Paola Manni | Pagine | 20 - | PDF
1536,https://id.accademiadellacrusca.org/articoli/qual--il-plurale-di-parco-giochi/1536,qual--il-plurale-di-parco-giochi,Qual è il plurale di parco giochi ?,Consulenze linguistiche,CONSULENZA LINGUISTICA,True,False,"XV, 2020/4 (ottobre-dicembre)",1508,chiuso,HTML+PDF,https://id.accademiadellacrusca.org/File/Download?code=29615782-4d93-4e97-9d59-8fcdbd700ad4,Qual è il plurale di | parco giochi | ? | Sara Giovine | Pagine | 21-23 - | PDF
1537,https://id.accademiadellacrusca.org/articoli/una-domanda-azzeccata/1537,una-domanda-azzeccata,Una domanda azzeccata,Consulenze linguistiche,CONSULENZA LINGUISTICA,True,False,"XV, 2020/4 (ottobre-dicembre)",1508,chiuso,HTML+PDF,https://id.accademiadellacrusca.org/File/Download?code=30029f3f-bf4d-4b27-b890-8650c18bdd9a,Una domanda | azzeccata | Francesco Avolio | Pagine | 24-25 - | PDF
1538,https://id.accademiadellacrusca.org/articoli/a-volte-labbruciamento--opportuno/1538,a-volte-labbruciamento--opportuno,A volte l’ abbruciamento è opportuno,Consulenze linguistiche,CONSULENZA LINGUISTICA,True,False,"XV, 2020/4 (ottobre-dicembre)",1508,chiuso,HTML+PDF,https://id.accademiadellacrusca.org/File/Download?code=03c9e690-1e27-47fb-b395-2a08a24acb98,A volte l’ | abbruciamento | è opportuno | Paolo D'Achille | Pagine | 26-28 - | PDF
1539,https://id.accademiadellacrusca.org/articoli/fideiubente-la-crusca/1539,fideiubente-la-crusca,Fideiubente la Crusca,Consulenze linguistiche,CONSULENZA LINGUISTICA,True,False,"XV, 2020/4 (ottobre-dicembre)",1508,chiuso,HTML+PDF,https://id.accademiadellacrusca.org/File/Download?code=c0295f55-9e3f-4547-88d5-385052d2df1a,Fideiubente | la Crusca | Vittorio Coletti | Pagine | 29-30 - | PDF
1540,https://id.accademiadellacrusca.org/articoli/una-risposta-che-non-pecca-in-chiarezza/1540,una-risposta-che-non-pecca-in-chiarezza,Una risposta che non pecca in chiarezza,Consulenze linguistiche,CONSULENZA LINGUISTICA,True,False,"XV, 2020/4 (ottobre-dicembre)",1508,chiuso,HTML+PDF,https://id.accademiadellacrusca.org/File/Download?code=d3fda823-5d22-4fb1-9bde-b71db626195c,Una risposta che non | pecca in chiarezza | Giuseppe Patota | Pagine | 31-32 - | PDF
1541,https://id.accademiadellacrusca.org/articoli/semel/1541,semel,Semel,Consulenze linguistiche,CONSULENZA LINGUISTICA,True,False,"XV, 2020/4 (ottobre-dicembre)",1508,chiuso,HTML+PDF,https://id.accademiadellacrusca.org/File/Download?code=84f8835b-bdf4-4fb1-9422-91774016c13d,Semel | Simona Cresti | Pagine | 33-38 - | PDF
2542,https://id.accademiadellacrusca.org/articoli/costrutti-con-bisogno-marginali-nellitaliano-odierno/2542,costrutti-con-bisogno-marginali-nellitaliano-odierno,Costrutti con bisogno marginali nell’italiano odierno,Consulenze linguistiche,CONSULENZA LINGUISTICA,True,False,"XV, 2020/4 (ottobre-dicembre)",1508,chiuso,HTML+PDF,https://id.accademiadellacrusca.org/File/Download?code=0a771e37-0215-4c09-b9ca-564e4fb13909,Costrutti con | bisogno | marginali nell’italiano odierno | Ilaria Bonomi | Pagine | 39-40 - | PDF
2546,https://id.accademiadellacrusca.org/articoli/quando--che-tu-diventa-te/2546,quando--che-tu-diventa-te,Quando è che tu diventa te ?,Consulenze linguistiche,CONSULENZA LINGUISTICA,True,False,"XV, 2020/4 (ottobre-dicembre)",1508,chiuso,HTML+PDF,https://id.accademiadellacrusca.org/File/Download?code=8a077d71-0163-44f7-8ad4-e5a584040760,Quando è che | tu | diventa | te | ? | Raffaella Setti | Pagine | 41-45 - | PDF
2548,https://id.accademiadellacrusca.org/articoli/critica-cinematografica-e-critica-darte-sono-anche-persone-non-solo-attivit/2548,critica-cinematografica-e-critica-darte-sono-anche-persone-non-solo-attivit,"Critica cinematografica e critica d’arte : sono anche persone, non solo attività",Consulenze linguistiche,CONSULENZA LINGUISTICA,True,False,"XV, 2020/4 (ottobre-dicembre)",1508,chiuso,HTML+PDF,https://id.accademiadellacrusca.org/File/Download?code=2c9e1c6d-9243-455d-95cc-7886ae44ceb0,"Critica cinematografica | e | critica d’arte | : sono anche persone, non solo attività | Anna M. Thornton | Pagine | 46-48 - | PDF"
2550,https://id.accademiadellacrusca.org/articoli/mappamondo-quale-origine-quale-genere-quale-plurale/2550,mappamondo-quale-origine-quale-genere-quale-plurale,"Mappamondo : quale origine, quale genere, quale plurale?",Consulenze linguistiche,CONSULENZA LINGUISTICA,True,False,"XV, 2020/4 (ottobre-dicembre)",1508,chiuso,HTML+PDF,https://id.accademiadellacrusca.org/File/Download?code=d09bf9b1-6c06-4734-a0e0-306f1d23217c,"Mappamondo | : quale origine, quale genere, quale plurale? | Franz Rainer | Pagine | 49-51 - | PDF"
2551,https://id.accademiadellacrusca.org/articoli/certo-che-s-solo-che/2551,certo-che-s-solo-che,“Certo che sì!” “Solo che...”,Consulenze linguistiche,CONSULENZA LINGUISTICA,True,False,"XV, 2020/4 (ottobre-dicembre)",1508,chiuso,HTML+PDF,https://id.accademiadellacrusca.org/File/Download?code=82108825-54bf-4606-a3e9-f6f6c6213857,“Certo che sì!” “Solo che...” | Paolo D'Achille | Pagine | 52-55 - | PDF
2552,https://id.accademiadellacrusca.org/articoli/si-pu-spiccare-una-consegna/2552,si-pu-spiccare-una-consegna,Si può spiccare una consegna?,Consulenze linguistiche,CONSULENZA LINGUISTICA,True,False,"XV, 2020/4 (ottobre-dicembre)",1508,chiuso,HTML+PDF,https://id.accademiadellacrusca.org/File/Download?code=b6b484ef-2e9b-4c7a-b1b1-379d7a507a49,Si può | spiccare | una consegna? | Vittorio Coletti | Pagine | 56-57 - | PDF
2553,https://id.accademiadellacrusca.org/articoli/quale-possibile-traducente-per-repository/2553,quale-possibile-traducente-per-repository,Quale possibile traducente per repository ?,Consulenze linguistiche,CONSULENZA LINGUISTICA,True,False,"XV, 2020/4 (ottobre-dicembre)",1508,chiuso,HTML+PDF,https://id.accademiadellacrusca.org/File/Download?code=476a06f5-d51d-414e-8f38-61b0e376a041,Quale possibile traducente per | repository | ? | Lucia Francalanci | Pagine | 58-65 - | PDF
2555,https://id.accademiadellacrusca.org/articoli/barzio-e-ballabio-levoluzione-di-due-toponimi-dal-fermo-e-lucia-ai-promessi-sposi/2555,barzio-e-ballabio-levoluzione-di-due-toponimi-dal-fermo-e-lucia-ai-promessi-sposi,Barzio e Ballabio : l’evoluzione di due toponimi dal Fermo e Lucia ai Promessi sposi,Consulenze linguistiche,CONSULENZA LINGUISTICA,True,False,"XV, 2020/4 (ottobre-dicembre)",1508,chiuso,HTML+PDF,https://id.accademiadellacrusca.org/File/Download?code=d2011853-909c-4044-aa08-d465e1683f3d,Barzio | e | Ballabio | : l’evoluzione di due toponimi dal | Fermo e Lucia | ai | Promessi sposi | Enzo Caffarelli | Pagine | 66-68 - | PDF
2557,https://id.accademiadellacrusca.org/articoli/meteorite/2557,meteorite,Meteorite,Consulenze linguistiche,CONSULENZA LINGUISTICA,True,False,"XV, 2020/4 (ottobre-dicembre)",1508,chiuso,HTML+PDF,https://id.accademiadellacrusca.org/File/Download?code=5f3e123a-e95f-4f03-b8d4-3b4d312471f7,Meteorite | Claudio Giovanardi | Pagine | 69-70 - | PDF
2559,https://id.accademiadellacrusca.org/articoli/due-tecnicismi-artistico-architettonici-di-origine-francese-orifiamma-e-vaso-orifiamma/2559,due-tecnicismi-artistico-architettonici-di-origine-francese-orifiamma-e-vaso-orifiamma,Due tecnicismi artistico-architettonici di origine francese: orifiamma e vaso orifiamma,Consulenze linguistiche,CONSULENZA LINGUISTICA,True,False,"XV, 2020/4 (ottobre-dicembre)",1508,chiuso,HTML+PDF,https://id.accademiadellacrusca.org/File/Download?code=7d6f4480-b0d4-4786-ae91-5ef172e962c8,Due tecnicismi artistico-architettonici di origine francese: | orifiamma | e | vaso orifiamma | Matteo Mazzone | Pagine | 71-76 - | PDF
2560,https://id.accademiadellacrusca.org/articoli/dinverno--meglio-mangiare-mandarini-che-manderini/2560,dinverno--meglio-mangiare-mandarini-che-manderini,D’inverno è meglio mangiare mandarini che manderini,Consulenze linguistiche,CONSULENZA LINGUISTICA,True,False,"XV, 2020/4 (ottobre-dicembre)",1508,chiuso,HTML+PDF,https://id.accademiadellacrusca.org/File/Download?code=5ab51462-a339-46a9-b97d-61fbee7872cb,D’inverno è meglio mangiare | mandarini | che | manderini | Paolo D'Achille | Pagine | 77-79 - | PDF
2543,https://id.accademiadellacrusca.org/articoli/migranti-e-respingimenti/2543,migranti-e-respingimenti,Migranti e respingimenti,La Crusca rispose,LA CRUSCA RISPOSE,True,False,"XV, 2020/4 (ottobre-dicembre)",1508,chiuso,HTML+PDF,https://id.accademiadellacrusca.org/File/Download?code=f887ac7d-f7b7-4b7c-b396-cb85af5e79aa,Migranti | e | respingimenti | Raffaella Setti | Pagine | 80-82 - | PDF
2544,https://id.accademiadellacrusca.org/articoli/l-asilante-non--pi-clandestino-ma-acquisir-o-acquister-la-cittadinanza/2544,l-asilante-non--pi-clandestino-ma-acquisir-o-acquister-la-cittadinanza,"L' asilante non è più clandestino , ma acquisirà (o acquisterà ) la cittadinanza?",La Crusca rispose,LA CRUSCA RISPOSE,True,False,"XV, 2020/4 (ottobre-dicembre)",1508,chiuso,HTML+PDF,https://id.accademiadellacrusca.org/File/Download?code=c489e03d-729f-47c0-a674-1f1620a5124b,"L' | asilante | non è più | clandestino | , ma | acquisirà | (o | acquisterà | ) la cittadinanza? | Raffaella Setti | Pagine | 83-87 - | PDF"
2545,https://id.accademiadellacrusca.org/articoli/chi--effettivamente-lospite/2545,chi--effettivamente-lospite,Chi è effettivamente l’ ospite,La Crusca rispose,LA CRUSCA RISPOSE,True,False,"XV, 2020/4 (ottobre-dicembre)",1508,chiuso,HTML+PDF,https://id.accademiadellacrusca.org/File/Download?code=8a8f3465-af7c-48c2-b580-6bf595c0bc83,Chi è effettivamente l’ | ospite | Angela Frati e Stefania Iannizzotto | Pagine | 88-90 - | PDF
1523,https://id.accademiadellacrusca.org/articoli/termoscanner/1523,termoscanner,Termoscanner,Parole Nuove,PAROLE NUOVE,False,True,"XV, 2020/4 (ottobre-dicembre)",1508,chiuso,HTML+PDF,https://id.accademiadellacrusca.org/File/Download?code=331c9144-76b0-47d4-9c5e-9696ca70c7cd,Termoscanner | Raffaella Setti | Pagine | 91-97 - | PDF
2554,https://id.accademiadellacrusca.org/articoli/freezare/2554,freezare,Freezare,Parole Nuove,PAROLE NUOVE,False,True,"XV, 2020/4 (ottobre-dicembre)",1508,chiuso,HTML+PDF,https://id.accademiadellacrusca.org/File/Download?code=0d06e9fd-2aaa-4845-8214-f8f0b05f6a7e,Freezare | Miriam Di Carlo | Pagine | 98-104 - | PDF
2558,https://id.accademiadellacrusca.org/articoli/vegafobia-vegefobia/2558,vegafobia-vegefobia,"Vegafobia , vegefobia",Parole Nuove,PAROLE NUOVE,False,True,"XV, 2020/4 (ottobre-dicembre)",1508,chiuso,HTML+PDF,https://id.accademiadellacrusca.org/File/Download?code=ab10198d-80a1-4fe1-8ff7-3867e0039a6a,"Vegafobia | , | vegefobia | Barbara Patella | Pagine | 105-109 - | PDF"
2561,https://id.accademiadellacrusca.org/articoli/la-parola-dialettale-nellopera-di-leonardo-sciascia-il-caso-di-taddema/2561,la-parola-dialettale-nellopera-di-leonardo-sciascia-il-caso-di-taddema,La parola dialettale nell’opera di Leonardo Sciascia: il caso di taddema,Articoli,ARTICOLI,False,False,"XV, 2020/4 (ottobre-dicembre)",1508,chiuso,HTML+PDF,https://id.accademiadellacrusca.org/File/Download?code=89f2eb32-d519-4ae0-9e49-2c5a197555f7,La parola dialettale nell’opera di Leonardo Sciascia: il caso di | taddema | Roberto Sottile | Pagine | 110-118 - | PDF
4635,https://id.accademiadellacrusca.org/articoli/le-relazioni-della-terza-tornata-dellaccademia-29-10-2020-dedicata-ad-arrigo-castellani/4635,le-relazioni-della-terza-tornata-dellaccademia-29-10-2020-dedicata-ad-arrigo-castellani,"Le relazioni della terza tornata dell’Accademia (29/10/2020), dedicata ad Arrigo Castellani",Incontri e tornate,INCONTRI E TORNATE,False,False,"XV, 2020/4 (ottobre-dicembre)",1508,chiuso,HTML+PDF,https://id.accademiadellacrusca.org/File/Download?code=2acc3ea1-7be9-44fd-a573-737664948ad8,"Le relazioni della terza tornata dell’Accademia (29/10/2020), dedicata ad Arrigo Castellani | Claudio Marazzini | PDF"
2562,https://id.accademiadellacrusca.org/articoli/l-incontro-col-professore/2562,l-incontro-col-professore,L'incontro col professore,Incontri e tornate,INCONTRI E TORNATE,False,False,"XV, 2020/4 (ottobre-dicembre)",1508,chiuso,HTML+PDF,https://id.accademiadellacrusca.org/File/Download?code=a5ed1466-7c27-4ff1-ac87-79793185c173,L'incontro col professore | Valeria Della Valle | Pagine | 119-122 - | PDF
2563,https://id.accademiadellacrusca.org/articoli/in-memoria-di-arrigo-castellani-a-100-anni-dalla-nascita/2563,in-memoria-di-arrigo-castellani-a-100-anni-dalla-nascita,In memoria di Arrigo Castellani a 100 anni dalla nascita,Incontri e tornate,INCONTRI E TORNATE,False,False,"XV, 2020/4 (ottobre-dicembre)",1508,chiuso,HTML+PDF,https://id.accademiadellacrusca.org/File/Download?code=939185d3-0c26-4ddb-961e-69515b99d3a0,In memoria di Arrigo Castellani a 100 anni dalla nascita | Leonardo Castellani | Pagine | 123-125 - | PDF
1527,https://id.accademiadellacrusca.org/articoli/donne-in-accademia/1527,donne-in-accademia,Donne in Accademia,Temi di discussione,TEMI DI DISCUSSIONE,False,False,"XV, 2020/4 (ottobre-dicembre)",1508,chiuso,HTML+PDF,https://id.accademiadellacrusca.org/File/Download?code=e4b26bc4-3841-4d2d-8e29-1028dd9d25d0,Donne in Accademia | Annalisa Nesi | Pagine | 126-129 - | PDF
2549,https://id.accademiadellacrusca.org/articoli/scrivere-a-mano/2549,scrivere-a-mano,Scrivere a mano,Temi di discussione,TEMI DI DISCUSSIONE,False,False,"XV, 2020/4 (ottobre-dicembre)",1508,chiuso,HTML+PDF,https://id.accademiadellacrusca.org/File/Download?code=9c4d59f4-be03-4930-8f3e-728b74fc2304,Scrivere a mano | Rosario Coluccia | Pagine | 130-132 - | PDF
4624,https://id.accademiadellacrusca.org/articoli/notizie-dall-accademia/4624,notizie-dall-accademia,Notizie dall'Accademia,Notizie,NOTIZIE,False,False,"XV, 2020/4 (ottobre-dicembre)",1508,chiuso,HTML+PDF,https://id.accademiadellacrusca.org/File/Download?code=167e0cb4-8f1a-4099-bfc1-cb431b212930,Notizie dall'Accademia | A cura del comitato di redazione | Pagine | 133-134 - | PDF
1534,https://id.accademiadellacrusca.org/articoli/bibliografia-della-consulenza-linguistica/1534,bibliografia-della-consulenza-linguistica,Bibliografia della Consulenza linguistica,Bibliografia,BIBLIOGRAFIA,False,False,"XV, 2020/4 (ottobre-dicembre)",1508,chiuso,HTML+PDF,https://id.accademiadellacrusca.org/File/Download?code=78c4b7d6-96a8-46c6-9590-dd8cb9330b5d,Bibliografia della Consulenza linguistica | Pagine | 135-138 - | PDF
2578,https://id.accademiadellacrusca.org/articoli/editoriale-del-direttore/2578,editoriale-del-direttore,Editoriale del direttore,Editoriale,EDITORIALE,False,False,"XIV, 2020/3 (luglio-settembre)",1485,chiuso,HTML+PDF,https://id.accademiadellacrusca.org/File/Download?code=5d8a15d3-39d9-4293-93f9-3617bba2c463,Editoriale del direttore | Marco Biffi | Pagine | 1-2 - | PDF
1486,https://id.accademiadellacrusca.org/articoli/il-covid-19-o-la-covid-19/1486,il-covid-19-o-la-covid-19,Il COVID-19 o la COVID-19 ?,Consulenze linguistiche,CONSULENZA LINGUISTICA,True,False,"XIV, 2020/3 (luglio-settembre)",1485,chiuso,HTML+PDF,https://id.accademiadellacrusca.org/File/Download?code=615d4a9a-1a0b-49ef-9832-fbcfad83fbb2,Il COVID-19 | o | la COVID-19 | ? | Sara Giovine | Pagine | 3-9 - | PDF
1487,https://id.accademiadellacrusca.org/articoli/plexiglas-o-plexiglass/1487,plexiglas-o-plexiglass,Plexiglas o plexiglass ?,Consulenze linguistiche,CONSULENZA LINGUISTICA,True,False,"XIV, 2020/3 (luglio-settembre)",1485,chiuso,HTML+PDF,https://id.accademiadellacrusca.org/File/Download?code=b872ba2d-5a32-41ba-8a07-61f2968ea877,Plexiglas | o | plexiglass | ? | Valeria Della Valle | Pagine | 10-11 - | PDF
1488,https://id.accademiadellacrusca.org/articoli/lazzaretto-o-lazzareto/1488,lazzaretto-o-lazzareto,Lazzaretto o lazzareto ?,Consulenze linguistiche,CONSULENZA LINGUISTICA,True,False,"XIV, 2020/3 (luglio-settembre)",1485,chiuso,HTML+PDF,https://id.accademiadellacrusca.org/File/Download?code=41f54e6f-677b-408b-9f0d-d95a3f0f9630,Lazzaretto | o | lazzareto | ? | Francesco Crifò | Pagine | 12-13 - | PDF
1489,https://id.accademiadellacrusca.org/articoli/le-regioni-italiane-non-hanno-governatori-ma-presidenti/1489,le-regioni-italiane-non-hanno-governatori-ma-presidenti,"Le regioni italiane non hanno governatori , ma presidenti",Consulenze linguistiche,CONSULENZA LINGUISTICA,True,False,"XIV, 2020/3 (luglio-settembre)",1485,chiuso,HTML+PDF,https://id.accademiadellacrusca.org/File/Download?code=6146907a-aa25-4230-ae17-2345eddff825,"Le regioni italiane non hanno | governatori | , ma presidenti | Vittorio Coletti | Pagine | 14-15 - | PDF"
1490,https://id.accademiadellacrusca.org/articoli/stigmatizzare/1490,stigmatizzare,Stigmatizzare,Consulenze linguistiche,CONSULENZA LINGUISTICA,True,False,"XIV, 2020/3 (luglio-settembre)",1485,chiuso,HTML+PDF,https://id.accademiadellacrusca.org/File/Download?code=334f6885-1bc6-412f-be32-f59025ceb62c,Stigmatizzare | Paola Manni | Pagine | 16 - | PDF
1491,https://id.accademiadellacrusca.org/articoli/cosa-hanno-a-che-fare-i-babbi-con-i-babbei/1491,cosa-hanno-a-che-fare-i-babbi-con-i-babbei,Cosa hanno a che fare i babbi con i babbei ?,Consulenze linguistiche,CONSULENZA LINGUISTICA,True,False,"XIV, 2020/3 (luglio-settembre)",1485,chiuso,HTML+PDF,https://id.accademiadellacrusca.org/File/Download?code=f5e12ef6-13b1-4e87-b17a-108c23d80751,Cosa hanno a che fare i | babbi | con i | babbei | ? | Franco Fanciullo | Pagine | 17-19 - | PDF
1493,https://id.accademiadellacrusca.org/articoli/verace-veridico-e-veritiero-sono-uguali-a-vero-ed--lecito-al-contrario-usare-inveritiero/1493,verace-veridico-e-veritiero-sono-uguali-a-vero-ed--lecito-al-contrario-usare-inveritiero,"Verace , veridico e veritiero sono uguali a vero ? Ed è lecito, al contrario, usare inveritiero ?",Consulenze linguistiche,CONSULENZA LINGUISTICA,True,False,"XIV, 2020/3 (luglio-settembre)",1485,chiuso,HTML+PDF,https://id.accademiadellacrusca.org/File/Download?code=c3a11e64-4107-4e5a-b14e-f7a88b02dda8,"Verace | , | veridico | e | veritiero | sono uguali a | vero | ? Ed è lecito, al contrario, usare | inveritiero | ? | Elisa Altissimi | Pagine | 20-22 - | PDF"
1494,https://id.accademiadellacrusca.org/articoli/una-risposta-per-esordienti-o-esordenti/1494,una-risposta-per-esordienti-o-esordenti,Una risposta per esordienti (o esordenti )?,Consulenze linguistiche,CONSULENZA LINGUISTICA,True,False,"XIV, 2020/3 (luglio-settembre)",1485,chiuso,HTML+PDF,https://id.accademiadellacrusca.org/File/Download?code=30b8f237-1da7-4479-9029-009425d5dbdc,Una risposta per | esordienti | (o | esordenti | )? | Raffaella Setti | Pagine | 23-24 - | PDF
1497,https://id.accademiadellacrusca.org/articoli/avverbi-infidi/1497,avverbi-infidi,Avverbi infidi,Consulenze linguistiche,CONSULENZA LINGUISTICA,True,False,"XIV, 2020/3 (luglio-settembre)",1485,chiuso,HTML+PDF,https://id.accademiadellacrusca.org/File/Download?code=de9382f7-1cf0-4c27-ab16-4edc6609701f,Avverbi infidi | Ilaria Bonomi | Pagine | 25-28 - | PDF
1498,https://id.accademiadellacrusca.org/articoli/una-tantum/1498,una-tantum,Una tantum,Consulenze linguistiche,CONSULENZA LINGUISTICA,True,False,"XIV, 2020/3 (luglio-settembre)",1485,chiuso,HTML+PDF,https://id.accademiadellacrusca.org/File/Download?code=7d958e22-74bf-482c-9e0c-f975ff83e057,Una tantum | Alberto Nocentini | Pagine | 29-30 - | PDF
1499,https://id.accademiadellacrusca.org/articoli/ammazza-che-caldo/1499,ammazza-che-caldo,"Ammazza , che caldo!",Consulenze linguistiche,CONSULENZA LINGUISTICA,True,False,"XIV, 2020/3 (luglio-settembre)",1485,chiuso,HTML+PDF,https://id.accademiadellacrusca.org/File/Download?code=f9089142-f795-4c5b-918d-e8875bba6d29,"Ammazza | , che caldo! | Paolo D'Achille e Anna M. Thornton | Pagine | 31-33 - | PDF"
1504,https://id.accademiadellacrusca.org/articoli/al-badge-ci-siamo-ormai-abituati-a-beggiare-e-alla-beggiatura-no/1504,al-badge-ci-siamo-ormai-abituati-a-beggiare-e-alla-beggiatura-no,"Al badge ci siamo ormai abituati, a beggiare e alla beggiatura no",Consulenze linguistiche,CONSULENZA LINGUISTICA,True,False,"XIV, 2020/3 (luglio-settembre)",1485,chiuso,HTML+PDF,https://id.accademiadellacrusca.org/File/Download?code=2a513935-7338-4d82-bb24-6d14aef92d6a,"Al | badge | ci siamo ormai abituati, a | beggiare | e alla | beggiatura | no | Riccardo Gualdo | Pagine | 34-37 - | PDF"
1505,https://id.accademiadellacrusca.org/articoli/scalo-e-scalandrino/1505,scalo-e-scalandrino,Scalèo e scalandrino,Consulenze linguistiche,CONSULENZA LINGUISTICA,True,False,"XIV, 2020/3 (luglio-settembre)",1485,chiuso,HTML+PDF,https://id.accademiadellacrusca.org/File/Download?code=ff313f9b-4e72-4094-a1c4-46ff16a52a55,Scalèo | e | scalandrino | Alice Mazzanti | Pagine | 38-42 - | PDF
1507,https://id.accademiadellacrusca.org/articoli/questa-domanda-rileva-eccome/1507,questa-domanda-rileva-eccome,"Questa domanda rileva , eccome!",Consulenze linguistiche,CONSULENZA LINGUISTICA,True,False,"XIV, 2020/3 (luglio-settembre)",1485,chiuso,HTML+PDF,https://id.accademiadellacrusca.org/File/Download?code=69188250-d041-4ba6-9f27-fbab29aaec7a,"Questa domanda | rileva | , eccome! | Vittorio Coletti | Pagine | 43-45 - | PDF"
1509,https://id.accademiadellacrusca.org/articoli/quando-arianna-fu-piantata-in-asso-a-nasso/1509,quando-arianna-fu-piantata-in-asso-a-nasso,Quando Arianna fu piantata in asso (a Nasso),Consulenze linguistiche,CONSULENZA LINGUISTICA,True,False,"XIV, 2020/3 (luglio-settembre)",1485,chiuso,HTML+PDF,https://id.accademiadellacrusca.org/File/Download?code=3c3be3c6-a6be-4572-ac8b-9d4c1145f699,Quando Arianna fu | piantata in asso | (a Nasso) | Luisa di Valvasone | Pagine | 46-50 - | PDF
1510,https://id.accademiadellacrusca.org/articoli/improvvisamente-avverbio-di-modo-o-di-tempo/1510,improvvisamente-avverbio-di-modo-o-di-tempo,Improvvisamente: avverbio di modo o di tempo?,Consulenze linguistiche,CONSULENZA LINGUISTICA,True,False,"XIV, 2020/3 (luglio-settembre)",1485,chiuso,HTML+PDF,https://id.accademiadellacrusca.org/File/Download?code=9b1b1355-aa80-4d49-8169-44f41721764f,Improvvisamente: | avverbio di modo o di tempo? | Davide Ricca | Pagine | 51-53 - | PDF
1512,https://id.accademiadellacrusca.org/articoli/ci-pu-essere-qualcosa-di-inarrivabile/1512,ci-pu-essere-qualcosa-di-inarrivabile,Ci può essere qualcosa di inarrivabile,Consulenze linguistiche,CONSULENZA LINGUISTICA,True,False,"XIV, 2020/3 (luglio-settembre)",1485,chiuso,HTML+PDF,https://id.accademiadellacrusca.org/File/Download?code=2722c9fd-726b-4bd5-8244-d3b082230ed4,Ci può essere qualcosa di | inarrivabile | Paolo D'Achille | Pagine | 54-55 - | PDF
1513,https://id.accademiadellacrusca.org/articoli/tra-qualifica-e-qualificazione-vi--qualche-differenza/1513,tra-qualifica-e-qualificazione-vi--qualche-differenza,Tra qualifica e qualificazione vi è qualche differenza,Consulenze linguistiche,CONSULENZA LINGUISTICA,True,False,"XIV, 2020/3 (luglio-settembre)",1485,chiuso,HTML+PDF,https://id.accademiadellacrusca.org/File/Download?code=ccc11e72-6fe9-4db0-a73e-2c6efaa63ffe,Tra | qualifica | e | qualificazione | vi è qualche differenza | Claudio Giovanardi | Pagine | 56-57 - | PDF
1519,https://id.accademiadellacrusca.org/articoli/sversare-sversamento-pessime-pratiche-ma-parole-del-tutto-accettabili/1519,sversare-sversamento-pessime-pratiche-ma-parole-del-tutto-accettabili,"Sversare , sversamento , pessime pratiche ma parole del tutto accettabili",Consulenze linguistiche,CONSULENZA LINGUISTICA,True,False,"XIV, 2020/3 (luglio-settembre)",1485,chiuso,HTML+PDF,https://id.accademiadellacrusca.org/File/Download?code=4696080e-c3fd-4d74-b5e8-2ec1a928bc4b,"Sversare | , | sversamento | , pessime pratiche ma parole del tutto accettabili | Claudio Iacobini | Pagine | 58-59 - | PDF"
1520,https://id.accademiadellacrusca.org/articoli/meglio-consequenziale-ma-pure-conseguenziale--senza-conseguenze/1520,meglio-consequenziale-ma-pure-conseguenziale--senza-conseguenze,"Meglio consequenziale , ma pure conseguenziale è senza... conseguenze!",Consulenze linguistiche,CONSULENZA LINGUISTICA,True,False,"XIV, 2020/3 (luglio-settembre)",1485,chiuso,HTML+PDF,https://id.accademiadellacrusca.org/File/Download?code=5b2166da-4ffe-48a0-b654-f367871d9c9f,"Meglio | consequenziale | , ma pure | conseguenziale | è senza... conseguenze! | Vittorio Coletti | Pagine | 60-61 - | PDF"
1521,https://id.accademiadellacrusca.org/articoli/professioni-e-mestieri-al-femminile-il-caso-di-falegname-e-anche-di-legnaiolo-carpentiere-fabbro-mur/1521,professioni-e-mestieri-al-femminile-il-caso-di-falegname-e-anche-di-legnaiolo-carpentiere-fabbro-mur,"Professioni e mestieri al femminile: il caso di falegname (e anche di legnaiolo , carpentiere , fabbro , muratore , controllore )",Consulenze linguistiche,CONSULENZA LINGUISTICA,True,False,"XIV, 2020/3 (luglio-settembre)",1485,chiuso,HTML+PDF,https://id.accademiadellacrusca.org/File/Download?code=b6471a4d-f056-4a15-a4ee-b369c8c8ff5f,"Professioni e mestieri al femminile: il caso di | falegname | (e anche di | legnaiolo | , | carpentiere | , | fabbro | , | muratore | , | controllore | ) | Paolo D'Achille e Anna M. Thornton | Pagine | 62-66 - | PDF"
1522,https://id.accademiadellacrusca.org/articoli/e-vabbaia-la-volpe/1522,e-vabbaia-la-volpe,E’ v’abbaia la volpe,Consulenze linguistiche,CONSULENZA LINGUISTICA,True,False,"XIV, 2020/3 (luglio-settembre)",1485,chiuso,HTML+PDF,https://id.accademiadellacrusca.org/File/Download?code=e9cd79c5-73ea-4e90-a374-0753f38844a7,E’ v’abbaia la volpe | Ilaria Bonomi | Pagine | 67-68 - | PDF
1515,https://id.accademiadellacrusca.org/articoli/un-caso-di-instabilit-terminologica-nel-vocabolario-medico-comorbidit-comorbilit-comorbosit/1515,un-caso-di-instabilit-terminologica-nel-vocabolario-medico-comorbidit-comorbilit-comorbosit,"Un caso di instabilità terminologica nel vocabolario medico: comorbidità , comorbilità , comorbosità",La Crusca rispose,LA CRUSCA RISPOSE,True,False,"XIV, 2020/3 (luglio-settembre)",1485,chiuso,HTML+PDF,https://id.accademiadellacrusca.org/File/Download?code=a15e9357-1e44-42cd-9b05-af7ede270dc4,"Un caso di instabilità terminologica nel vocabolario medico: | comorbidità | , | comorbilità | , | comorbosità | Maria Cristina Torchia | Pagine | 69-73 - | PDF"
2581,https://id.accademiadellacrusca.org/articoli/si-dice-starnutire-sternutire-o-starnutare-starnuto-o-sternuto/2581,si-dice-starnutire-sternutire-o-starnutare-starnuto-o-sternuto,"Si dice starnutire , sternutire o starnutare ? Starnuto o sternuto ?",La Crusca rispose,LA CRUSCA RISPOSE,True,False,"XIV, 2020/3 (luglio-settembre)",1485,chiuso,HTML+PDF,https://id.accademiadellacrusca.org/File/Download?code=f78eca4c-a942-48f5-a99e-661d05311c0f,"Si dice | starnutire | , | sternutire | o | starnutare | ? | Starnuto | o | sternuto | ? | Barbara Fanini | Pagine | 74-77 - | PDF"
2564,https://id.accademiadellacrusca.org/articoli/il-nome-ebola-istruzioni-e-modalit-d-uso/2564,il-nome-ebola-istruzioni-e-modalit-d-uso,Il nome ebola : istruzioni e modalità d'uso,La Crusca rispose,LA CRUSCA RISPOSE,True,False,"XIV, 2020/3 (luglio-settembre)",1485,chiuso,HTML+PDF,https://id.accademiadellacrusca.org/File/Download?code=fdd4435f-7c8d-43fc-be5a-56a1dc929b4a,Il nome | ebola | : istruzioni e modalità d'uso | Maria Cristina Torchia | Pagine | 78-81 - | PDF
1496,https://id.accademiadellacrusca.org/articoli/didattica-a-distanza-dad/1496,didattica-a-distanza-dad,Didattica a distanza (DAD),Parole nuove,PAROLE NUOVE,False,True,"XIV, 2020/3 (luglio-settembre)",1485,chiuso,HTML+PDF,https://id.accademiadellacrusca.org/File/Download?code=e61a749d-9546-47b6-8aa8-729b0b01cfa9,Didattica a distanza | (DAD) | Miriam Di Carlo | Pagine | 82-91 - | PDF
1511,https://id.accademiadellacrusca.org/articoli/domotizzare-domotizzazione/1511,domotizzare-domotizzazione,Domotizzare / domotizzazione,Parole nuove,PAROLE NUOVE,False,True,"XIV, 2020/3 (luglio-settembre)",1485,chiuso,HTML+PDF,https://id.accademiadellacrusca.org/File/Download?code=9324aed6-cc2b-45c8-9d60-cfeb63250bad,Domotizzare | / | domotizzazione | Francesca Cialdini | Pagine | 92-96 - | PDF
1518,https://id.accademiadellacrusca.org/articoli/dallalgocrazia-allalgoretica-il-potere-degli-algoritmi/1518,dallalgocrazia-allalgoretica-il-potere-degli-algoritmi,Dall’ algocrazia all’ algoretica : il potere degli algoritmi,Parole nuove,PAROLE NUOVE,False,True,"XIV, 2020/3 (luglio-settembre)",1485,chiuso,HTML+PDF,https://id.accademiadellacrusca.org/File/Download?code=4165192c-68a5-4c59-b529-e490567897de,Dall’ | algocrazia | all’ | algoretica | : il potere degli algoritmi | Lucia Francalanci | Pagine | 97-103 - | PDF
1495,https://id.accademiadellacrusca.org/articoli/webinar/1495,webinar,Webinar,Parole nuove,PAROLE NUOVE,False,True,"XIV, 2020/3 (luglio-settembre)",1485,chiuso,HTML+PDF,https://id.accademiadellacrusca.org/File/Download?code=0fc7286e-ca16-4255-95c9-5246f04a4e65,Webinar | Luisa di Valvasone | Pagine | 104-110 - | PDF
1533,https://id.accademiadellacrusca.org/articoli/il-femminile-come-genere-del-disprezzo-il-caso-di-presidenta-parola-d-odio-e-fake-news/1533,il-femminile-come-genere-del-disprezzo-il-caso-di-presidenta-parola-d-odio-e-fake-news,Il femminile come “genere del disprezzo”. Il caso di presidenta : parola d'odio e fake news,Articoli,ARTICOLI,False,False,"XIV, 2020/3 (luglio-settembre)",1485,chiuso,HTML+PDF,https://id.accademiadellacrusca.org/File/Download?code=31ae9725-5b98-4e85-a53e-0fe975f93fca,Il femminile come “genere del disprezzo”. Il caso di | presidenta | : parola d'odio e | fake news | Paola Villani | Pagine | 111-133 - | PDF
1492,https://id.accademiadellacrusca.org/articoli/il-genere-di-covid-19-e-i-giornali-italiani/1492,il-genere-di-covid-19-e-i-giornali-italiani,Il genere di covid-19 e i giornali italiani,Temi di discussione,TEMI DI DISCUSSIONE,False,False,"XIV, 2020/3 (luglio-settembre)",1485,chiuso,HTML+PDF,https://id.accademiadellacrusca.org/File/Download?code=25cdbe62-6e25-4e56-a9bc-f38accb45966,Il genere di | covid-19 | e i giornali italiani | Claudio Marazzini | Pagine | 134-137 - | PDF
1506,https://id.accademiadellacrusca.org/articoli/il-museo-della-lingua-italiana-una-svolta-nella-politica-linguistica-nazionale/1506,il-museo-della-lingua-italiana-una-svolta-nella-politica-linguistica-nazionale,Il Museo della lingua italiana: una svolta nella politica linguistica nazionale?,Temi di discussione,TEMI DI DISCUSSIONE,False,False,"XIV, 2020/3 (luglio-settembre)",1485,chiuso,HTML+PDF,https://id.accademiadellacrusca.org/File/Download?code=55826dfb-6f55-44b8-8ce6-f965ba90e4c8,Il Museo della lingua italiana: una svolta nella politica linguistica nazionale? | Nicoletta Maraschio | Pagine | 138-141 - | PDF
2579,https://id.accademiadellacrusca.org/articoli/notizie-dall-accademia/2579,notizie-dall-accademia,Notizie dall'Accademia,Notizie,NOTIZIE,False,False,"XIV, 2020/3 (luglio-settembre)",1485,chiuso,HTML+PDF,https://id.accademiadellacrusca.org/File/Download?code=4c6b3bfc-5040-467b-be8f-9dd81e8f6e08,Notizie dall'Accademia | A cura del comitato di redazione | Pagine | 142-143 - | PDF
1528,https://id.accademiadellacrusca.org/articoli/bibliografia-della-consulenza-linguistica/1528,bibliografia-della-consulenza-linguistica,Bibliografia della Consulenza linguistica,Bibliografia,BIBLIOGRAFIA,False,False,"XIV, 2020/3 (luglio-settembre)",1485,chiuso,HTML+PDF,https://id.accademiadellacrusca.org/File/Download?code=d8fd68dd-ee55-497b-a884-2c13d525f3ec,Bibliografia della Consulenza linguistica | Pagine | 144-147 - | PDF
1502,https://id.accademiadellacrusca.org/articoli/editoriale-del-direttore/1502,editoriale-del-direttore,Editoriale del direttore,Editoriale,EDITORIALE,False,False,"XIII, 2020/2 (aprile-giugno)",425,chiuso,HTML+PDF,https://id.accademiadellacrusca.org/File/Download?code=39e76010-304a-4cd8-8565-eca65a00ef73,Editoriale del direttore | Pagine | 1-2 - | PDF
424,https://id.accademiadellacrusca.org/articoli/che-cosa-significa-e-da-dove-nasce-il-buon-senso/424,che-cosa-significa-e-da-dove-nasce-il-buon-senso,Che cosa significa e da dove nasce il buon senso ?,Consulenze linguistiche,CONSULENZA LINGUISTICA,True,False,"XIII, 2020/2 (aprile-giugno)",425,chiuso,HTML+PDF,https://id.accademiadellacrusca.org/File/Download?code=5db196fb-e3bf-4167-a784-018ba64660ed,Che cosa significa e da dove nasce il | buon senso | ? | Vittorio Coletti | Pagine | 3-4 - | PDF
426,https://id.accademiadellacrusca.org/articoli/-stata-richiesta-una-consulenza-su-consulenziale/426,-stata-richiesta-una-consulenza-su-consulenziale,È stata richiesta una consulenza su consulenziale,Consulenze linguistiche,CONSULENZA LINGUISTICA,True,False,"XIII, 2020/2 (aprile-giugno)",425,chiuso,HTML+PDF,https://id.accademiadellacrusca.org/File/Download?code=73b150fa-83e5-4314-abcb-5a605f0e41b8,È stata richiesta una consulenza su | consulenziale | Anna M. Thornton | Pagine | 5-6 - | PDF
430,https://id.accademiadellacrusca.org/articoli/condoglianze-e-cordoglio-le-differenze-tra-due-parole-oggi-purtroppo-attuali/430,condoglianze-e-cordoglio-le-differenze-tra-due-parole-oggi-purtroppo-attuali,Condoglianze e cordoglio : le differenze tra due parole oggi (purtroppo) attuali,Consulenze linguistiche,CONSULENZA LINGUISTICA,True,False,"XIII, 2020/2 (aprile-giugno)",425,chiuso,HTML+PDF,https://id.accademiadellacrusca.org/File/Download?code=27e0f2d4-2d58-47b6-9a72-ae9da31de414,Condoglianze | e | cordoglio | : le differenze tra due parole oggi (purtroppo) attuali | Kevin De Vecchis | Pagine | 7-9 - | PDF
443,https://id.accademiadellacrusca.org/articoli/falsi-sinonimi-omesso-omissato/443,falsi-sinonimi-omesso-omissato,Falsi sinonimi: omesso / omissato,Consulenze linguistiche,CONSULENZA LINGUISTICA,True,False,"XIII, 2020/2 (aprile-giugno)",425,chiuso,HTML+PDF,https://id.accademiadellacrusca.org/File/Download?code=c0d0b2cd-a9d4-4bf0-a307-4d287fc98b9f,Falsi sinonimi: | omesso | / | omissato | Sergio Lubello | Pagine | 10-11 - | PDF
444,https://id.accademiadellacrusca.org/articoli/autorizzativo-e-autorizzatorio/444,autorizzativo-e-autorizzatorio,Autorizzativo e autorizzatorio,Consulenze linguistiche,CONSULENZA LINGUISTICA,True,False,"XIII, 2020/2 (aprile-giugno)",425,chiuso,HTML+PDF,https://id.accademiadellacrusca.org/File/Download?code=c603aac1-619d-444a-9ef4-4b706623615a,Autorizzativo | e | autorizzatorio | Vittorio Coletti | Pagine | 12-14 - | PDF
447,https://id.accademiadellacrusca.org/articoli/caduti-in-di-guerra-in-del-mare-sul-lavoro-espressioni-diverse-per-tenere-viva-la-memoria-su-eventi-/447,caduti-in-di-guerra-in-del-mare-sul-lavoro-espressioni-diverse-per-tenere-viva-la-memoria-su-eventi-,"Caduti in/di guerra , in/del mare , sul lavoro : espressioni diverse per tenere viva la memoria su eventi ugualmente tragici",Consulenze linguistiche,CONSULENZA LINGUISTICA,True,False,"XIII, 2020/2 (aprile-giugno)",425,chiuso,HTML+PDF,https://id.accademiadellacrusca.org/File/Download?code=22677fd6-6c57-43d8-8c21-4708c86eac03,"Caduti in/di guerra | , | in/del mare | , | sul lavoro | : espressioni diverse per tenere viva la memoria su eventi ugualmente tragici | Raffaella Setti | Pagine | 15-18 - | PDF"
457,https://id.accademiadellacrusca.org/articoli/data-breach-o-violazione-dei-dati/457,data-breach-o-violazione-dei-dati,Data breach o violazione dei dati ?,Consulenze linguistiche,CONSULENZA LINGUISTICA,True,False,"XIII, 2020/2 (aprile-giugno)",425,chiuso,HTML+PDF,https://id.accademiadellacrusca.org/File/Download?code=99836cbf-349a-4c8c-b853-74ecc9749af3,Data breach | o | violazione dei dati | ? | MIchele A. Cortelazzo | Pagine | 19-21 - | PDF
460,https://id.accademiadellacrusca.org/articoli/si-deve-aerare-aereare-o-areare-un-ambiente-limportante--ventilarlo/460,si-deve-aerare-aereare-o-areare-un-ambiente-limportante--ventilarlo,"Si deve aerare , aereare o areare un ambiente? L’importante è ventilarlo!",Consulenze linguistiche,CONSULENZA LINGUISTICA,True,False,"XIII, 2020/2 (aprile-giugno)",425,chiuso,HTML+PDF,https://id.accademiadellacrusca.org/File/Download?code=694c51d4-ba68-499f-8a10-127cda6812ff,"Si deve | aerare | , | aereare | o | areare | un ambiente? L’importante è ventilarlo! | Paolo D'Achille | Pagine | 22-23 - | PDF"
462,https://id.accademiadellacrusca.org/articoli/dcade-solo-dieci-giorni-o-anche-dieci-anni/462,dcade-solo-dieci-giorni-o-anche-dieci-anni,Dècade : solo dieci giorni o anche dieci anni?,Consulenze linguistiche,CONSULENZA LINGUISTICA,True,False,"XIII, 2020/2 (aprile-giugno)",425,chiuso,HTML+PDF,https://id.accademiadellacrusca.org/File/Download?code=fe029d06-139c-4928-bae2-f7a01469eea7,Dècade | : solo dieci giorni o anche dieci anni? | Giuseppe Patota | Pagine | 24-25 - | PDF
463,https://id.accademiadellacrusca.org/articoli/nel-contempo-e-al-contempo/463,nel-contempo-e-al-contempo,Nel contempo e al contempo,Consulenze linguistiche,CONSULENZA LINGUISTICA,True,False,"XIII, 2020/2 (aprile-giugno)",425,chiuso,HTML+PDF,https://id.accademiadellacrusca.org/File/Download?code=ced679e7-2c25-408e-a3ad-7e580d905ab9,Nel contempo | e | al contempo | Rita Librandi | Pagine | 26-29 - | PDF
466,https://id.accademiadellacrusca.org/articoli/efficientamento-ed-efficientare-sono-efficienti/466,efficientamento-ed-efficientare-sono-efficienti,Efficientamento ed efficientare sono efficienti!,Consulenze linguistiche,CONSULENZA LINGUISTICA,True,False,"XIII, 2020/2 (aprile-giugno)",425,chiuso,HTML+PDF,https://id.accademiadellacrusca.org/File/Download?code=f4aa2496-ad4a-4111-be2e-cf0d616cd65a,Efficientamento | ed | efficientare | sono efficienti! | Vittorio Coletti | Pagine | 30-31 - | PDF
467,https://id.accademiadellacrusca.org/articoli/nulla-osta-alluso-del-congiuntivo/467,nulla-osta-alluso-del-congiuntivo,Nulla osta all’uso del congiuntivo!,Consulenze linguistiche,CONSULENZA LINGUISTICA,True,False,"XIII, 2020/2 (aprile-giugno)",425,chiuso,HTML+PDF,https://id.accademiadellacrusca.org/File/Download?code=2f5b9cb6-9bf2-44ee-89fb-d29c013bd007,Nulla osta | all’uso del congiuntivo! | Paolo D'Achille | Pagine | 32-34 - | PDF
469,https://id.accademiadellacrusca.org/articoli/speriamo-di-non-sbucciarci-un-ginocchio-meglio-se-ci-sbucciamo-mandarini-e-frutta-secca/469,speriamo-di-non-sbucciarci-un-ginocchio-meglio-se-ci-sbucciamo-mandarini-e-frutta-secca,Speriamo di non sbucciarci un ginocchio: meglio se ci sbucciamo mandarini e frutta secca,Consulenze linguistiche,CONSULENZA LINGUISTICA,True,False,"XIII, 2020/2 (aprile-giugno)",425,chiuso,HTML+PDF,https://id.accademiadellacrusca.org/File/Download?code=ef2ccead-8dfb-44f4-8e57-d64ec2a234c9,Speriamo di non | sbucciarci | un ginocchio: meglio se | ci sbucciamo | mandarini e frutta secca | Miriam Di Carlo | Pagine | 35-40 - | PDF
470,https://id.accademiadellacrusca.org/articoli/si-pu-fomentare-anche-il-bene--soltanto-pi-raro/470,si-pu-fomentare-anche-il-bene--soltanto-pi-raro,Si può fomentare anche il bene: è soltanto più raro,Consulenze linguistiche,CONSULENZA LINGUISTICA,True,False,"XIII, 2020/2 (aprile-giugno)",425,chiuso,HTML+PDF,https://id.accademiadellacrusca.org/File/Download?code=c157e833-374b-463e-84ab-486ab555f7e6,Si può | fomentare | anche il bene: è soltanto più raro | Kevin De Vecchis | Pagine | 41-44 - | PDF
471,https://id.accademiadellacrusca.org/articoli/bollettatore-e-fatturatore/471,bollettatore-e-fatturatore,Bollettatore e fatturatore,Consulenze linguistiche,CONSULENZA LINGUISTICA,True,False,"XIII, 2020/2 (aprile-giugno)",425,chiuso,HTML+PDF,https://id.accademiadellacrusca.org/File/Download?code=77432b6d-ef0c-456d-8fca-894778cc2fb4,Bollettatore | e | fatturatore | Vittorio Coletti | Pagine | 45-46 - | PDF
472,https://id.accademiadellacrusca.org/articoli/divieto-di-assembramento-o-di-assemblamento/472,divieto-di-assembramento-o-di-assemblamento,Divieto di assembramento o di assemblamento ?,Consulenze linguistiche,CONSULENZA LINGUISTICA,True,False,"XIII, 2020/2 (aprile-giugno)",425,chiuso,HTML+PDF,https://id.accademiadellacrusca.org/File/Download?code=dfb978e7-2ab3-44f6-8f8e-28c9e2648208,Divieto di | assembramento | o di | assemblamento | ? | Luisa di Valvasone | Pagine | 47-51 - | PDF
475,https://id.accademiadellacrusca.org/articoli/concussione/475,concussione,Concussione,Consulenze linguistiche,CONSULENZA LINGUISTICA,True,False,"XIII, 2020/2 (aprile-giugno)",425,chiuso,HTML+PDF,https://id.accademiadellacrusca.org/File/Download?code=12925cf8-8930-4a58-8de6-e4abbf24a0cc,Concussione | Michele Colombo | Pagine | 52-53 - | PDF
479,https://id.accademiadellacrusca.org/articoli/filo-di-lana-o-filo-di-lama/479,filo-di-lana-o-filo-di-lama,Filo di lana o filo di lama?,Consulenze linguistiche,CONSULENZA LINGUISTICA,True,False,"XIII, 2020/2 (aprile-giugno)",425,chiuso,HTML+PDF,https://id.accademiadellacrusca.org/File/Download?code=5163a45b-fc1b-48ce-afc2-ada1e181614f,Filo di lana | o | filo di lama? | Paolo Rondinelli | Pagine | 54-56 - | PDF
1479,https://id.accademiadellacrusca.org/articoli/alla-fine-saremo-esausti-non-esauriti-ma-prima-proveremo-a-esaudire-le-vostre-richieste-con-una-risp/1479,alla-fine-saremo-esausti-non-esauriti-ma-prima-proveremo-a-esaudire-le-vostre-richieste-con-una-risp,"Alla fine saremo esausti (non esauriti ), ma prima proveremo a esaudire le vostre richieste con una risposta esauriente (o esaustiva ?)",Consulenze linguistiche,CONSULENZA LINGUISTICA,True,False,"XIII, 2020/2 (aprile-giugno)",425,chiuso,HTML+PDF,https://id.accademiadellacrusca.org/File/Download?code=d1907332-d659-467d-ac7f-9d371b25b710,"Alla fine saremo | esausti | (non | esauriti | ), ma prima proveremo a | esaudire | le vostre richieste con una risposta | esauriente | (o | esaustiva | ?) | Paolo D'Achille | Pagine | 57-59 - | PDF"
1480,https://id.accademiadellacrusca.org/articoli/come-si-abbrevia-come-si-scrive-e-come-si-legge-24-ore-su-24/1480,come-si-abbrevia-come-si-scrive-e-come-si-legge-24-ore-su-24,"Come si abbrevia, come si scrive e come si legge “24 ore su 24”?",Consulenze linguistiche,CONSULENZA LINGUISTICA,True,False,"XIII, 2020/2 (aprile-giugno)",425,chiuso,HTML+PDF,https://id.accademiadellacrusca.org/File/Download?code=76de6120-1d4b-46f7-beec-b3f40ff0b388,"Come si abbrevia, come si scrive e come si legge “24 ore su 24”? | Vittorio Coletti | Pagine | 60 - | PDF"
1481,https://id.accademiadellacrusca.org/articoli/bens-non-significa-inoltre-ma-ma/1481,bens-non-significa-inoltre-ma-ma,"Bensì non significa ‘inoltre’, ma ‘ma’",Consulenze linguistiche,CONSULENZA LINGUISTICA,True,False,"XIII, 2020/2 (aprile-giugno)",425,chiuso,HTML+PDF,https://id.accademiadellacrusca.org/File/Download?code=c05ab8b6-537c-4f73-816c-3be21330a6cd,"Bensì | non significa ‘inoltre’, ma ‘ma’ | Paolo D'Achille | Pagine | 61-62 - | PDF"
1482,https://id.accademiadellacrusca.org/articoli/triage/1482,triage,Triage,Consulenze linguistiche,CONSULENZA LINGUISTICA,True,False,"XIII, 2020/2 (aprile-giugno)",425,chiuso,HTML+PDF,https://id.accademiadellacrusca.org/File/Download?code=73fef4e7-835d-4675-a828-4c67cf857f18,Triage | Miriam Di Carlo | Pagine | 63-70 - | PDF
1483,https://id.accademiadellacrusca.org/articoli/stati-generali/1483,stati-generali,Stati generali,Consulenze linguistiche,CONSULENZA LINGUISTICA,True,False,"XIII, 2020/2 (aprile-giugno)",425,chiuso,HTML+PDF,https://id.accademiadellacrusca.org/File/Download?code=b5990bd4-c289-442b-a202-48df4ba1595c,Stati generali | Claudio Giovanardi | Pagine | 71-72 - | PDF
1484,https://id.accademiadellacrusca.org/articoli/-possibile-evidenziare-le-evidenze-storia-e-fortuna-di-un-calco-anglicizzante/1484,-possibile-evidenziare-le-evidenze-storia-e-fortuna-di-un-calco-anglicizzante,È possibile evidenziare le evidenze ? Storia e fortuna di un calco anglicizzante,Consulenze linguistiche,CONSULENZA LINGUISTICA,True,False,"XIII, 2020/2 (aprile-giugno)",425,chiuso,HTML+PDF,https://id.accademiadellacrusca.org/File/Download?code=36123867-9ca5-40c7-972f-a2eca641075d,È possibile | evidenziare | le | evidenze | ? Storia e fortuna di un calco anglicizzante | Riccardo Gualdo | Pagine | 73-76 - | PDF
476,https://id.accademiadellacrusca.org/articoli/di-krapfen-e-graffe/476,di-krapfen-e-graffe,Di krapfen e graffe,La Crusca rispose,LA CRUSCA RISPOSE,True,False,"XIII, 2020/2 (aprile-giugno)",425,chiuso,HTML+PDF,https://id.accademiadellacrusca.org/File/Download?code=95f8840e-b5ba-486e-8803-7e59cab817d2,Di | krapfen | e | graffe | Vera Gheno | Pagine | 77-80 - | PDF
478,https://id.accademiadellacrusca.org/articoli/qual--il-verbo-pi-adatto-per-la-pizza-condire-guarnire-o-farcire/478,qual--il-verbo-pi-adatto-per-la-pizza-condire-guarnire-o-farcire,"Qual è il verbo più adatto per la pizza: condire , guarnire o farcire ?",La Crusca rispose,LA CRUSCA RISPOSE,True,False,"XIII, 2020/2 (aprile-giugno)",425,chiuso,HTML+PDF,https://id.accademiadellacrusca.org/File/Download?code=7c17380e-fd93-48f7-aecc-9256169d2fe2,"Qual è il verbo più adatto per la pizza: | condire | , | guarnire | o | farcire | ? | Ugo Vignuzzi | Pagine | 81-83 - | PDF"
477,https://id.accademiadellacrusca.org/articoli/andiamo-a-servire-la-risposta/477,andiamo-a-servire-la-risposta,Andiamo a ... servire la risposta!,La Crusca rispose,LA CRUSCA RISPOSE,True,False,"XIII, 2020/2 (aprile-giugno)",425,chiuso,HTML+PDF,https://id.accademiadellacrusca.org/File/Download?code=00189d98-2f23-421d-bf60-47a21f750e08,Andiamo a | ... servire la risposta! | Giovanna Frosini | Pagine | 84-86 - | PDF
461,https://id.accademiadellacrusca.org/articoli/droplet-piccole-gocce-nelloceano-dellinformazione/461,droplet-piccole-gocce-nelloceano-dellinformazione,Droplet : piccole gocce nell’oceano dell’informazione,Parole nuove,PAROLE NUOVE,False,True,"XIII, 2020/2 (aprile-giugno)",425,chiuso,HTML+PDF,https://id.accademiadellacrusca.org/File/Download?code=0c729da9-48ee-4fae-ab43-57cdcbc00f6f,Droplet | : piccole gocce nell’oceano dell’informazione | Miriam Di Carlo | Pagine | 87-93 - | PDF
464,https://id.accademiadellacrusca.org/articoli/microplastica-microplastiche/464,microplastica-microplastiche,Microplastica / microplastiche,Parole nuove,PAROLE NUOVE,False,True,"XIII, 2020/2 (aprile-giugno)",425,chiuso,HTML+PDF,https://id.accademiadellacrusca.org/File/Download?code=5766a1a9-7337-4447-b10b-059f3e398f04,Microplastica | / | microplastiche | Raffaella Setti | Pagine | 94-99 - | PDF
465,https://id.accademiadellacrusca.org/articoli/distanziamento-sociale/465,distanziamento-sociale,Distanziamento sociale,Parole nuove,PAROLE NUOVE,False,True,"XIII, 2020/2 (aprile-giugno)",425,chiuso,HTML+PDF,https://id.accademiadellacrusca.org/File/Download?code=f25c0593-c7da-4c64-b58f-23959d956987,Distanziamento sociale | Luisa di Valvasone | Pagine | 100-107 - | PDF
473,https://id.accademiadellacrusca.org/articoli/litaliano--uscito-dal-lockdown/473,litaliano--uscito-dal-lockdown,L’italiano è uscito dal lockdown,Parole nuove,PAROLE NUOVE,False,True,"XIII, 2020/2 (aprile-giugno)",425,chiuso,HTML+PDF,https://id.accademiadellacrusca.org/File/Download?code=88561a84-2f0f-4151-89d7-a773a1bfaaa2,L’italiano è uscito dal | lockdown | Matilde Paoli | Pagine | 108-121 - | PDF
1500,https://id.accademiadellacrusca.org/articoli/il-vocabolario-dinamico-dell-italiano-moderno-vodim-proposta-di-schede-lessicografiche-per-la-lingua/1500,il-vocabolario-dinamico-dell-italiano-moderno-vodim-proposta-di-schede-lessicografiche-per-la-lingua,Il Vocabolario dinamico dell'italiano moderno (VoDIM): proposta di schede lessicografiche per la lingua dell'arte,Articoli,ARTICOLI,False,False,"XIII, 2020/2 (aprile-giugno)",425,chiuso,HTML+PDF,https://id.accademiadellacrusca.org/File/Download?code=1a3e7bc0-6698-43c7-a654-5ae7b44e8c08,Il | Vocabolario dinamico dell'italiano moderno | (VoDIM): proposta di schede lessicografiche per la lingua dell'arte | Barbara Patella | Pagine | 122-170 - | PDF
458,https://id.accademiadellacrusca.org/articoli/in-margine-a-unepidemia-risvolti-linguistici-di-un-virus-ii-puntata/458,in-margine-a-unepidemia-risvolti-linguistici-di-un-virus-ii-puntata,In margine a un’epidemia: risvolti linguistici di un virus - II puntata,Temi di discussione,TEMI DI DISCUSSIONE,False,False,"XIII, 2020/2 (aprile-giugno)",425,chiuso,HTML+PDF,https://id.accademiadellacrusca.org/File/Download?code=bb1fc80e-4ba3-4f7a-86b6-233e1f962ba4,In margine a un’epidemia: risvolti linguistici di un virus - II puntata | Claudio Marazzini | Pagine | 171-174 - | PDF
459,https://id.accademiadellacrusca.org/articoli/documento-per-la-ripresa-della-vita-scolastica/459,documento-per-la-ripresa-della-vita-scolastica,Documento per la ripresa della vita scolastica,Temi di discussione,TEMI DI DISCUSSIONE,False,False,"XIII, 2020/2 (aprile-giugno)",425,chiuso,HTML+PDF,https://id.accademiadellacrusca.org/File/Download?code=6a6500a8-a081-422a-902c-4e5ba13c2aec,"Documento per la ripresa della vita scolastica | Rita Librandi, Claudio Giovanardi e Francesco Sabatini | Pagine | 175-176 - | PDF"
468,https://id.accademiadellacrusca.org/articoli/litaliano-istituzionale-svizzero-come-parla-la-burocrazia-confederale/468,litaliano-istituzionale-svizzero-come-parla-la-burocrazia-confederale,L’italiano istituzionale svizzero: come parla la burocrazia confederale?,Temi di discussione,TEMI DI DISCUSSIONE,False,False,"XIII, 2020/2 (aprile-giugno)",425,chiuso,HTML+PDF,https://id.accademiadellacrusca.org/File/Download?code=25c30d35-d539-4396-b3ba-5a442a5a42a9,L’italiano istituzionale svizzero: come parla la burocrazia confederale? | Angela Ferrari | Pagine | 177-179 - | PDF
1503,https://id.accademiadellacrusca.org/articoli/notizie-dall-accademia/1503,notizie-dall-accademia,Notizie dall'Accademia,Notizie,NOTIZIE,False,False,"XIII, 2020/2 (aprile-giugno)",425,chiuso,HTML+PDF,https://id.accademiadellacrusca.org/File/Download?code=19d4d311-265b-4315-adbe-ecee4121eed2,Notizie dall'Accademia | Pagine | 180-181 - | PDF
1501,https://id.accademiadellacrusca.org/articoli/bibliografia-della-consulenza-linguistica/1501,bibliografia-della-consulenza-linguistica,Bibliografia della Consulenza linguistica,Bibliografia,BIBLIOGRAFIA,False,False,"XIII, 2020/2 (aprile-giugno)",425,chiuso,HTML+PDF,https://id.accademiadellacrusca.org/File/Download?code=90959b41-ca14-4df7-81b1-6e5aa0104e82,Bibliografia della Consulenza linguistica | Pagine | 182-185 - | PDF
431,https://id.accademiadellacrusca.org/articoli/editoriale-del-direttore/431,editoriale-del-direttore,Editoriale del direttore,Editoriale,EDITORIALE,False,False,"XII, 2020/1 (gennaio-marzo)",344,chiuso,HTML+PDF,https://id.accademiadellacrusca.org/File/Download?code=5ac7e8e7-9c9f-476b-94eb-88b0cfc6a089,Editoriale del direttore | Marco Biffi | Pagine | 1-2 - | PDF
451,https://id.accademiadellacrusca.org/articoli/quando-i-bruciatai-fiorentini-divennero-buzzurri/451,quando-i-bruciatai-fiorentini-divennero-buzzurri,Quando i bruciatai fiorentini divennero buzzurri,Consulenze linguistiche,CONSULENZA LINGUISTICA,True,False,"XII, 2020/1 (gennaio-marzo)",344,chiuso,HTML+PDF,https://id.accademiadellacrusca.org/File/Download?code=cf92d869-88fa-4b41-a40a-ee2ae5076a1d,Quando i bruciatai fiorentini divennero | buzzurri | Pietro Trifone | Pagine | 3-5 - | PDF
452,https://id.accademiadellacrusca.org/articoli/potete-contare-sulla-nostra-risposta/452,potete-contare-sulla-nostra-risposta,Potete contare sulla nostra risposta,Consulenze linguistiche,CONSULENZA LINGUISTICA,True,False,"XII, 2020/1 (gennaio-marzo)",344,chiuso,HTML+PDF,https://id.accademiadellacrusca.org/File/Download?code=00f24d1a-9baf-4425-8403-374c7ee8dff1,Potete | contare sulla | nostra risposta | Vittorio Coletti | Pagine | 6-7 - | PDF
453,https://id.accademiadellacrusca.org/articoli/ci-pu-essere-a-scuola-lassegno-dei-compiti/453,ci-pu-essere-a-scuola-lassegno-dei-compiti,Ci può essere a scuola l’ assegno dei compiti?,Consulenze linguistiche,CONSULENZA LINGUISTICA,True,False,"XII, 2020/1 (gennaio-marzo)",344,chiuso,HTML+PDF,https://id.accademiadellacrusca.org/File/Download?code=c9b48599-2965-4828-b946-7e05b3d7d066,Ci può essere a scuola l’ | assegno | dei compiti? | Paolo D'Achille e Giuseppe Patota | Pagine | 8-9 - | PDF
454,https://id.accademiadellacrusca.org/articoli/fideiussione-o-fidejussione/454,fideiussione-o-fidejussione,Fideiussione o fidejussione ?,Consulenze linguistiche,CONSULENZA LINGUISTICA,True,False,"XII, 2020/1 (gennaio-marzo)",344,chiuso,HTML+PDF,https://id.accademiadellacrusca.org/File/Download?code=6863cdf2-6eca-41bc-ad78-790dfd07dab8,Fideiussione | o | fidejussione | ? | Valeria Della Valle | Pagine | 10-11 - | PDF
455,https://id.accademiadellacrusca.org/articoli/qualche-dubbio-sul-cadavere/455,qualche-dubbio-sul-cadavere,Qualche dubbio sul cadavere ...,Consulenze linguistiche,CONSULENZA LINGUISTICA,True,False,"XII, 2020/1 (gennaio-marzo)",344,chiuso,HTML+PDF,https://id.accademiadellacrusca.org/File/Download?code=ab9f8e3d-a623-4c28-9b34-3bc6bcf1b676,Qualche dubbio sul | cadavere | ... | Luisa di Valvasone | Pagine | 12-19 - | PDF
343,https://id.accademiadellacrusca.org/articoli/la-capitale-dellucraina-kiev-o-kyjiv-kyv/343,la-capitale-dellucraina-kiev-o-kyjiv-kyv,La capitale dell’Ucraina: Kiev o Kyjiv/Kyïv ?,Consulenze linguistiche,CONSULENZA LINGUISTICA,True,False,"XII, 2020/1 (gennaio-marzo)",344,chiuso,HTML+PDF,https://id.accademiadellacrusca.org/File/Download?code=e894149f-4c5d-4f1b-bbcb-b9979cd0ca3b,La capitale dell’Ucraina: | Kiev | o | Kyjiv/Kyïv | ? | Enzo Caffarelli | Pagine | 20-21 - | PDF
345,https://id.accademiadellacrusca.org/articoli/appropriarsi-transitivo-o-intransitivo/345,appropriarsi-transitivo-o-intransitivo,Appropriarsi : transitivo o intransitivo?,Consulenze linguistiche,CONSULENZA LINGUISTICA,True,False,"XII, 2020/1 (gennaio-marzo)",344,chiuso,HTML+PDF,https://id.accademiadellacrusca.org/File/Download?code=5dc17067-cf87-46ce-a201-24cf2c8fc2b0,Appropriarsi | : transitivo o intransitivo? | Raffaella Setti | Pagine | 22-23 - | PDF
370,https://id.accademiadellacrusca.org/articoli/plastic-footprint-limpronta-di-plastica-che-ognuno-di-noi-lascia-sul-pianeta/370,plastic-footprint-limpronta-di-plastica-che-ognuno-di-noi-lascia-sul-pianeta,Plastic footprint : l’impronta (di plastica) che ognuno di noi lascia sul Pianeta,Consulenze linguistiche,CONSULENZA LINGUISTICA,True,False,"XII, 2020/1 (gennaio-marzo)",344,chiuso,HTML+PDF,https://id.accademiadellacrusca.org/File/Download?code=bd7905bb-aba1-4e4a-83a6-6209a1979642,Plastic footprint | : l’impronta (di plastica) che ognuno di noi lascia sul Pianeta | Edoardo Lombardi Vallauri | Pagine | 24-25 - | PDF
373,https://id.accademiadellacrusca.org/articoli/dunoso-dunare-o-dunale/373,dunoso-dunare-o-dunale,"Dunoso , dunare o dunale ?",Consulenze linguistiche,CONSULENZA LINGUISTICA,True,False,"XII, 2020/1 (gennaio-marzo)",344,chiuso,HTML+PDF,https://id.accademiadellacrusca.org/File/Download?code=9199faee-3cfa-42c6-9435-b3fc682065a7,"Dunoso | , | dunare | o | dunale | ? | Valeria Della Valle | Pagine | 26-27 - | PDF"
374,https://id.accademiadellacrusca.org/articoli/vi-rispondiamo-per-il-giusto-tramite/374,vi-rispondiamo-per-il-giusto-tramite,Vi rispondiamo… per il giusto tramite,Consulenze linguistiche,CONSULENZA LINGUISTICA,True,False,"XII, 2020/1 (gennaio-marzo)",344,chiuso,HTML+PDF,https://id.accademiadellacrusca.org/File/Download?code=78babd80-d6f2-4085-a5f6-2dd579197983,Vi rispondiamo… per il giusto | tramite | Sara Giovine | Pagine | 28-32 - | PDF
375,https://id.accademiadellacrusca.org/articoli/bnaco-o-benaco/375,bnaco-o-benaco,Bènaco o Benaco ?,Consulenze linguistiche,CONSULENZA LINGUISTICA,True,False,"XII, 2020/1 (gennaio-marzo)",344,chiuso,HTML+PDF,https://id.accademiadellacrusca.org/File/Download?code=139722cd-98a6-4d54-b330-b5a977286fbc,Bènaco | o | Benaco | ? | Enzo Caffarelli | Pagine | 33-34 - | PDF
377,https://id.accademiadellacrusca.org/articoli/sulluso-di-una-nuova-congiunzione-due-barra-tre-annotazioni/377,sulluso-di-una-nuova-congiunzione-due-barra-tre-annotazioni,Sull’uso di una nuova congiunzione: due barra tre annotazioni,Consulenze linguistiche,CONSULENZA LINGUISTICA,True,False,"XII, 2020/1 (gennaio-marzo)",344,chiuso,HTML+PDF,https://id.accademiadellacrusca.org/File/Download?code=4fae5b02-4c70-4703-b650-8a17653b863b,Sull’uso di una nuova congiunzione: due | barra | tre annotazioni | Barbara Patella | Pagine | 35-39 - | PDF
380,https://id.accademiadellacrusca.org/articoli/allo-stato-possiamo-dare-via-libera/380,allo-stato-possiamo-dare-via-libera,"Allo stato , possiamo dare via libera!",Consulenze linguistiche,CONSULENZA LINGUISTICA,True,False,"XII, 2020/1 (gennaio-marzo)",344,chiuso,HTML+PDF,https://id.accademiadellacrusca.org/File/Download?code=6be42f20-2800-45e9-97e5-df20f4a62004,"Allo stato | , possiamo dare via libera! | Vittorio Coletti | Pagine | 40-41 - | PDF"
381,https://id.accademiadellacrusca.org/articoli/non-oso-o-non-mi-oso/381,non-oso-o-non-mi-oso,Non oso o non mi oso ?,Consulenze linguistiche,CONSULENZA LINGUISTICA,True,False,"XII, 2020/1 (gennaio-marzo)",344,chiuso,HTML+PDF,https://id.accademiadellacrusca.org/File/Download?code=bdfeba3f-c126-4672-8835-b5fa072fdd17,Non oso | o | non mi oso | ? | Massimo Cerruti | Pagine | 42-43 - | PDF
382,https://id.accademiadellacrusca.org/articoli/se--sindacale-spetta-al-sindaco-o-al-sindacato/382,se--sindacale-spetta-al-sindaco-o-al-sindacato,Se è sindacale spetta al sindaco o al sindacato ?,Consulenze linguistiche,CONSULENZA LINGUISTICA,True,False,"XII, 2020/1 (gennaio-marzo)",344,chiuso,HTML+PDF,https://id.accademiadellacrusca.org/File/Download?code=7b6bc618-541e-409a-bfc7-83e129c9b34e,Se è | sindacale | spetta al | sindaco | o al | sindacato | ? | Paolo D'Achille | Pagine | 44-45 - | PDF
386,https://id.accademiadellacrusca.org/articoli/rport-di-un-anglismo/386,rport-di-un-anglismo,Rèport di un anglismo,Consulenze linguistiche,CONSULENZA LINGUISTICA,True,False,"XII, 2020/1 (gennaio-marzo)",344,chiuso,HTML+PDF,https://id.accademiadellacrusca.org/File/Download?code=459a2bf5-9d74-453b-883b-35f54887aa37,Rèport | di un anglismo | Miriam Di Carlo | Pagine | 46-51 - | PDF
394,https://id.accademiadellacrusca.org/articoli/cortilivo-o-cortilizio-vanno-bene-entrambi/394,cortilivo-o-cortilizio-vanno-bene-entrambi,Cortilivo o cortilizio ? Vanno bene entrambi!,Consulenze linguistiche,CONSULENZA LINGUISTICA,True,False,"XII, 2020/1 (gennaio-marzo)",344,chiuso,HTML+PDF,https://id.accademiadellacrusca.org/File/Download?code=5a506a1e-7ba4-4154-9069-a94ae4860be6,Cortilivo | o | cortilizio | ? Vanno bene entrambi! | Vittorio Coletti | Pagine | 52-53 - | PDF
409,https://id.accademiadellacrusca.org/articoli/vi-raccontiamo-la-qualunque/409,vi-raccontiamo-la-qualunque,Vi raccontiamo la qualunque,Consulenze linguistiche,CONSULENZA LINGUISTICA,True,False,"XII, 2020/1 (gennaio-marzo)",344,chiuso,HTML+PDF,https://id.accademiadellacrusca.org/File/Download?code=2cf14b31-b610-4a50-a9f9-3c7ff47cfba3,Vi raccontiamo | la qualunque | Claudio Giovanardi | Pagine | 54-55 - | PDF
417,https://id.accademiadellacrusca.org/articoli/siamo-tutti-responsabili-per-o-di-qualcosa/417,siamo-tutti-responsabili-per-o-di-qualcosa,Siamo tutti responsabili per o di qualcosa,Consulenze linguistiche,CONSULENZA LINGUISTICA,True,False,"XII, 2020/1 (gennaio-marzo)",344,chiuso,HTML+PDF,https://id.accademiadellacrusca.org/File/Download?code=002bf4b0-f3a8-4ba1-aba0-977238313a41,Siamo tutti | responsabili per | o | di | qualcosa | Ilaria Bonomi | Pagine | 56-57 - | PDF
418,https://id.accademiadellacrusca.org/articoli/la-crusca-risponde-ogni-tre-per-due-o-ogni-due-per-tre/418,la-crusca-risponde-ogni-tre-per-due-o-ogni-due-per-tre,La Crusca risponde ogni tre per due o ogni due per tre ?,Consulenze linguistiche,CONSULENZA LINGUISTICA,True,False,"XII, 2020/1 (gennaio-marzo)",344,chiuso,HTML+PDF,https://id.accademiadellacrusca.org/File/Download?code=e34b12e1-6f27-4e9d-9e07-235c285897e1,La Crusca risponde | ogni tre per due | o | ogni due per tre | ? | Matilde Paoli | Pagine | 58-62 - | PDF
419,https://id.accademiadellacrusca.org/articoli/bei-tempi-quando-a-milano-si-andava-allexpo-in-metr/419,bei-tempi-quando-a-milano-si-andava-allexpo-in-metr,Bei tempi quando a Milano si andava all’ Expo in metrò !,Consulenze linguistiche,CONSULENZA LINGUISTICA,True,False,"XII, 2020/1 (gennaio-marzo)",344,chiuso,HTML+PDF,https://id.accademiadellacrusca.org/File/Download?code=983e8c52-9675-4383-820e-b765148af315,Bei tempi quando a Milano si andava all’ | Expo | in | metrò | ! | Paolo D'Achille | Pagine | 63-65 - | PDF
420,https://id.accademiadellacrusca.org/articoli/una-quarantena-pu-durare-anche-solo-quattordici-giorni/420,una-quarantena-pu-durare-anche-solo-quattordici-giorni,Una quarantena può durare anche “solo” quattordici giorni,Consulenze linguistiche,CONSULENZA LINGUISTICA,True,False,"XII, 2020/1 (gennaio-marzo)",344,chiuso,HTML+PDF,https://id.accademiadellacrusca.org/File/Download?code=bb937e00-cd5a-4cd1-8347-3c58192da693,Una | quarantena | può durare anche “solo” quattordici giorni | Lorenzo Tomasin | Pagine | 66-67 - | PDF
421,https://id.accademiadellacrusca.org/articoli/il-prezzo-pu-essere-ivato/421,il-prezzo-pu-essere-ivato,Il prezzo può essere ivato,Consulenze linguistiche,CONSULENZA LINGUISTICA,True,False,"XII, 2020/1 (gennaio-marzo)",344,chiuso,HTML+PDF,https://id.accademiadellacrusca.org/File/Download?code=e8c49243-f1bf-4f3c-a22d-e5abaabc8fff,Il prezzo può essere | ivato | Vittorio Coletti | Pagine | 68-69 - | PDF
422,https://id.accademiadellacrusca.org/articoli/sportello-del-al-per-il-cittadino/422,sportello-del-al-per-il-cittadino,Sportello del/al/per il cittadino,Consulenze linguistiche,CONSULENZA LINGUISTICA,True,False,"XII, 2020/1 (gennaio-marzo)",344,chiuso,HTML+PDF,https://id.accademiadellacrusca.org/File/Download?code=eedbcbd5-379d-4022-ba2c-f10e7719432b,Sportello del/al/per | il cittadino | Ilaria Bonomi | Pagine | 70-71 - | PDF
423,https://id.accademiadellacrusca.org/articoli/da-dove-vengono-cosa-significano-e-come-si-usano-sfiga-sfigato-e-che-figo-fico/423,da-dove-vengono-cosa-significano-e-come-si-usano-sfiga-sfigato-e-che-figo-fico,"Da dove vengono, cosa significano e come si usano sfiga , sfigato e ( che ) figo/fico",Consulenze linguistiche,CONSULENZA LINGUISTICA,True,False,"XII, 2020/1 (gennaio-marzo)",344,chiuso,HTML+PDF,https://id.accademiadellacrusca.org/File/Download?code=e7e3eee2-4c2f-4341-ab48-301b30c3cbaa,"Da dove vengono, cosa significano e come si usano | sfiga | , | sfigato | e ( | che | ) | figo/fico | Michele Loporcaro | Pagine | 72-76 - | PDF"
434,https://id.accademiadellacrusca.org/articoli/fare-un-biscotto/434,fare-un-biscotto,Fare un biscotto,La Crusca rispose,LA CRUSCA RISPOSE,True,False,"XII, 2020/1 (gennaio-marzo)",344,chiuso,HTML+PDF,https://id.accademiadellacrusca.org/File/Download?code=6411ee0c-eb4d-46b9-a11c-7518f8a8d1fb,Fare un biscotto | Mara Marzullo | Pagine | 77-78 - | PDF
435,https://id.accademiadellacrusca.org/articoli/scendere-in-campo-mettere-in-campo/435,scendere-in-campo-mettere-in-campo,Scendere in campo / mettere in campo,La Crusca rispose,LA CRUSCA RISPOSE,True,False,"XII, 2020/1 (gennaio-marzo)",344,chiuso,HTML+PDF,https://id.accademiadellacrusca.org/File/Download?code=fb89e074-96fa-47da-b72d-4c1f0cbf3663,Scendere in campo | / | mettere in campo | Mario Piotti | Pagine | 79-82 - | PDF
436,https://id.accademiadellacrusca.org/articoli/limportante--essere-della-partita/436,limportante--essere-della-partita,L’importante è essere della partita,La Crusca rispose,LA CRUSCA RISPOSE,True,False,"XII, 2020/1 (gennaio-marzo)",344,chiuso,HTML+PDF,https://id.accademiadellacrusca.org/File/Download?code=3f63cca8-87a6-4f47-a1df-2058811be006,L’importante è | essere della partita | Claudio Giovanardi | Pagine | 83 - | PDF
449,https://id.accademiadellacrusca.org/articoli/coronavirus-un-nome-comune-di-virus-per-una-malattia-non-comune/449,coronavirus-un-nome-comune-di-virus-per-una-malattia-non-comune,Coronavirus : un nome comune (di virus) per una malattia non comune,Parole nuove,PAROLE NUOVE,False,True,"XII, 2020/1 (gennaio-marzo)",344,chiuso,HTML+PDF,https://id.accademiadellacrusca.org/File/Download?code=4808829d-7821-4e33-aa40-0a418ae9dcba,Coronavirus | : un nome comune (di virus) per una malattia non comune | Sara Giovine | Pagine | 84-89 - | PDF
450,https://id.accademiadellacrusca.org/articoli/vecchi-modi-di-viaggiare-nuovi-modi-di-parlare-su-camperizzare-e-camperizzazione/450,vecchi-modi-di-viaggiare-nuovi-modi-di-parlare-su-camperizzare-e-camperizzazione,"Vecchi modi di viaggiare, nuovi modi di parlare? Su camperizzare e camperizzazione",Parole nuove,PAROLE NUOVE,False,True,"XII, 2020/1 (gennaio-marzo)",344,chiuso,HTML+PDF,https://id.accademiadellacrusca.org/File/Download?code=85824848-69c9-4845-af7e-2bf0ebb1eab8,"Vecchi modi di viaggiare, nuovi modi di parlare? Su | camperizzare | e | camperizzazione | Luisa di Valvasone | Pagine | 90-94 - | PDF"
448,https://id.accademiadellacrusca.org/articoli/coding/448,coding,Coding,Parole nuove,PAROLE NUOVE,False,True,"XII, 2020/1 (gennaio-marzo)",344,chiuso,HTML+PDF,https://id.accademiadellacrusca.org/File/Download?code=c74d9b6b-8e64-43f4-9e58-acb12d1a4082,Coding | Lucia Francalanci | Pagine | 95-101 - | PDF
438,https://id.accademiadellacrusca.org/articoli/lingue-beni-collettivi-immateriali-che-spesso-e-per-fortuna-si-materializzano/438,lingue-beni-collettivi-immateriali-che-spesso-e-per-fortuna-si-materializzano,"Lingue: beni collettivi immateriali, che spesso, e per fortuna, si materializzano",Articoli,ARTICOLI,False,False,"XII, 2020/1 (gennaio-marzo)",344,chiuso,HTML+PDF,https://id.accademiadellacrusca.org/File/Download?code=1b8368d9-a2b4-4d98-839d-60469c71d332,"Lingue: beni collettivi immateriali, che spesso, e per fortuna, si materializzano | Claudio Marazzini | Pagine | 102-110 - | PDF"
437,https://id.accademiadellacrusca.org/articoli/carlo-negroni-dantista-e-accademico-della-crusca/437,carlo-negroni-dantista-e-accademico-della-crusca,Carlo Negroni dantista e accademico della Crusca,Articoli,ARTICOLI,False,False,"XII, 2020/1 (gennaio-marzo)",344,chiuso,HTML+PDF,https://id.accademiadellacrusca.org/File/Download?code=c730b278-d05e-498b-a8fb-d3b267eef8a1,Carlo Negroni dantista e accademico della Crusca | Claudio Marazzini | Pagine | 111-117 - | PDF
439,https://id.accademiadellacrusca.org/articoli/dare-voce-allincompetenza-un-grande-male-del-nostro-tempo/439,dare-voce-allincompetenza-un-grande-male-del-nostro-tempo,Dare voce all’incompetenza: un grande male del nostro tempo,Temi di discussione,TEMI DI DISCUSSIONE,False,False,"XII, 2020/1 (gennaio-marzo)",344,chiuso,HTML+PDF,https://id.accademiadellacrusca.org/File/Download?code=a8bb0e33-86f2-48e5-9608-bbd7fea24ad5,Dare voce all’incompetenza: un grande male del nostro tempo | Claudio Marazzini | Pagine | 118-119 - | PDF
440,https://id.accademiadellacrusca.org/articoli/nuova-vitalit-dellantica-tradizione-delle-pale-accademiche/440,nuova-vitalit-dellantica-tradizione-delle-pale-accademiche,Nuova vitalità dell’antica tradizione delle “pale accademiche”,Temi di discussione,TEMI DI DISCUSSIONE,False,False,"XII, 2020/1 (gennaio-marzo)",344,chiuso,HTML+PDF,https://id.accademiadellacrusca.org/File/Download?code=c5cc83c7-c126-4842-b8c4-45ba40ce9dbf,Nuova vitalità dell’antica tradizione delle “pale accademiche” | Claudio Marazzini | Pagine | 120-125 - | PDF
441,https://id.accademiadellacrusca.org/articoli/in-margine-a-unepidemia-risvolti-linguistici-di-un-virus/441,in-margine-a-unepidemia-risvolti-linguistici-di-un-virus,In margine a un’epidemia: risvolti linguistici di un virus,Temi di discussione,TEMI DI DISCUSSIONE,False,False,"XII, 2020/1 (gennaio-marzo)",344,chiuso,HTML+PDF,https://id.accademiadellacrusca.org/File/Download?code=02934092-b066-4d99-a906-14357974f065,In margine a un’epidemia: risvolti linguistici di un virus | Claudio Marazzini | Pagine | 126-130 - | PDF
442,https://id.accademiadellacrusca.org/articoli/oggi-siamo-tutti-dantofili--il-primo-danted-della-storia/442,oggi-siamo-tutti-dantofili--il-primo-danted-della-storia,Oggi siamo tutti dantofili: è il primo Dantedì della storia,Temi di discussione,TEMI DI DISCUSSIONE,False,False,"XII, 2020/1 (gennaio-marzo)",344,chiuso,HTML+PDF,https://id.accademiadellacrusca.org/File/Download?code=d726b31a-3fc1-4f0a-8881-d63c13cff23e,Oggi siamo tutti dantofili: è il primo Dantedì della storia | Claudio Marazzini | Pagine | 131-136 - | PDF
433,https://id.accademiadellacrusca.org/articoli/notizie-dall-accademia/433,notizie-dall-accademia,Notizie dall'Accademia,Notizie,NOTIZIE,False,False,"XII, 2020/1 (gennaio-marzo)",344,chiuso,HTML+PDF,https://id.accademiadellacrusca.org/File/Download?code=f4377ef7-878f-44f7-ade6-b002edf626cb,Notizie dall'Accademia | A cura del comitato di redazione | Pagine | 137-138 - | PDF
432,https://id.accademiadellacrusca.org/articoli/bibliografia-della-consulenza-linguistica/432,bibliografia-della-consulenza-linguistica,Bibliografia della Consulenza linguistica,Bibliografia,BIBLIOGRAFIA,False,False,"XII, 2020/1 (gennaio-marzo)",344,chiuso,HTML+PDF,https://id.accademiadellacrusca.org/File/Download?code=aabf2655-01ca-48dd-b440-8826ce1e9bd8,Bibliografia della Consulenza linguistica | Pagine | 139-142 - | PDF
429,https://id.accademiadellacrusca.org/articoli/editoriale-del-direttore/429,editoriale-del-direttore,Editoriale del direttore,Editoriale,EDITORIALE,False,False,"XI, 2019/4 (ottobre-dicembre)",372,chiuso,HTML+PDF,https://id.accademiadellacrusca.org/File/Download?code=4b2c2ea4-b8b4-4543-b021-bdbe70ce9075,Editoriale del direttore | Marco Biffi | Pagine | 1-2 - | PDF
408,https://id.accademiadellacrusca.org/articoli/pedncola/408,pedncola,Pedàncola,Consulenze linguistiche,CONSULENZA LINGUISTICA,True,False,"XI, 2019/4 (ottobre-dicembre)",372,chiuso,HTML+PDF,https://id.accademiadellacrusca.org/File/Download?code=934e4bae-85eb-4e76-8b0e-11d004cefae2,Pedàncola | Massimo Cerruti | Pagine | 3-4 - | PDF
407,https://id.accademiadellacrusca.org/articoli/dove-vivono-i-sudafricani/407,dove-vivono-i-sudafricani,Dove vivono i sudafricani?,Consulenze linguistiche,CONSULENZA LINGUISTICA,True,False,"XI, 2019/4 (ottobre-dicembre)",372,chiuso,HTML+PDF,https://id.accademiadellacrusca.org/File/Download?code=9d72039d-5fab-4c04-9998-f6f8dfe07087,Dove vivono i sudafricani? | Enzo Caffarelli | Pagine | 5-6 - | PDF
406,https://id.accademiadellacrusca.org/articoli/boicottare-boicottaggio/406,boicottare-boicottaggio,Boicottare - boicottaggio,Consulenze linguistiche,CONSULENZA LINGUISTICA,True,False,"XI, 2019/4 (ottobre-dicembre)",372,chiuso,HTML+PDF,https://id.accademiadellacrusca.org/File/Download?code=8376bf99-9752-4043-9c45-7c136c017e09,Boicottare | - | boicottaggio | Domenico Proietti | Pagine | 7-8 - | PDF
405,https://id.accademiadellacrusca.org/articoli/pcaro-e-picaresco/405,pcaro-e-picaresco,Pìcaro e picaresco,Consulenze linguistiche,CONSULENZA LINGUISTICA,True,False,"XI, 2019/4 (ottobre-dicembre)",372,chiuso,HTML+PDF,https://id.accademiadellacrusca.org/File/Download?code=88f82519-0c74-43af-8f45-6539f4092c89,Pìcaro | e | picaresco | Rita Librandi | Pagine | 9-11 - | PDF
404,https://id.accademiadellacrusca.org/articoli/un-profilo-professionale-di-altri-tempi-il-fondachiere/404,un-profilo-professionale-di-altri-tempi-il-fondachiere,Un profilo professionale di altri tempi: il fondachiere,Consulenze linguistiche,CONSULENZA LINGUISTICA,True,False,"XI, 2019/4 (ottobre-dicembre)",372,chiuso,HTML+PDF,https://id.accademiadellacrusca.org/File/Download?code=05225533-b6b5-4dce-a826-e20e4dc01a36,Un profilo professionale di altri tempi: il | fondachiere | Matilde Paoli | Pagine | 12-17 - | PDF
403,https://id.accademiadellacrusca.org/articoli/le-abbreviazioni-di-destra-e-sinistra/403,le-abbreviazioni-di-destra-e-sinistra,Le abbreviazioni di destra e sinistra,Consulenze linguistiche,CONSULENZA LINGUISTICA,True,False,"XI, 2019/4 (ottobre-dicembre)",372,chiuso,HTML+PDF,https://id.accademiadellacrusca.org/File/Download?code=3fd1aee5-b260-4cae-a434-424b7d447d12,Le abbreviazioni di | destra | e | sinistra | Miriam Di Carlo | Pagine | 18-22 - | PDF
402,https://id.accademiadellacrusca.org/articoli/muso-franco-e-maron-dubbi-lessicali-da-un-figaro-allaltro/402,muso-franco-e-maron-dubbi-lessicali-da-un-figaro-allaltro,Muso franco e maronè : dubbi lessicali da un Figaro all’altro,Consulenze linguistiche,CONSULENZA LINGUISTICA,True,False,"XI, 2019/4 (ottobre-dicembre)",372,chiuso,HTML+PDF,https://id.accademiadellacrusca.org/File/Download?code=08452ec5-fbde-4893-98e5-3519dfc4c963,Muso franco | e | maronè | : dubbi lessicali da un Figaro all’altro | Paolo D'Achille | Pagine | 23-25 - | PDF
401,https://id.accademiadellacrusca.org/articoli/imparare-e-insegnare-non-sono-la-stessa-cosa/401,imparare-e-insegnare-non-sono-la-stessa-cosa,Imparare e insegnare non sono la stessa cosa,Consulenze linguistiche,CONSULENZA LINGUISTICA,True,False,"XI, 2019/4 (ottobre-dicembre)",372,chiuso,HTML+PDF,https://id.accademiadellacrusca.org/File/Download?code=8879b08d-9dd0-46eb-9a71-60507138f2b8,Imparare | e | insegnare | non sono la stessa cosa | Riccardo Cimaglia | Pagine | 26-28 - | PDF
400,https://id.accademiadellacrusca.org/articoli/forese/400,forese,Forese,Consulenze linguistiche,CONSULENZA LINGUISTICA,True,False,"XI, 2019/4 (ottobre-dicembre)",372,chiuso,HTML+PDF,https://id.accademiadellacrusca.org/File/Download?code=0129498b-6281-4ee4-8f7d-e443627e27a0,Forese | Manuela Manfredini | Pagine | 29-32 - | PDF
399,https://id.accademiadellacrusca.org/articoli/sovente-di-sovente-soventemente-e-spesso-che-differenza-c/399,sovente-di-sovente-soventemente-e-spesso-che-differenza-c,"Sovente , di sovente , soventemente (e spesso ): che differenza c’è?",Consulenze linguistiche,CONSULENZA LINGUISTICA,True,False,"XI, 2019/4 (ottobre-dicembre)",372,chiuso,HTML+PDF,https://id.accademiadellacrusca.org/File/Download?code=692f4ebf-65f5-4647-820a-133ab927fde6,"Sovente | , | di sovente | , | soventemente | (e | spesso | ): che differenza c’è? | Massimo Cerruti | Pagine | 33-35 - | PDF"
398,https://id.accademiadellacrusca.org/articoli/siciliano-lamiea/398,siciliano-lamiea,Siciliano lamie ḍḍ a,Consulenze linguistiche,CONSULENZA LINGUISTICA,True,False,"XI, 2019/4 (ottobre-dicembre)",372,chiuso,HTML+PDF,https://id.accademiadellacrusca.org/File/Download?code=1ba9eac2-5c71-4e99-a062-6d6531ee8908,Siciliano | lamie | ḍḍ | a | Roberto Sottile | Pagine | 36-39 - | PDF
397,https://id.accademiadellacrusca.org/articoli/c-pieno-di--pieno-di/397,c-pieno-di--pieno-di,C’è pieno di … / È pieno di …,Consulenze linguistiche,CONSULENZA LINGUISTICA,True,False,"XI, 2019/4 (ottobre-dicembre)",372,chiuso,HTML+PDF,https://id.accademiadellacrusca.org/File/Download?code=39836d87-0f4f-43c9-935c-61e1216d2582,C’è pieno di | … / | È pieno di | … | Domenico Proietti | Pagine | 40-41 - | PDF
396,https://id.accademiadellacrusca.org/articoli/segregare-segregazione--sequestrare-sequestrazione/396,segregare-segregazione--sequestrare-sequestrazione,"Segregare , segregazione – sequestrare , sequestrazione",Consulenze linguistiche,CONSULENZA LINGUISTICA,True,False,"XI, 2019/4 (ottobre-dicembre)",372,chiuso,HTML+PDF,https://id.accademiadellacrusca.org/File/Download?code=8172cea2-d984-439a-a8f4-de8fdbafdf21,"Segregare | , | segregazione | – | sequestrare | , | sequestrazione | Rita Librandi | Pagine | 42-43 - | PDF"
395,https://id.accademiadellacrusca.org/articoli/cancrena-o-gangrena-o-cangrena-per-me-pari-sono/395,cancrena-o-gangrena-o-cangrena-per-me-pari-sono,Cancrena o gangrena (o cangrena ) per me pari sono,Consulenze linguistiche,CONSULENZA LINGUISTICA,True,False,"XI, 2019/4 (ottobre-dicembre)",372,chiuso,HTML+PDF,https://id.accademiadellacrusca.org/File/Download?code=e001ae82-5849-4763-9954-94a48f368826,Cancrena | o | gangrena | (o | cangrena | ) per me pari sono | Paolo D'Achille | Pagine | 44-46 - | PDF
393,https://id.accademiadellacrusca.org/articoli/un-idea-di-unicit-l-idiosincrasia/393,un-idea-di-unicit-l-idiosincrasia,Un'idea di unicità: l' idiosincrasia,Consulenze linguistiche,CONSULENZA LINGUISTICA,True,False,"XI, 2019/4 (ottobre-dicembre)",372,chiuso,HTML+PDF,https://id.accademiadellacrusca.org/File/Download?code=2cef1ae8-2f7d-4552-9009-29c40880ea5a,Un'idea di unicità: l' | idiosincrasia | Mariella Canzani | Pagine | 47-52 - | PDF
392,https://id.accademiadellacrusca.org/articoli/annichilare-o-annichilire/392,annichilare-o-annichilire,Annichilare o annichilire ?,Consulenze linguistiche,CONSULENZA LINGUISTICA,True,False,"XI, 2019/4 (ottobre-dicembre)",372,chiuso,HTML+PDF,https://id.accademiadellacrusca.org/File/Download?code=de4e323d-85b1-44d9-a83d-c1dfc40d1b9e,Annichilare | o | annichilire | ? | Vittorio Coletti | Pagine | 53-54 - | PDF
391,https://id.accademiadellacrusca.org/articoli/anche-i-buoni-si-possono-redimere-cerchiamo-di-dirimere-la-questione/391,anche-i-buoni-si-possono-redimere-cerchiamo-di-dirimere-la-questione,Anche i buoni si possono redimere ? Cerchiamo di dirimere la questione,Consulenze linguistiche,CONSULENZA LINGUISTICA,True,False,"XI, 2019/4 (ottobre-dicembre)",372,chiuso,HTML+PDF,https://id.accademiadellacrusca.org/File/Download?code=83aa6fc0-d2cd-485c-bc8e-ebfb51bfbc64,Anche i buoni si possono | redimere | ? Cerchiamo di | dirimere | la questione | Matilde Paoli | Pagine | 55-59 - | PDF
390,https://id.accademiadellacrusca.org/articoli/vi-auguriamo-buone-feste-ci-si-rivede-non-si-ci-rivede-dopo-le-vacanze-natalizie/390,vi-auguriamo-buone-feste-ci-si-rivede-non-si-ci-rivede-dopo-le-vacanze-natalizie,Vi auguriamo buone feste: ci si rivede (non si ci rivede !) dopo le vacanze natalizie,Consulenze linguistiche,CONSULENZA LINGUISTICA,True,False,"XI, 2019/4 (ottobre-dicembre)",372,chiuso,HTML+PDF,https://id.accademiadellacrusca.org/File/Download?code=58855816-7298-44a2-abd9-6db35f12ef5c,Vi auguriamo buone feste: | ci si rivede | (non | si ci rivede | !) dopo le vacanze natalizie | Paolo D'Achille | Pagine | 60-61 - | PDF
389,https://id.accademiadellacrusca.org/articoli/il-catfish-dei-social--un-pesce-o-un-gatto-sicuramente--un-falso/389,il-catfish-dei-social--un-pesce-o-un-gatto-sicuramente--un-falso,Il catfish dei social è un pesce o un gatto? Sicuramente è un falso!,Consulenze linguistiche,CONSULENZA LINGUISTICA,True,False,"XI, 2019/4 (ottobre-dicembre)",372,chiuso,HTML+PDF,https://id.accademiadellacrusca.org/File/Download?code=b129f096-77ea-4d44-82fb-723fc73cd706,Il | catfish | dei social è un pesce o un gatto? Sicuramente è un falso! | Paolo D'Achille | Pagine | 62-64 - | PDF
412,https://id.accademiadellacrusca.org/articoli/l-aggettivo-valanghivo-riferito-a-valanga/412,l-aggettivo-valanghivo-riferito-a-valanga,L'aggettivo valanghivo riferito a valanga,La Crusca rispose,LA CRUSCA RISPOSE,True,False,"XI, 2019/4 (ottobre-dicembre)",372,chiuso,HTML+PDF,https://id.accademiadellacrusca.org/File/Download?code=28d49706-9f55-43d8-964c-03809f6d7f3f,L'aggettivo | valanghivo | riferito a valanga | Matilde Paoli | Pagine | 65-66 - | PDF
410,https://id.accademiadellacrusca.org/articoli/il-mistero-della-galaverna/410,il-mistero-della-galaverna,Il mistero della galaverna,La Crusca rispose,LA CRUSCA RISPOSE,True,False,"XI, 2019/4 (ottobre-dicembre)",372,chiuso,HTML+PDF,https://id.accademiadellacrusca.org/File/Download?code=b3e7a953-f194-485b-96bb-bb57b9510b16,Il mistero della | galaverna | Matilde Paoli | Pagine | 67-71 - | PDF
411,https://id.accademiadellacrusca.org/articoli/ma-che-freddo-fa-come-si-rabbrividisce-in-toscana/411,ma-che-freddo-fa-come-si-rabbrividisce-in-toscana,Ma che freddo fa? Come si rabbrividisce in Toscana,La Crusca rispose,LA CRUSCA RISPOSE,True,False,"XI, 2019/4 (ottobre-dicembre)",372,chiuso,HTML+PDF,https://id.accademiadellacrusca.org/File/Download?code=000ef7f1-24d6-46fc-9a9e-0e9dee1848fe,Ma che freddo fa? Come si rabbrividisce in Toscana | Matilde Paoli | Pagine | 72-84 - | PDF
414,https://id.accademiadellacrusca.org/articoli/disiscrivere-e-disiscriversi-oggi-si-pu/414,disiscrivere-e-disiscriversi-oggi-si-pu,Disiscrivere e disiscriversi : oggi si può,Parole nuove,PAROLE NUOVE,False,True,"XI, 2019/4 (ottobre-dicembre)",372,chiuso,HTML+PDF,https://id.accademiadellacrusca.org/File/Download?code=d35c8374-f669-4792-9f13-fc43d6c2e289,Disiscrivere | e | disiscriversi | : oggi si può | Luisa di Valvasone | Pagine | 85-88 - | PDF
415,https://id.accademiadellacrusca.org/articoli/-meglio-accordarsi-sulluso-di-fasarsi-e-settarsi/415,-meglio-accordarsi-sulluso-di-fasarsi-e-settarsi,È meglio accordarsi sull’uso di fasarsi e settarsi,Parole nuove,PAROLE NUOVE,False,True,"XI, 2019/4 (ottobre-dicembre)",372,chiuso,HTML+PDF,https://id.accademiadellacrusca.org/File/Download?code=768fbd10-cb41-43f4-9136-c11b570cee7f,È meglio accordarsi sull’uso di | fasarsi | e | settarsi | Sara Giovine | Pagine | 89-93 - | PDF
416,https://id.accademiadellacrusca.org/articoli/un-pasto-rapido-e-salutare-usiamo-un-cuociriso/416,un-pasto-rapido-e-salutare-usiamo-un-cuociriso,Un pasto rapido e salutare? Usiamo un cuociriso,Parole nuove,PAROLE NUOVE,False,True,"XI, 2019/4 (ottobre-dicembre)",372,chiuso,HTML+PDF,https://id.accademiadellacrusca.org/File/Download?code=beb7e48b-4f99-48d2-974a-814d0ac1385d,Un pasto rapido e salutare? Usiamo un | cuociriso | Miriam Di Carlo | Pagine | 94-99 - | PDF
456,https://id.accademiadellacrusca.org/articoli/donne-di-crusca/456,donne-di-crusca,Donne di Crusca,Articoli,ARTICOLI,False,False,"XI, 2019/4 (ottobre-dicembre)",372,chiuso,HTML+PDF,https://id.accademiadellacrusca.org/File/Download?code=ae20f4bf-c5f1-4a8a-9d3b-0ac13aac8dbd,Donne di Crusca | Giovanna Frosini | Pagine | 100 - | PDF
333,https://id.accademiadellacrusca.org/articoli/franca-brambilla-ageno-e-laccademia-della-crusca/333,franca-brambilla-ageno-e-laccademia-della-crusca,Franca Brambilla Ageno e l’Accademia della Crusca,Articoli,ARTICOLI,False,False,"XI, 2019/4 (ottobre-dicembre)",372,chiuso,HTML+PDF,https://id.accademiadellacrusca.org/File/Download?code=f49b7b9d-2619-41df-b797-b42cd0a56794,Franca Brambilla Ageno e l’Accademia della Crusca | Elisabetta Benucci | Pagine | 101-113 - | PDF
336,https://id.accademiadellacrusca.org/articoli/ritagli-di-lingua-uno-sguardo-sulle-carte-linguistiche-di-franca-brambilla-ageno-allaccademia-della-/336,ritagli-di-lingua-uno-sguardo-sulle-carte-linguistiche-di-franca-brambilla-ageno-allaccademia-della-,Ritagli di lingua: uno sguardo sulle carte linguistiche di Franca Brambilla Ageno all’Accademia della Crusca,Articoli,ARTICOLI,False,False,"XI, 2019/4 (ottobre-dicembre)",372,chiuso,HTML+PDF,https://id.accademiadellacrusca.org/File/Download?code=84143ca1-94e7-4f54-9a5f-d7f8e0105b5c,Ritagli di lingua: uno sguardo sulle carte linguistiche di Franca Brambilla Ageno all’Accademia della Crusca | Caterina Canneti | Pagine | 114-121 - | PDF
332,https://id.accademiadellacrusca.org/articoli/je-dcline-lhonneur-dtre-un-ange-dai-tpoi-letterari-ai-clich-della-canzone/332,je-dcline-lhonneur-dtre-un-ange-dai-tpoi-letterari-ai-clich-della-canzone,""" Je décline l’honneur d’être un ange "". Dai tòpoi letterari ai cliché della canzone",Articoli,ARTICOLI,False,False,"XI, 2019/4 (ottobre-dicembre)",372,chiuso,HTML+PDF,https://id.accademiadellacrusca.org/File/Download?code=0b0587db-4a3a-4828-9f36-999cf7385b23,""" | Je décline l’honneur d’être un ange | "". Dai tòpoi letterari ai cliché della canzone | Francesca  De Blasi | Pagine | 122-126 - | PDF"
334,https://id.accademiadellacrusca.org/articoli/io-canto-per-me-stereotipi-e-rivoluzioni-della-figura-femminile-nelle-canzoni-di-mina/334,io-canto-per-me-stereotipi-e-rivoluzioni-della-figura-femminile-nelle-canzoni-di-mina,"""Io canto per me"". Stereotipi e rivoluzioni della figura femminile nelle canzoni di Mina",Articoli,ARTICOLI,False,False,"XI, 2019/4 (ottobre-dicembre)",372,chiuso,HTML+PDF,https://id.accademiadellacrusca.org/File/Download?code=8a5417fc-baee-416d-adac-f16630a88d1e,"""Io canto per me"". Stereotipi e rivoluzioni della figura femminile nelle canzoni di Mina | Chiara Murru | Pagine | 127-134 - | PDF"
331,https://id.accademiadellacrusca.org/articoli/ornella-vanoni-ricetta-di-donna-alcune-osservazioni-linguistiche/331,ornella-vanoni-ricetta-di-donna-alcune-osservazioni-linguistiche,"Ornella Vanoni, Ricetta di donna : alcune osservazioni linguistiche",Articoli,ARTICOLI,False,False,"XI, 2019/4 (ottobre-dicembre)",372,chiuso,HTML+PDF,https://id.accademiadellacrusca.org/File/Download?code=57ffa34a-61c2-4e78-89f0-feaa4c4a4c8b,"Ornella Vanoni, | Ricetta di donna | : alcune osservazioni linguistiche | Francesca Cialdini | Pagine | 135-141 - | PDF"
335,https://id.accademiadellacrusca.org/articoli/una-donna-con-la-d-maiuscola-analisi-di-bsame-giuda-di-carmen-consoli/335,una-donna-con-la-d-maiuscola-analisi-di-bsame-giuda-di-carmen-consoli,"""Una donna con la D maiuscola"". Analisi di Bésame Giuda di Carmen Consoli",Articoli,ARTICOLI,False,False,"XI, 2019/4 (ottobre-dicembre)",372,chiuso,HTML+PDF,https://id.accademiadellacrusca.org/File/Download?code=187fa959-29ed-4c6f-852f-b16abec655a1,"""Una donna con la D maiuscola"". Analisi di | Bésame Giuda | di Carmen Consoli | Veronica Ricotta | Pagine | 142-149 - | PDF"
413,https://id.accademiadellacrusca.org/articoli/italiano-in-autostrada/413,italiano-in-autostrada,Italiano in autostrada,Temi di discussione,TEMI DI DISCUSSIONE,False,False,"XI, 2019/4 (ottobre-dicembre)",372,chiuso,HTML+PDF,https://id.accademiadellacrusca.org/File/Download?code=7acaaa61-ba2e-47a0-8e50-302f8d453116,Italiano in autostrada | Vittorio Coletti | Pagine | 150-151 - | PDF
428,https://id.accademiadellacrusca.org/articoli/notizie-dall-accademia/428,notizie-dall-accademia,Notizie dall'Accademia,Notizie,NOTIZIE,False,False,"XI, 2019/4 (ottobre-dicembre)",372,chiuso,HTML+PDF,https://id.accademiadellacrusca.org/File/Download?code=1b778a95-688e-49ad-8e5c-aae7ee6141c0,Notizie dall'Accademia | Pagine | 152-155 - | PDF
427,https://id.accademiadellacrusca.org/articoli/bibliografia-della-consulenza-linguistica/427,bibliografia-della-consulenza-linguistica,Bibliografia della Consulenza linguistica,Bibliografia,BIBLIOGRAFIA,False,False,"XI, 2019/4 (ottobre-dicembre)",372,chiuso,HTML+PDF,https://id.accademiadellacrusca.org/File/Download?code=df61cb27-c9c5-4c1c-b687-26d1cef08328,Bibliografia della Consulenza linguistica | Pagine | 156-159 - | PDF
368,https://id.accademiadellacrusca.org/articoli/editoriale-del-direttore/368,editoriale-del-direttore,Editoriale del direttore,Editoriale,EDITORIALE,False,False,"X, 2019/3 (luglio-settembre)",288,chiuso,HTML+PDF,https://id.accademiadellacrusca.org/File/Download?code=2062f6de-8838-4207-a42e-eabbdcf441e5,Editoriale del direttore | Marco Biffi | Pagine | 1-2 - | PDF
346,https://id.accademiadellacrusca.org/articoli/anche-un-uomo-pu-essere-entusiasta/346,anche-un-uomo-pu-essere-entusiasta,Anche un uomo può essere entusiasta,Consulenze linguistiche,CONSULENZA LINGUISTICA,True,False,"X, 2019/3 (luglio-settembre)",288,chiuso,HTML+PDF,https://id.accademiadellacrusca.org/File/Download?code=758f6562-3eee-49d6-8ef7-8c62ef4c5eff,Anche un uomo può essere | entusiasta | Sara Giovine | Pagine | 3-5 - | PDF
347,https://id.accademiadellacrusca.org/articoli/buonismo-buonista-falso-buonismo-e-cattivismo/347,buonismo-buonista-falso-buonismo-e-cattivismo,"Buonismo , buonista , falso buonismo e cattivismo",Consulenze linguistiche,CONSULENZA LINGUISTICA,True,False,"X, 2019/3 (luglio-settembre)",288,chiuso,HTML+PDF,https://id.accademiadellacrusca.org/File/Download?code=00f83111-bd91-46a5-9d46-c2ab90ed1ca9,"Buonismo | , | buonista | , | falso buonismo | e | cattivismo | Giuseppe Patota | Pagine | 6-7 - | PDF"
348,https://id.accademiadellacrusca.org/articoli/in-spregio-o-in-sfregio-qualche-chiarimento-in-merito/348,in-spregio-o-in-sfregio-qualche-chiarimento-in-merito,In spregio o in sfregio ? Qualche chiarimento in merito,Consulenze linguistiche,CONSULENZA LINGUISTICA,True,False,"X, 2019/3 (luglio-settembre)",288,chiuso,HTML+PDF,https://id.accademiadellacrusca.org/File/Download?code=b61734ce-ae88-459b-9d0c-f1b8f1a8eb99,In spregio | o | in sfregio | ? Qualche chiarimento in merito | Vittorio Coletti | Pagine | 8-9 - | PDF
349,https://id.accademiadellacrusca.org/articoli/un-tecnicismo-dellarchitettura-di-provenienza-napoletana-ornia/349,un-tecnicismo-dellarchitettura-di-provenienza-napoletana-ornia,Un tecnicismo dell’architettura di provenienza napoletana: ornia,Consulenze linguistiche,CONSULENZA LINGUISTICA,True,False,"X, 2019/3 (luglio-settembre)",288,chiuso,HTML+PDF,https://id.accademiadellacrusca.org/File/Download?code=41d76f83-c871-42cf-98bf-a3cd013811f2,Un tecnicismo dell’architettura di provenienza napoletana: | ornia | Matteo Mazzone | Pagine | 10-14 - | PDF
350,https://id.accademiadellacrusca.org/articoli/stipula-e-stipulazione/350,stipula-e-stipulazione,Stipula e stipulazione,Consulenze linguistiche,CONSULENZA LINGUISTICA,True,False,"X, 2019/3 (luglio-settembre)",288,chiuso,HTML+PDF,https://id.accademiadellacrusca.org/File/Download?code=9699b7c4-624d-4670-9f53-795f2420e3cc,Stipula | e | stipulazione | Anna M. Thornton | Pagine | 15-16 - | PDF
351,https://id.accademiadellacrusca.org/articoli/presso-usato-con-valore-differente-da-vicino-a/351,presso-usato-con-valore-differente-da-vicino-a,Presso usato con valore differente da ‘vicino a’,Consulenze linguistiche,CONSULENZA LINGUISTICA,True,False,"X, 2019/3 (luglio-settembre)",288,chiuso,HTML+PDF,https://id.accademiadellacrusca.org/File/Download?code=c9bba7ff-f5ae-41fc-99ab-b67b2ab4184e,Presso | usato con valore differente da ‘vicino a’ | Bruno Moretti | Pagine | 17-19 - | PDF
352,https://id.accademiadellacrusca.org/articoli/afferriamo-la-questione-cerchiamo-sempre-di-essere-ferrati-in-materia-e-non-commettiamo-mai-gesti-ef/352,afferriamo-la-questione-cerchiamo-sempre-di-essere-ferrati-in-materia-e-non-commettiamo-mai-gesti-ef,Afferriamo la questione: cerchiamo sempre di essere ferrati in materia e non commettiamo mai gesti efferati,Consulenze linguistiche,CONSULENZA LINGUISTICA,True,False,"X, 2019/3 (luglio-settembre)",288,chiuso,HTML+PDF,https://id.accademiadellacrusca.org/File/Download?code=2ff95298-faf3-49b4-a566-35c0d2391337,Afferriamo | la questione: cerchiamo sempre di essere | ferrati | in materia e non commettiamo mai gesti | efferati | Raffaella Setti | Pagine | 20-23 - | PDF
353,https://id.accademiadellacrusca.org/articoli/sovrascrizione-e-sovrascrittura/353,sovrascrizione-e-sovrascrittura,Sovrascrizione e sovrascrittura,Consulenze linguistiche,CONSULENZA LINGUISTICA,True,False,"X, 2019/3 (luglio-settembre)",288,chiuso,HTML+PDF,https://id.accademiadellacrusca.org/File/Download?code=1fe8b77b-525f-4162-8e48-273e73336afe,Sovrascrizione | e | sovrascrittura | Valeria Della Valle | Pagine | 24-25 - | PDF
354,https://id.accademiadellacrusca.org/articoli/millennial/354,millennial,Millennial,Consulenze linguistiche,CONSULENZA LINGUISTICA,True,False,"X, 2019/3 (luglio-settembre)",288,chiuso,HTML+PDF,https://id.accademiadellacrusca.org/File/Download?code=153b96e6-8bfb-46cb-81ba-fdde47ccc04b,Millennial | Cristina Torchia | Pagine | 26-34 - | PDF
355,https://id.accademiadellacrusca.org/articoli/ci-possiamo-squagliare/355,ci-possiamo-squagliare,Ci possiamo squagliare ?,Consulenze linguistiche,CONSULENZA LINGUISTICA,True,False,"X, 2019/3 (luglio-settembre)",288,chiuso,HTML+PDF,https://id.accademiadellacrusca.org/File/Download?code=421e7304-4752-44a4-838a-a564cf44c6e0,Ci possiamo | squagliare | ? | Paolo D'Achille | Pagine | 35-37 - | PDF
356,https://id.accademiadellacrusca.org/articoli/vegano-o-veghiano/356,vegano-o-veghiano,Vegano o veghiano ?,Consulenze linguistiche,CONSULENZA LINGUISTICA,True,False,"X, 2019/3 (luglio-settembre)",288,chiuso,HTML+PDF,https://id.accademiadellacrusca.org/File/Download?code=2f4ad29d-8fb7-44e0-8f0f-53e982e86360,Vegano | o | veghiano | ? | Enzo Caffarelli | Pagine | 38-40 - | PDF
357,https://id.accademiadellacrusca.org/articoli/c-necessit-di-necessariet/357,c-necessit-di-necessariet,C’è necessità di necessarietà,Consulenze linguistiche,CONSULENZA LINGUISTICA,True,False,"X, 2019/3 (luglio-settembre)",288,chiuso,HTML+PDF,https://id.accademiadellacrusca.org/File/Download?code=e0e44f54-71b1-4270-ad14-7e34a56aad89,C’è necessità di | necessarietà | Claudio Giovanardi | Pagine | 41-42 - | PDF
358,https://id.accademiadellacrusca.org/articoli/partecipato--un-aggettivo/358,partecipato--un-aggettivo,Partecipato è un aggettivo?,Consulenze linguistiche,CONSULENZA LINGUISTICA,True,False,"X, 2019/3 (luglio-settembre)",288,chiuso,HTML+PDF,https://id.accademiadellacrusca.org/File/Download?code=1f71a7d9-025d-418e-99e9-e817df5c4d7f,Partecipato | è un aggettivo? | Giuseppe Patota | Pagine | 43 - | PDF
359,https://id.accademiadellacrusca.org/articoli/si-pu-bocciare-o-soltanto-essere-bocciati/359,si-pu-bocciare-o-soltanto-essere-bocciati,Si può bocciare ? O soltanto essere bocciati ?,Consulenze linguistiche,CONSULENZA LINGUISTICA,True,False,"X, 2019/3 (luglio-settembre)",288,chiuso,HTML+PDF,https://id.accademiadellacrusca.org/File/Download?code=6fb6f747-c0ad-48e7-8be0-63ec0500d746,Si può | bocciare | ? O soltanto | essere bocciati | ? | Vittorio Coletti | Pagine | 44-46 - | PDF
360,https://id.accademiadellacrusca.org/articoli/sul-verbo-redire/360,sul-verbo-redire,Sul verbo redire,Consulenze linguistiche,CONSULENZA LINGUISTICA,True,False,"X, 2019/3 (luglio-settembre)",288,chiuso,HTML+PDF,https://id.accademiadellacrusca.org/File/Download?code=b27050f6-a390-4660-9c93-72c9ffab6409,Sul verbo | redire | Luca Serianni | Pagine | 47 - | PDF
361,https://id.accademiadellacrusca.org/articoli/disassociare-dissociare/361,disassociare-dissociare,"Disassociare , dissociare",Consulenze linguistiche,CONSULENZA LINGUISTICA,True,False,"X, 2019/3 (luglio-settembre)",288,chiuso,HTML+PDF,https://id.accademiadellacrusca.org/File/Download?code=dd5cf9c1-4162-4788-b325-dfeede7d9f7f,"Disassociare | , | dissociare | Domenico Proietti | Pagine | 48-49 - | PDF"
364,https://id.accademiadellacrusca.org/articoli/balneatore/364,balneatore,Balneatore,La Crusca rispose,LA CRUSCA RISPOSE,True,False,"X, 2019/3 (luglio-settembre)",288,chiuso,HTML+PDF,https://id.accademiadellacrusca.org/File/Download?code=5fb8c62f-5164-46a3-8279-47272f649ec4,Balneatore | Matilde Paoli | Pagine | 50-52 - | PDF
362,https://id.accademiadellacrusca.org/articoli/fa-caldo/362,fa-caldo,Fa caldo!!!,La Crusca rispose,LA CRUSCA RISPOSE,True,False,"X, 2019/3 (luglio-settembre)",288,chiuso,HTML+PDF,https://id.accademiadellacrusca.org/File/Download?code=4eac83f9-b4be-481c-a4e9-ff0b2a17fa18,Fa caldo!!! | Matilde Paoli | Pagine | 53-54 - | PDF
363,https://id.accademiadellacrusca.org/articoli/dagli-scranni-accademici-alle-sdraio-sdraie-sdrai/363,dagli-scranni-accademici-alle-sdraio-sdraie-sdrai,Dagli scranni accademici alle sdraio ... sdraie ... sdrai ???,La Crusca rispose,LA CRUSCA RISPOSE,True,False,"X, 2019/3 (luglio-settembre)",288,chiuso,HTML+PDF,https://id.accademiadellacrusca.org/File/Download?code=5c19717e-85be-4ed1-b48a-4d2ad6ef18e9,Dagli scranni accademici alle | sdraio | ... | sdraie | ... | sdrai | ??? | Matilde Paoli | Pagine | 55-56 - | PDF
322,https://id.accademiadellacrusca.org/articoli/anagrafare-e-anagrafatura/322,anagrafare-e-anagrafatura,Anagrafare e anagrafatura,Parole nuove,PAROLE NUOVE,False,True,"X, 2019/3 (luglio-settembre)",288,chiuso,HTML+PDF,https://id.accademiadellacrusca.org/File/Download?code=2c60695a-b633-4717-b4a5-3bfb560bb568,Anagrafare | e | anagrafatura | Luisa di Valvasone | Pagine | 57-60 - | PDF
365,https://id.accademiadellacrusca.org/articoli/sextortion-una-minaccia-anche-per-la-nostra-lingua/365,sextortion-una-minaccia-anche-per-la-nostra-lingua,Sextortion : una minaccia (anche) per la nostra lingua?,Parole nuove,PAROLE NUOVE,False,True,"X, 2019/3 (luglio-settembre)",288,chiuso,HTML+PDF,https://id.accademiadellacrusca.org/File/Download?code=f4731885-2265-4861-81c8-ee25774258c4,Sextortion | : una minaccia (anche) per la nostra lingua? | Sara Giovine | Pagine | 61-64 - | PDF
387,https://id.accademiadellacrusca.org/articoli/il-foodie-parlare-di-cibo-non--stato-mai-cos-virale/387,il-foodie-parlare-di-cibo-non--stato-mai-cos-virale,Il foodie : parlare di cibo non è stato mai così virale,Parole nuove,PAROLE NUOVE,False,True,"X, 2019/3 (luglio-settembre)",288,chiuso,HTML+PDF,https://id.accademiadellacrusca.org/File/Download?code=190addb8-dc3d-44fc-a416-d064725667dd,Il | foodie | : parlare di cibo non è stato mai così virale | Miriam Di Carlo | Pagine | 65-69 - | PDF
338,https://id.accademiadellacrusca.org/articoli/il-morire-e-la-morte-oggi-breve-riflessione-linguistica/338,il-morire-e-la-morte-oggi-breve-riflessione-linguistica,Il morire e la morte oggi. Breve riflessione linguistica,Articoli,ARTICOLI,False,False,"X, 2019/3 (luglio-settembre)",288,chiuso,HTML+PDF,https://id.accademiadellacrusca.org/File/Download?code=beaccf8b-577e-4fc3-b38c-90d5199d8c3d,Il morire e la morte oggi. Breve riflessione linguistica | Ludovica Maconi | Pagine | 70-73 - | PDF
388,https://id.accademiadellacrusca.org/articoli/dignit/388,dignit,Dignità,Articoli,ARTICOLI,False,False,"X, 2019/3 (luglio-settembre)",288,chiuso,HTML+PDF,https://id.accademiadellacrusca.org/File/Download?code=46fdcb8a-9ca2-4fe6-bd3a-ddc9e70e5b26,Dignità | Maria Cristina Torchia | Pagine | 74-78 - | PDF
337,https://id.accademiadellacrusca.org/articoli/eutanasia/337,eutanasia,Eutanasia,Articoli,ARTICOLI,False,False,"X, 2019/3 (luglio-settembre)",288,chiuso,HTML+PDF,https://id.accademiadellacrusca.org/File/Download?code=ac61c599-42aa-4d3c-9f2a-63b702c57400,Eutanasia | Matilde Paoli | Pagine | 79-85 - | PDF
445,https://id.accademiadellacrusca.org/articoli/il-morire-e-lordinamento-giuridico-riflessioni-linguistiche-sulle-parole-della-scelta/445,il-morire-e-lordinamento-giuridico-riflessioni-linguistiche-sulle-parole-della-scelta,Il morire e l’ordinamento giuridico. Riflessioni linguistiche sulle parole della scelta,Articoli,ARTICOLI,False,False,"X, 2019/3 (luglio-settembre)",288,chiuso,HTML+PDF,https://id.accademiadellacrusca.org/File/Download?code=3621e3c4-1664-4912-be53-ba5a81076374,Il morire e l’ordinamento giuridico. Riflessioni linguistiche sulle parole della | scelta | Marco Biffi | Pagine | 86-91 - | PDF
366,https://id.accademiadellacrusca.org/articoli/la-competenza-linguistica-dei-giovani-italiani-cosa-c--al-di-l-dei-numeri/366,la-competenza-linguistica-dei-giovani-italiani-cosa-c--al-di-l-dei-numeri,La competenza linguistica dei giovani italiani: cosa c'è al di là dei numeri?,Temi di discussione,TEMI DI DISCUSSIONE,False,False,"X, 2019/3 (luglio-settembre)",288,chiuso,HTML+PDF,https://id.accademiadellacrusca.org/File/Download?code=8a096e21-9c9b-4f2f-a200-9baa20612b61,La competenza linguistica dei giovani italiani: cosa c'è al di là dei numeri? | Rosario Coluccia | Pagine | 92-95 - | PDF
367,https://id.accademiadellacrusca.org/articoli/notizie-dall-accademia/367,notizie-dall-accademia,Notizie dall'Accademia,Notizie,NOTIZIE,False,False,"X, 2019/3 (luglio-settembre)",288,chiuso,HTML+PDF,https://id.accademiadellacrusca.org/File/Download?code=f7abf231-59c7-49ea-95d9-492d1233338d,Notizie dall'Accademia | A cura del comitato di redazione | Pagine | 96-97 - | PDF
369,https://id.accademiadellacrusca.org/articoli/bibliografia-della-consulenza-linguistica/369,bibliografia-della-consulenza-linguistica,Bibliografia della Consulenza linguistica,Bibliografia,BIBLIOGRAFIA,False,False,"X, 2019/3 (luglio-settembre)",288,chiuso,HTML+PDF,https://id.accademiadellacrusca.org/File/Download?code=6d664a29-d944-4e9f-8347-0312a1eb1369,Bibliografia della Consulenza linguistica | Pagine | 98-101 - | PDF
446,https://id.accademiadellacrusca.org/articoli/codice-etico/446,codice-etico,Codice etico,Appendice,APPENDICE,False,False,"X, 2019/3 (luglio-settembre)",288,chiuso,HTML+PDF,https://id.accademiadellacrusca.org/File/Download?code=4d5ddd69-e528-46ad-8499-fd071b947b1c,Codice etico | Pagine | 102-104 - | PDF
325,https://id.accademiadellacrusca.org/articoli/editoriale-del-direttore/325,editoriale-del-direttore,Editoriale del direttore,Editoriale,EDITORIALE,False,False,"IX, 2019/2 (aprile-giugno)",287,chiuso,HTML+PDF,https://id.accademiadellacrusca.org/File/Download?code=0baf4083-76cb-496c-84f2-ea07b001ebf0,Editoriale del direttore | Marco Biffi | Pagine | 1-2 - | PDF
290,https://id.accademiadellacrusca.org/articoli/ammartiamo-meglio-di-no/290,ammartiamo-meglio-di-no,Ammartiamo ? Meglio di no.,Consulenze linguistiche,CONSULENZA LINGUISTICA,True,False,"IX, 2019/2 (aprile-giugno)",287,chiuso,HTML+PDF,https://id.accademiadellacrusca.org/File/Download?code=f7d43549-4e66-487b-946b-027c46d7aaa0,Ammartiamo | ? Meglio di no. | Enzo Caffarelli | Pagine | 3-4 - | PDF
291,https://id.accademiadellacrusca.org/articoli/gambia--prevalentemente-maschile-e-gambiani-sono-i-suoi-abitanti/291,gambia--prevalentemente-maschile-e-gambiani-sono-i-suoi-abitanti,Gambia è (prevalentemente) maschile e gambiani sono i suoi abitanti,Consulenze linguistiche,CONSULENZA LINGUISTICA,True,False,"IX, 2019/2 (aprile-giugno)",287,chiuso,HTML+PDF,https://id.accademiadellacrusca.org/File/Download?code=363b0836-8d9d-4886-b867-89a027c7fb33,Gambia | è (prevalentemente) maschile e | gambiani | sono i suoi abitanti | Paolo D'Achille | Pagine | 5-7 - | PDF
292,https://id.accademiadellacrusca.org/articoli/la-tecnicalit--un-prestito-di-lusso/292,la-tecnicalit--un-prestito-di-lusso,La tecnicalità è un (prestito di) lusso?,Consulenze linguistiche,CONSULENZA LINGUISTICA,True,False,"IX, 2019/2 (aprile-giugno)",287,chiuso,HTML+PDF,https://id.accademiadellacrusca.org/File/Download?code=aac29ea4-0120-49c8-83bb-9927c9ff48f4,La | tecnicalità | è un (prestito di) lusso? | Matilde Paoli | Pagine | 8-16 - | PDF
293,https://id.accademiadellacrusca.org/articoli/la-luce-si-apre-o-si-accende/293,la-luce-si-apre-o-si-accende,La luce si apre o si accende ?,Consulenze linguistiche,CONSULENZA LINGUISTICA,True,False,"IX, 2019/2 (aprile-giugno)",287,chiuso,HTML+PDF,https://id.accademiadellacrusca.org/File/Download?code=b1b643d1-db92-4083-bf36-e85cdac08a7f,La luce | si apre | o | si accende | ? | Vittorio Coletti | Pagine | 17-18 - | PDF
294,https://id.accademiadellacrusca.org/articoli/quando-si-tasta-con-il-gusto/294,quando-si-tasta-con-il-gusto,Quando si tasta con il gusto,Consulenze linguistiche,CONSULENZA LINGUISTICA,True,False,"IX, 2019/2 (aprile-giugno)",287,chiuso,HTML+PDF,https://id.accademiadellacrusca.org/File/Download?code=a89c2855-d649-48a2-a747-c33e2db07d5c,Quando si | tasta | con il gusto | Veronica Boschi | Pagine | 19-21 - | PDF
295,https://id.accademiadellacrusca.org/articoli/passiodomini-nostri-iesu-christi/295,passiodomini-nostri-iesu-christi,Passio Domini nostri Iesu Christi,Consulenze linguistiche,CONSULENZA LINGUISTICA,True,False,"IX, 2019/2 (aprile-giugno)",287,chiuso,HTML+PDF,https://id.accademiadellacrusca.org/File/Download?code=fab077f9-2764-4430-bec8-c9c4c0ab0bdf,Passio Domini nostri Iesu Christi | Mariella  Canzani | Pagine | 22-25 - | PDF
296,https://id.accademiadellacrusca.org/articoli/ma-chi-sono-questi-norreni/296,ma-chi-sono-questi-norreni,Ma chi sono questi norreni ?,Consulenze linguistiche,CONSULENZA LINGUISTICA,True,False,"IX, 2019/2 (aprile-giugno)",287,chiuso,HTML+PDF,https://id.accademiadellacrusca.org/File/Download?code=cc511562-5882-4242-9744-a3273dc4d6ce,Ma chi sono questi | norreni | ? | Enzo Caffarelli | Pagine | 26-27 - | PDF
297,https://id.accademiadellacrusca.org/articoli/vi-vogliamo-dissuadere-o-persuadere/297,vi-vogliamo-dissuadere-o-persuadere,Vi vogliamo dissuadere o persuadere ?,Consulenze linguistiche,CONSULENZA LINGUISTICA,True,False,"IX, 2019/2 (aprile-giugno)",287,chiuso,HTML+PDF,https://id.accademiadellacrusca.org/File/Download?code=4ed5fad7-53dd-4f9d-85f6-3e353a6a923c,Vi vogliamo | dissuadere | o | persuadere | ? | Rossella Varvara | Pagine | 28-31 - | PDF
298,https://id.accademiadellacrusca.org/articoli/know-how--possibile-tradurlo/298,know-how--possibile-tradurlo,Know how : è possibile tradurlo?,Consulenze linguistiche,CONSULENZA LINGUISTICA,True,False,"IX, 2019/2 (aprile-giugno)",287,chiuso,HTML+PDF,https://id.accademiadellacrusca.org/File/Download?code=3fefaf98-f28c-4110-964c-12dd84be924b,Know how | : è possibile tradurlo? | Claudio Giovanardi | Pagine | 32-33 - | PDF
299,https://id.accademiadellacrusca.org/articoli/una-risposta-forbita/299,una-risposta-forbita,Una risposta forbita,Consulenze linguistiche,CONSULENZA LINGUISTICA,True,False,"IX, 2019/2 (aprile-giugno)",287,chiuso,HTML+PDF,https://id.accademiadellacrusca.org/File/Download?code=2e0e4249-a942-4310-a393-0111340bf3d1,Una risposta | forbita | Sara Giovine | Pagine | 34-37 - | PDF
300,https://id.accademiadellacrusca.org/articoli/essere-in-controllo-o-avere-sotto-controllo/300,essere-in-controllo-o-avere-sotto-controllo,Essere in controllo o avere sotto controllo ?,Consulenze linguistiche,CONSULENZA LINGUISTICA,True,False,"IX, 2019/2 (aprile-giugno)",287,chiuso,HTML+PDF,https://id.accademiadellacrusca.org/File/Download?code=e6776c3a-d1da-4889-90d0-fa3e2a5f1fde,Essere | in controllo | o | avere sotto controllo | ? | Giuseppe Patota | Pagine | 38 - | PDF
301,https://id.accademiadellacrusca.org/articoli/non-mettiamo-troppa-carne-al-fuoco-dai-vegetariani-ai-flexitariani/301,non-mettiamo-troppa-carne-al-fuoco-dai-vegetariani-ai-flexitariani,Non mettiamo troppa carne al fuoco: dai vegetariani ai flexitariani,Consulenze linguistiche,CONSULENZA LINGUISTICA,True,False,"IX, 2019/2 (aprile-giugno)",287,chiuso,HTML+PDF,https://id.accademiadellacrusca.org/File/Download?code=8df50516-6cc3-42fd-ae3a-83f780b834e7,Non mettiamo troppa carne al fuoco: dai | vegetariani | ai | flexitariani | Barbara Patella | Pagine | 39-44 - | PDF
302,https://id.accademiadellacrusca.org/articoli/sbagliatamente-non-comune-ma-corretto/302,sbagliatamente-non-comune-ma-corretto,"Sbagliatamente ? Non comune, ma corretto",Consulenze linguistiche,CONSULENZA LINGUISTICA,True,False,"IX, 2019/2 (aprile-giugno)",287,chiuso,HTML+PDF,https://id.accademiadellacrusca.org/File/Download?code=437cc413-3002-4169-8fa3-eefd551c74e7,"Sbagliatamente | ? Non comune, ma corretto | Salvatore Claudio Sgroi | Pagine | 45-46 - | PDF"
304,https://id.accademiadellacrusca.org/articoli/un-panzerotto-in-bocca-italiana/304,un-panzerotto-in-bocca-italiana,Un panzerotto in bocca italiana!,Consulenze linguistiche,CONSULENZA LINGUISTICA,True,False,"IX, 2019/2 (aprile-giugno)",287,chiuso,HTML+PDF,https://id.accademiadellacrusca.org/File/Download?code=a5809f3a-1271-49a7-9506-a43507c957b6,Un | panzerotto | in bocca italiana! | Miriam Di Carlo | Pagine | 47-52 - | PDF
305,https://id.accademiadellacrusca.org/articoli/a-proposito-di-ebbimo/305,a-proposito-di-ebbimo,A proposito di ebbimo,Consulenze linguistiche,CONSULENZA LINGUISTICA,True,False,"IX, 2019/2 (aprile-giugno)",287,chiuso,HTML+PDF,https://id.accademiadellacrusca.org/File/Download?code=f97d2233-b8e6-4f8f-bf87-3a0f489ab84b,A proposito di | ebbimo | Luca Serianni | Pagine | 53-54 - | PDF
306,https://id.accademiadellacrusca.org/articoli/luso-di-body-shaming--una-vergogna/306,luso-di-body-shaming--una-vergogna,L’uso di body shaming è una vergogna?,Consulenze linguistiche,CONSULENZA LINGUISTICA,True,False,"IX, 2019/2 (aprile-giugno)",287,chiuso,HTML+PDF,https://id.accademiadellacrusca.org/File/Download?code=e960f62f-cbe1-4403-82e1-e55b7b47c183,L’uso di | body shaming | è una vergogna? | Edoardo Lombardi Vallauri | Pagine | 55-56 - | PDF
307,https://id.accademiadellacrusca.org/articoli/di-controlleria-sui-treni-delle-ferrovie-dello-stato-italiane-non-si-parla-pi-ma-il-controllo-dei-bi/307,di-controlleria-sui-treni-delle-ferrovie-dello-stato-italiane-non-si-parla-pi-ma-il-controllo-dei-bi,Di controlleria sui treni delle Ferrovie dello Stato Italiane non si parla più (ma il controllo dei biglietti resta!),Consulenze linguistiche,CONSULENZA LINGUISTICA,True,False,"IX, 2019/2 (aprile-giugno)",287,chiuso,HTML+PDF,https://id.accademiadellacrusca.org/File/Download?code=8bf5f587-3628-410c-a591-0bab8d995d53,Di | controlleria | sui treni delle Ferrovie dello Stato Italiane non si parla più (ma il controllo dei biglietti resta!) | Paolo D'Achille | Pagine | 57-58 - | PDF
308,https://id.accademiadellacrusca.org/articoli/in-fermo-restando-fermo-non-resta-fermo/308,in-fermo-restando-fermo-non-resta-fermo,"In fermo restando , fermo non resta fermo...",Consulenze linguistiche,CONSULENZA LINGUISTICA,True,False,"IX, 2019/2 (aprile-giugno)",287,chiuso,HTML+PDF,https://id.accademiadellacrusca.org/File/Download?code=55b684f6-b43f-4585-ba25-33454c9c9e4d,"In | fermo restando | , | fermo | non resta fermo... | Vittorio Coletti | Pagine | 59-61 - | PDF"
309,https://id.accademiadellacrusca.org/articoli/di-norma-oggi-non-si-procede-in-ordini-sparsi/309,di-norma-oggi-non-si-procede-in-ordini-sparsi,"Di norma, oggi non si procede in ordini sparsi",Consulenze linguistiche,CONSULENZA LINGUISTICA,True,False,"IX, 2019/2 (aprile-giugno)",287,chiuso,HTML+PDF,https://id.accademiadellacrusca.org/File/Download?code=1692a807-9af5-4966-b223-fa819363d99f,"Di norma, oggi non si procede | in ordini sparsi | Kevin De Vecchis | Pagine | 62-64 - | PDF"
310,https://id.accademiadellacrusca.org/articoli/ma-questa-geisha--giapponese-italiana-o-inglese/310,ma-questa-geisha--giapponese-italiana-o-inglese,"Ma questa Geisha è giapponese, italiana o inglese?",Consulenze linguistiche,CONSULENZA LINGUISTICA,True,False,"IX, 2019/2 (aprile-giugno)",287,chiuso,HTML+PDF,https://id.accademiadellacrusca.org/File/Download?code=2518d9f6-7e4a-487a-ae60-00f88a1e8df5,"Ma questa | Geisha | è giapponese, italiana o inglese? | Paolo D'Achille | Pagine | 65-68 - | PDF"
311,https://id.accademiadellacrusca.org/articoli/ammesso-e-non-concesso-che-si-possa-usare-anche-dato-e-non-concesso/311,ammesso-e-non-concesso-che-si-possa-usare-anche-dato-e-non-concesso,Ammesso e non concesso che si possa usare anche dato e non concesso,Consulenze linguistiche,CONSULENZA LINGUISTICA,True,False,"IX, 2019/2 (aprile-giugno)",287,chiuso,HTML+PDF,https://id.accademiadellacrusca.org/File/Download?code=636b121a-b7de-4c6b-85e0-b4974cae4ff1,Ammesso e non concesso | che si possa usare anche | dato e non concesso | Luisa di Valvasone | Pagine | 69-72 - | PDF
312,https://id.accademiadellacrusca.org/articoli/come-muoversi-a-piedi-tra-i-tanti-derivati-da-pedone-pedonale-pedonalizzato-pedonabile-pedonabilit/312,come-muoversi-a-piedi-tra-i-tanti-derivati-da-pedone-pedonale-pedonalizzato-pedonabile-pedonabilit,"Come muoversi (a piedi), tra i tanti derivati da pedone ? Pedonale , pedonalizzato , pedonabile , pedonabilità",Consulenze linguistiche,CONSULENZA LINGUISTICA,True,False,"IX, 2019/2 (aprile-giugno)",287,chiuso,HTML+PDF,https://id.accademiadellacrusca.org/File/Download?code=d84b71e8-4828-4ea4-8af7-ca9123568930,"Come muoversi (a piedi), tra i tanti derivati da | pedone | ? | Pedonale | , | pedonalizzato | , | pedonabile | , | pedonabilità | Edoardo Lombardi Vallauri | Pagine | 73-75 - | PDF"
313,https://id.accademiadellacrusca.org/articoli/si-pu-anche-imprestare-qualcosa-ma-prestateci-attenzione/313,si-pu-anche-imprestare-qualcosa-ma-prestateci-attenzione,"Si può anche imprestare qualcosa, ma prestateci attenzione!",Consulenze linguistiche,CONSULENZA LINGUISTICA,True,False,"IX, 2019/2 (aprile-giugno)",287,chiuso,HTML+PDF,https://id.accademiadellacrusca.org/File/Download?code=fadcf955-8bf1-494d-b505-4d965d33ba81,"Si può anche | imprestare | qualcosa, ma | prestateci | attenzione! | Vittorio Coletti | Pagine | 76-77 - | PDF"
314,https://id.accademiadellacrusca.org/articoli/battentare/314,battentare,Battentare,Consulenze linguistiche,CONSULENZA LINGUISTICA,True,False,"IX, 2019/2 (aprile-giugno)",287,chiuso,HTML+PDF,https://id.accademiadellacrusca.org/File/Download?code=391e2852-d184-45c7-aebb-f0848788a1d5,Battentare | Bruno Moretti | Pagine | 78 - | PDF
330,https://id.accademiadellacrusca.org/articoli/alcune-varianti-di-nomi-di-frutti/330,alcune-varianti-di-nomi-di-frutti,Alcune varianti di nomi di frutti,La Crusca rispose,LA CRUSCA RISPOSE,True,False,"IX, 2019/2 (aprile-giugno)",287,chiuso,HTML+PDF,https://id.accademiadellacrusca.org/File/Download?code=efa9e86e-93d9-4e4f-bbd4-fa7fddd81b72,Alcune varianti di nomi di frutti | Mara Marzullo | Pagine | 79-80 - | PDF
329,https://id.accademiadellacrusca.org/articoli/gelato-al-o-gelato-di/329,gelato-al-o-gelato-di,Gelato al o gelato di ?,La Crusca rispose,LA CRUSCA RISPOSE,True,False,"IX, 2019/2 (aprile-giugno)",287,chiuso,HTML+PDF,https://id.accademiadellacrusca.org/File/Download?code=43d44489-31a2-4a27-847f-05f2ed7e3a8d,Gelato al | o | gelato di | ? | Matilde Paoli | Pagine | 81-83 - | PDF
328,https://id.accademiadellacrusca.org/articoli/in-liguria-le-cozze-scalzano-i-muscoli/328,in-liguria-le-cozze-scalzano-i-muscoli,In Liguria le cozze scalzano i muscoli,La Crusca rispose,LA CRUSCA RISPOSE,True,False,"IX, 2019/2 (aprile-giugno)",287,chiuso,HTML+PDF,https://id.accademiadellacrusca.org/File/Download?code=a5a7d940-a6bd-43bd-af96-93174398a1e7,In Liguria le | cozze | scalzano i | muscoli | Vittorio Coletti | Pagine | 84-85 - | PDF
289,https://id.accademiadellacrusca.org/articoli/blastare-no-grazie/289,blastare-no-grazie,"Blastare ? No, grazie",Parole nuove,PAROLE NUOVE,False,True,"IX, 2019/2 (aprile-giugno)",287,chiuso,HTML+PDF,https://id.accademiadellacrusca.org/File/Download?code=3b366e67-6e54-401e-ac5f-79d2663b261d,"Blastare | ? No, grazie | Vera Gheno | Pagine | 86-88 - | PDF"
321,https://id.accademiadellacrusca.org/articoli/il-terrapiattismo-e-i-suoi-sostenitori/321,il-terrapiattismo-e-i-suoi-sostenitori,Il terrapiattismo e i suoi sostenitori,Parole nuove,PAROLE NUOVE,False,True,"IX, 2019/2 (aprile-giugno)",287,chiuso,HTML+PDF,https://id.accademiadellacrusca.org/File/Download?code=480c6c51-6cf9-42e6-9a01-43dc6997feae,Il | terrapiattismo | e i suoi sostenitori | Miriam Di Carlo | Pagine | 89-94 - | PDF
379,https://id.accademiadellacrusca.org/articoli/il-gdli-come-la-fenice-che-cosa-ne-direbbe-lultimo-grande-letterato-lessicografo/379,il-gdli-come-la-fenice-che-cosa-ne-direbbe-lultimo-grande-letterato-lessicografo,Il GDLI come la fenice. Che cosa ne direbbe l’ultimo grande letterato-lessicografo?,Articoli,ARTICOLI,False,False,"IX, 2019/2 (aprile-giugno)",287,chiuso,HTML+PDF,https://id.accademiadellacrusca.org/File/Download?code=5c03dea2-3cba-4c48-9449-e3d211a1f9f3,Il GDLI come la fenice. Che cosa ne direbbe l’ultimo grande letterato-lessicografo? | Claudio Marazzini | Pagine | 95-101 - | PDF
383,https://id.accademiadellacrusca.org/articoli/l-acca-ballerina-e-la-grafia-delle-interiezioni/383,l-acca-ballerina-e-la-grafia-delle-interiezioni,L'acca ballerina e la grafia delle interiezioni,Articoli,ARTICOLI,False,False,"IX, 2019/2 (aprile-giugno)",287,chiuso,HTML+PDF,https://id.accademiadellacrusca.org/File/Download?code=dcbf9513-fcc7-4440-9db4-d1ccc1a164ca,L'acca ballerina e la grafia delle interiezioni | Enrico Testa | Pagine | 102-105 - | PDF
323,https://id.accademiadellacrusca.org/articoli/aprite-la-mente-per-favore-perch-il-foglio-vuole-chiudere-la-crusca/323,aprite-la-mente-per-favore-perch-il-foglio-vuole-chiudere-la-crusca,"Aprite la mente, per favore. Perché il ""Foglio"" vuole chiudere la Crusca",Temi di discussione,TEMI DI DISCUSSIONE,False,False,"IX, 2019/2 (aprile-giugno)",287,chiuso,HTML+PDF,https://id.accademiadellacrusca.org/File/Download?code=5b42d32e-be64-40b5-a630-3ba89913bd0f,"Aprite la mente, per favore. Perché il ""Foglio"" vuole chiudere la Crusca | Claudio Marazzini e Maria Luisa Villa | Pagine | 106-108 - | PDF"
324,https://id.accademiadellacrusca.org/articoli/per-inserire-neologismi-formati-da-nomi-propri-nei-vocabolari-c-tempo/324,per-inserire-neologismi-formati-da-nomi-propri-nei-vocabolari-c-tempo,Per inserire neologismi formati da nomi propri nei vocabolari c’è tempo,Temi di discussione,TEMI DI DISCUSSIONE,False,False,"IX, 2019/2 (aprile-giugno)",287,chiuso,HTML+PDF,https://id.accademiadellacrusca.org/File/Download?code=bfac6baa-c6b2-48f6-ba34-c10333a23168,Per inserire neologismi formati da nomi propri nei vocabolari c’è tempo | Paolo D'Achille | Pagine | 109-111 - | PDF
326,https://id.accademiadellacrusca.org/articoli/notizie-dall-accademia/326,notizie-dall-accademia,Notizie dall'Accademia,Notizie,NOTIZIE,False,False,"IX, 2019/2 (aprile-giugno)",287,chiuso,HTML+PDF,https://id.accademiadellacrusca.org/File/Download?code=38650678-02a5-4e72-b4bf-116f18888211,Notizie dall'Accademia | A cura di   comitato di redazione | Pagine | 112-114 - | PDF
327,https://id.accademiadellacrusca.org/articoli/bibliografia-della-consulenza-linguistica/327,bibliografia-della-consulenza-linguistica,Bibliografia della Consulenza linguistica,Bibliografia,BIBLIOGRAFIA,False,False,"IX, 2019/2 (aprile-giugno)",287,chiuso,HTML+PDF,https://id.accademiadellacrusca.org/File/Download?code=821b15f3-e972-488e-966b-db403fdf0177,Bibliografia della Consulenza linguistica | Pagine | 115-118 - | PDF
317,https://id.accademiadellacrusca.org/articoli/editoriale-del-direttore/317,editoriale-del-direttore,Editoriale del direttore,Editoriale,EDITORIALE,False,False,"VIII, 2019/1 (gennaio-marzo)",254,chiuso,HTML+PDF,https://id.accademiadellacrusca.org/File/Download?code=115d7fa7-f27e-414a-9a47-d2e32f6fec8e,Editoriale del direttore | Marco Biffi | Pagine | 1-2 - | PDF
255,https://id.accademiadellacrusca.org/articoli/siedi-il-bambino-no-fallo-sedere/255,siedi-il-bambino-no-fallo-sedere,"Siedi il bambino ! No, fallo sedere !",Consulenze linguistiche,CONSULENZA LINGUISTICA,True,False,"VIII, 2019/1 (gennaio-marzo)",254,chiuso,HTML+PDF,https://id.accademiadellacrusca.org/File/Download?code=3d7dd62a-5c51-47cf-955d-3d0e353058fb,"Siedi il bambino | ! No, | fallo sedere | ! | Vittorio Coletti | Pagine | 3-4 - | PDF"
256,https://id.accademiadellacrusca.org/articoli/si-possono-trarre-solo-le-conclusioni-o-anche-le-conseguenze/256,si-possono-trarre-solo-le-conclusioni-o-anche-le-conseguenze,Si possono trarre solo le conclusioni o anche le conseguenze ?,Consulenze linguistiche,CONSULENZA LINGUISTICA,True,False,"VIII, 2019/1 (gennaio-marzo)",254,chiuso,HTML+PDF,https://id.accademiadellacrusca.org/File/Download?code=fdd9099e-02ba-4934-bce8-9093ba36bd7d,Si possono | trarre | solo | le conclusioni | o anche | le conseguenze | ? | Giuseppe Patota | Pagine | 5 - | PDF
259,https://id.accademiadellacrusca.org/articoli/niente-di-che/259,niente-di-che,Niente di che !,Consulenze linguistiche,CONSULENZA LINGUISTICA,True,False,"VIII, 2019/1 (gennaio-marzo)",254,chiuso,HTML+PDF,https://id.accademiadellacrusca.org/File/Download?code=3531a8cc-1876-4c11-8f05-27e09797f6fc,Niente di che | ! | Vittorio Coletti | Pagine | 6-7 - | PDF
260,https://id.accademiadellacrusca.org/articoli/bevvi-bevei-o-bevetti/260,bevvi-bevei-o-bevetti,"Bevvi , bevei o bevetti ?",Consulenze linguistiche,CONSULENZA LINGUISTICA,True,False,"VIII, 2019/1 (gennaio-marzo)",254,chiuso,HTML+PDF,https://id.accademiadellacrusca.org/File/Download?code=f6718ef3-a989-411d-b1fe-4ffee33b5e02,"Bevvi | , | bevei | o | bevetti | ? | Anna M. Thornton | Pagine | 8-10 - | PDF"
262,https://id.accademiadellacrusca.org/articoli/andiamo-oltre/262,andiamo-oltre,Andiamo oltre ?,Consulenze linguistiche,CONSULENZA LINGUISTICA,True,False,"VIII, 2019/1 (gennaio-marzo)",254,chiuso,HTML+PDF,https://id.accademiadellacrusca.org/File/Download?code=5ecb8072-64ae-4a65-89c6-078145835d44,Andiamo | oltre | ? | Vittorio Coletti | Pagine | 11-12 - | PDF
263,https://id.accademiadellacrusca.org/articoli/la-cantantessa--una-e-gli-studentessi-sono-solo-canzonette/263,la-cantantessa--una-e-gli-studentessi-sono-solo-canzonette,La Cantantessa è una (e gli Studentessi sono solo canzonette),Consulenze linguistiche,CONSULENZA LINGUISTICA,True,False,"VIII, 2019/1 (gennaio-marzo)",254,chiuso,HTML+PDF,https://id.accademiadellacrusca.org/File/Download?code=6a952f78-5007-4cf1-a708-1ec6c5966f9a,La | Cantantessa | è una (e gli | Studentessi | sono solo canzonette) | Paolo D'Achille | Pagine | 13-15 - | PDF
264,https://id.accademiadellacrusca.org/articoli/con-da-o-meglio-con-di-il-corredo-c/264,con-da-o-meglio-con-di-il-corredo-c,"Con da o (meglio) con di , il corredo c’è",Consulenze linguistiche,CONSULENZA LINGUISTICA,True,False,"VIII, 2019/1 (gennaio-marzo)",254,chiuso,HTML+PDF,https://id.accademiadellacrusca.org/File/Download?code=249f78a3-c9d1-4081-a799-2588d30ca389,"Con | da | o (meglio) con | di | , il corredo c’è | Vittorio Coletti | Pagine | 16-17 - | PDF"
265,https://id.accademiadellacrusca.org/articoli/-meglio-dipingere-che-pittare/265,-meglio-dipingere-che-pittare,È meglio dipingere che pittare !,Consulenze linguistiche,CONSULENZA LINGUISTICA,True,False,"VIII, 2019/1 (gennaio-marzo)",254,chiuso,HTML+PDF,https://id.accademiadellacrusca.org/File/Download?code=a6f7beb3-2e9d-446b-b09f-4ea0a238556b,È meglio | dipingere | che | pittare | ! | Riccardo Cimaglia | Pagine | 18 - | PDF
266,https://id.accademiadellacrusca.org/articoli/consistere-in-o-consistere-di/266,consistere-in-o-consistere-di,Consistere in o consistere di ?,Consulenze linguistiche,CONSULENZA LINGUISTICA,True,False,"VIII, 2019/1 (gennaio-marzo)",254,chiuso,HTML+PDF,https://id.accademiadellacrusca.org/File/Download?code=1c092e1d-87a5-484d-86b7-d24b1fef8873,Consistere in | o | consistere di | ? | Giuseppe Patota | Pagine | 19 - | PDF
267,https://id.accademiadellacrusca.org/articoli/a-ciascuno-il-suo-o-il-proprio/267,a-ciascuno-il-suo-o-il-proprio,A ciascuno il suo o il proprio ?,Consulenze linguistiche,CONSULENZA LINGUISTICA,True,False,"VIII, 2019/1 (gennaio-marzo)",254,chiuso,HTML+PDF,https://id.accademiadellacrusca.org/File/Download?code=5fe5818f-2784-42d0-a7ea-3e24045a937f,A ciascuno il | suo | o il | proprio | ? | Paolo D'Achille | Pagine | 20 - | PDF
268,https://id.accademiadellacrusca.org/articoli/perch-rimuginare-su-una-r-di-troppo/268,perch-rimuginare-su-una-r-di-troppo,Perché rimuginare su una r di troppo?,Consulenze linguistiche,CONSULENZA LINGUISTICA,True,False,"VIII, 2019/1 (gennaio-marzo)",254,chiuso,HTML+PDF,https://id.accademiadellacrusca.org/File/Download?code=f8075cc2-9f93-4826-be65-2f589027ebd7,Perché | rimuginare | su una | r | di troppo? | Kevin De Vecchis | Pagine | 21-22 - | PDF
269,https://id.accademiadellacrusca.org/articoli/non-facciamo-le-cose-di-prescia-e-nemmeno-troppo-di-fretta/269,non-facciamo-le-cose-di-prescia-e-nemmeno-troppo-di-fretta,Non facciamo le cose di prescia ! (e nemmeno troppo di fretta !),Consulenze linguistiche,CONSULENZA LINGUISTICA,True,False,"VIII, 2019/1 (gennaio-marzo)",254,chiuso,HTML+PDF,https://id.accademiadellacrusca.org/File/Download?code=f6b73d16-75be-4b0d-a93c-c78d36bdd18a,Non facciamo le cose di | prescia | ! (e nemmeno troppo di | fretta | !) | Miriam Di Carlo | Pagine | 23-27 - | PDF
271,https://id.accademiadellacrusca.org/articoli/vi-rispondiamo-a-prescindere/271,vi-rispondiamo-a-prescindere,Vi rispondiamo… a prescindere !,Consulenze linguistiche,CONSULENZA LINGUISTICA,True,False,"VIII, 2019/1 (gennaio-marzo)",254,chiuso,HTML+PDF,https://id.accademiadellacrusca.org/File/Download?code=b5068198-2077-4c78-a18c-bfb34517ffc4,Vi rispondiamo… | a prescindere | ! | Sara Giovine | Pagine | 28-30 - | PDF
272,https://id.accademiadellacrusca.org/articoli/casa-dasta-o-casa-daste-case-dasta-o-case-daste/272,casa-dasta-o-casa-daste-case-dasta-o-case-daste,Casa d’asta o casa d’aste ? Case d’asta o case d’aste ?,Consulenze linguistiche,CONSULENZA LINGUISTICA,True,False,"VIII, 2019/1 (gennaio-marzo)",254,chiuso,HTML+PDF,https://id.accademiadellacrusca.org/File/Download?code=025b236c-0d03-48f4-abab-9461210b8614,Casa d’asta | o | casa d’aste | ? | Case d’asta | o | case d’aste | ? | Valeria Della Valle | Pagine | 31-32 - | PDF
273,https://id.accademiadellacrusca.org/articoli/usi-figurati-di-asfaltare/273,usi-figurati-di-asfaltare,Usi figurati di asfaltare,Consulenze linguistiche,CONSULENZA LINGUISTICA,True,False,"VIII, 2019/1 (gennaio-marzo)",254,chiuso,HTML+PDF,https://id.accademiadellacrusca.org/File/Download?code=483a1c67-7b51-424e-9047-cf227818bde6,Usi figurati di | asfaltare | Luisa di Valvasone | Pagine | 33-36 - | PDF
274,https://id.accademiadellacrusca.org/articoli/cosa-fatta-e-risposta-data-capo-ha/274,cosa-fatta-e-risposta-data-capo-ha,Cosa fatta (e risposta data ) capo ha !,Consulenze linguistiche,CONSULENZA LINGUISTICA,True,False,"VIII, 2019/1 (gennaio-marzo)",254,chiuso,HTML+PDF,https://id.accademiadellacrusca.org/File/Download?code=37671ec4-53a8-4525-8091-9ad1c7399f91,Cosa fatta | (e | risposta data | ) | capo ha | ! | Chiara Coluccia | Pagine | 37-39 - | PDF
275,https://id.accademiadellacrusca.org/articoli/c-qualcuno-che-sbaglia/275,c-qualcuno-che-sbaglia,C’è qu alcuno che sbaglia!,Consulenze linguistiche,CONSULENZA LINGUISTICA,True,False,"VIII, 2019/1 (gennaio-marzo)",254,chiuso,HTML+PDF,https://id.accademiadellacrusca.org/File/Download?code=6994f226-bccc-48a1-b0b8-cff82cbf4110,C’è qu | alcuno | che sbaglia! | Giuseppe Patota | Pagine | 40 - | PDF
276,https://id.accademiadellacrusca.org/articoli/sulluso-dellaggettivo-accedibile/276,sulluso-dellaggettivo-accedibile,Sull’uso dell’aggettivo accedibile,Consulenze linguistiche,CONSULENZA LINGUISTICA,True,False,"VIII, 2019/1 (gennaio-marzo)",254,chiuso,HTML+PDF,https://id.accademiadellacrusca.org/File/Download?code=3439d740-685f-4e2f-9a5b-84684fe27807,Sull’uso dell’aggettivo | accedibile | Matteo Mazzone | Pagine | 41-43 - | PDF
277,https://id.accademiadellacrusca.org/articoli/prevaricare-si-pu/277,prevaricare-si-pu,Prevaricare si può!,Consulenze linguistiche,CONSULENZA LINGUISTICA,True,False,"VIII, 2019/1 (gennaio-marzo)",254,chiuso,HTML+PDF,https://id.accademiadellacrusca.org/File/Download?code=b11a1ce2-d919-4f46-9ae3-98b4aae31ef3,Prevaricare | si può! | Vittorio Coletti | Pagine | 44-45 - | PDF
278,https://id.accademiadellacrusca.org/articoli/scioglievolezza-serratezza-sporchevole-dubbi-scioglibili-o-scioglievoli-speriamo-di-riuscire-a-sciog/278,scioglievolezza-serratezza-sporchevole-dubbi-scioglibili-o-scioglievoli-speriamo-di-riuscire-a-sciog,"Scioglievolezza , serratezza , sporchevole : dubbi scioglibili o scioglievoli ? Speriamo di riuscire a scioglierli!",Consulenze linguistiche,CONSULENZA LINGUISTICA,True,False,"VIII, 2019/1 (gennaio-marzo)",254,chiuso,HTML+PDF,https://id.accademiadellacrusca.org/File/Download?code=c8143ea6-bdd2-455c-85bf-c8c12b0eafff,"Scioglievolezza | , | serratezza | , | sporchevole | : dubbi scioglibili o | scioglievoli | ? Speriamo di riuscire a scioglierli! | Raffaella Setti | Pagine | 46-49 - | PDF"
279,https://id.accademiadellacrusca.org/articoli/quale-traducente-per-empowerment/279,quale-traducente-per-empowerment,Quale traducente per empowerment ?,Consulenze linguistiche,CONSULENZA LINGUISTICA,True,False,"VIII, 2019/1 (gennaio-marzo)",254,chiuso,HTML+PDF,https://id.accademiadellacrusca.org/File/Download?code=2eb77a8d-533c-4ada-afcf-d20d1c617a14,Quale traducente per | empowerment | ? | Claudio Giovanardi | Pagine | 50 - | PDF
280,https://id.accademiadellacrusca.org/articoli/arrampicarsi-e-arrampicare/280,arrampicarsi-e-arrampicare,Arrampicarsi e arrampicare,Consulenze linguistiche,CONSULENZA LINGUISTICA,True,False,"VIII, 2019/1 (gennaio-marzo)",254,chiuso,HTML+PDF,https://id.accademiadellacrusca.org/File/Download?code=cc4baef5-65f5-4e35-9f32-af0855374c2e,Arrampicarsi | e | arrampicare | Anna M. Thornton | Pagine | 51-52 - | PDF
281,https://id.accademiadellacrusca.org/articoli/a-firenze-c-chi-si-arregge/281,a-firenze-c-chi-si-arregge,"A Firenze, c’è chi si arregge",Consulenze linguistiche,CONSULENZA LINGUISTICA,True,False,"VIII, 2019/1 (gennaio-marzo)",254,chiuso,HTML+PDF,https://id.accademiadellacrusca.org/File/Download?code=c5e63a5a-e11c-4fc6-82df-7c5220ea0ffb,"A Firenze, c’è chi | si arregge | Neri Binazzi | Pagine | 53-55 - | PDF"
283,https://id.accademiadellacrusca.org/articoli/il-nome-dell-italia/283,il-nome-dell-italia,Il nome dell'Italia,La Crusca rispose,LA CRUSCA RISPOSE,True,False,"VIII, 2019/1 (gennaio-marzo)",254,chiuso,HTML+PDF,https://id.accademiadellacrusca.org/File/Download?code=eb2e696d-f948-4ae7-bc44-d9798a9a4637,Il nome dell'Italia | Matilde Paoli | Pagine | 56 - | PDF
284,https://id.accademiadellacrusca.org/articoli/ucrina-o-ucrana-ucrino-o-ucrano/284,ucrina-o-ucrana-ucrino-o-ucrano,Ucràina o Ucraìna ? Ucràino o ucraìno ?,La Crusca rispose,LA CRUSCA RISPOSE,True,False,"VIII, 2019/1 (gennaio-marzo)",254,chiuso,HTML+PDF,https://id.accademiadellacrusca.org/File/Download?code=9fbbf3f8-bb53-41ea-9c1b-d39d85fe4690,Ucràina | o | Ucraìna | ? | Ucràino | o | ucraìno | ? | Vittorio Coletti | Pagine | 57-58 - | PDF
282,https://id.accademiadellacrusca.org/articoli/repubblica-ceca-o-cechia/282,repubblica-ceca-o-cechia,Repubblica Ceca o Cechia ?,La Crusca rispose,LA CRUSCA RISPOSE,True,False,"VIII, 2019/1 (gennaio-marzo)",254,chiuso,HTML+PDF,https://id.accademiadellacrusca.org/File/Download?code=adb38ba6-a70e-436f-b203-d0ac839c583e,Repubblica Ceca | o | Cechia | ? | Enzo Caffarelli | Pagine | 59-61 - | PDF
285,https://id.accademiadellacrusca.org/articoli/poliamore-una-nuova-parola-per-un-vecchio-concetto/285,poliamore-una-nuova-parola-per-un-vecchio-concetto,Poliamore : una nuova parola per un vecchio concetto?,Parole nuove,PAROLE NUOVE,False,True,"VIII, 2019/1 (gennaio-marzo)",254,chiuso,HTML+PDF,https://id.accademiadellacrusca.org/File/Download?code=715b8b84-2e90-4005-a788-a8b1affa596a,Poliamore | : una nuova parola per un vecchio concetto? | Sara Giovine | Pagine | 62-64 - | PDF
286,https://id.accademiadellacrusca.org/articoli/vedo-non-vedo-la-il-bralette/286,vedo-non-vedo-la-il-bralette,Vedo non vedo la (il) bralette,Parole nuove,PAROLE NUOVE,False,True,"VIII, 2019/1 (gennaio-marzo)",254,chiuso,HTML+PDF,https://id.accademiadellacrusca.org/File/Download?code=1766c9c1-973e-4c3c-8f92-70a7ed963c20,Vedo non vedo la (il) | bralette | Miriam Di Carlo | Pagine | 65-68 - | PDF
319,https://id.accademiadellacrusca.org/articoli/triggerare/319,triggerare,Triggerare,Parole nuove,PAROLE NUOVE,False,True,"VIII, 2019/1 (gennaio-marzo)",254,chiuso,HTML+PDF,https://id.accademiadellacrusca.org/File/Download?code=4d692764-1876-4988-ab1d-b4f193e62c35,Triggerare | Simona Cresti | Pagine | 69-76 - | PDF
315,https://id.accademiadellacrusca.org/articoli/ancora-a-proposito-di-badante/315,ancora-a-proposito-di-badante,Ancora a proposito di badante,Articoli,ARTICOLI,False,False,"VIII, 2019/1 (gennaio-marzo)",254,chiuso,HTML+PDF,https://id.accademiadellacrusca.org/File/Download?code=7b49e782-0d02-4735-af4c-1dca46c78753,Ancora a proposito di | badante | Massimo Fanfani | Pagine | 77-80 - | PDF
257,https://id.accademiadellacrusca.org/articoli/qual--il-problema-lortografia/257,qual--il-problema-lortografia,Qual è il problema? L’ortografia!,Temi di discussione,TEMI DI DISCUSSIONE,False,False,"VIII, 2019/1 (gennaio-marzo)",254,chiuso,HTML+PDF,https://id.accademiadellacrusca.org/File/Download?code=b52a699b-1fc8-484e-b408-0f49dc0b5ebc,Qual è il problema? L’ortografia! | Paolo D'Achille | Pagine | 81-84 - | PDF
258,https://id.accademiadellacrusca.org/articoli/da-intransitivo-a-transitivo-trauma-della-lingua-o-dei-parlanti/258,da-intransitivo-a-transitivo-trauma-della-lingua-o-dei-parlanti,Da intransitivo a transitivo: trauma della lingua o dei parlanti?,Temi di discussione,TEMI DI DISCUSSIONE,False,False,"VIII, 2019/1 (gennaio-marzo)",254,chiuso,HTML+PDF,https://id.accademiadellacrusca.org/File/Download?code=bccb909e-f095-425e-a56b-619872bc3941,Da intransitivo a transitivo: trauma della lingua o dei parlanti? | Vittorio Coletti | Pagine | 85-87 - | PDF
318,https://id.accademiadellacrusca.org/articoli/notizie-dall-accademia/318,notizie-dall-accademia,Notizie dall'Accademia,Notizie,NOTIZIE,False,False,"VIII, 2019/1 (gennaio-marzo)",254,chiuso,HTML+PDF,https://id.accademiadellacrusca.org/File/Download?code=0ed1603b-9b2e-437f-9d62-4bf219f72d38,Notizie dall'Accademia | A cura del comitato di redazione | Pagine | 88-89 - | PDF
316,https://id.accademiadellacrusca.org/articoli/bibliografia-della-consulenza-linguistica/316,bibliografia-della-consulenza-linguistica,Bibliografia della Consulenza linguistica,Bibliografia,BIBLIOGRAFIA,False,False,"VIII, 2019/1 (gennaio-marzo)",254,chiuso,HTML+PDF,https://id.accademiadellacrusca.org/File/Download?code=6520f045-19d7-4931-854b-b96d09c5a938,Bibliografia della Consulenza linguistica | Pagine | 90-92 - | PDF
213,https://id.accademiadellacrusca.org/articoli/editoriale-del-direttore/213,editoriale-del-direttore,Editoriale del direttore,EDITORIALE,EDITORIALE,False,False,"VII, 2018/4 (ottobre-dicembre)",8,chiuso,HTML+PDF,https://id.accademiadellacrusca.org/File/Download?code=f016142c-32d6-45f7-ad63-300c17081ac6,Editoriale del direttore | Marco Biffi | Pagine | 1-2 - | PDF
214,https://id.accademiadellacrusca.org/articoli/disconoscere-misconoscere-sconoscere/214,disconoscere-misconoscere-sconoscere,"Disconoscere , misconoscere , sconoscere",CONSULENZE LINGUISTICHE,CONSULENZA LINGUISTICA,True,False,"VII, 2018/4 (ottobre-dicembre)",8,chiuso,HTML+PDF,https://id.accademiadellacrusca.org/File/Download?code=dadf96d3-0c78-444c-abda-6990befc0e31,"Disconoscere | , | misconoscere | , | sconoscere | Paolo D'Achille | Pagine | 3-5 - | PDF"
215,https://id.accademiadellacrusca.org/articoli/siamo-malfidenti-malfidanti-malfidati-o-malfidi/215,siamo-malfidenti-malfidanti-malfidati-o-malfidi,"Siamo malfidenti , malfidanti , malfidati o malfidi ?",CONSULENZE LINGUISTICHE,CONSULENZA LINGUISTICA,True,False,"VII, 2018/4 (ottobre-dicembre)",8,chiuso,HTML+PDF,https://id.accademiadellacrusca.org/File/Download?code=e5feb7aa-df21-400a-9511-0c1d6a9e6720,"Siamo | malfidenti | , | malfidanti | , | malfidati | o | malfidi | ? | Paolo D'Achille | Pagine | 6-7 - | PDF"
216,https://id.accademiadellacrusca.org/articoli/possiamo-trasmettere-un-testo-cartaceamente-oppure-no/216,possiamo-trasmettere-un-testo-cartaceamente-oppure-no,Possiamo trasmettere un testo cartaceamente oppure no?,CONSULENZE LINGUISTICHE,CONSULENZA LINGUISTICA,True,False,"VII, 2018/4 (ottobre-dicembre)",8,chiuso,HTML+PDF,https://id.accademiadellacrusca.org/File/Download?code=f820e90e-30c5-42e7-a12b-149977dfa2bf,Possiamo trasmettere un testo | cartaceamente | oppure no? | Paolo D'Achille | Pagine | 8-10 - | PDF
217,https://id.accademiadellacrusca.org/articoli/per-rispondere-abbiamo-risposto/217,per-rispondere-abbiamo-risposto,"Per rispondere, abbiamo risposto",CONSULENZE LINGUISTICHE,CONSULENZA LINGUISTICA,True,False,"VII, 2018/4 (ottobre-dicembre)",8,chiuso,HTML+PDF,https://id.accademiadellacrusca.org/File/Download?code=9554694f-f6b4-4eb7-9957-8c70df742f5e,"Per rispondere, abbiamo risposto | Rossella Varvara | Pagine | 11-14 - | PDF"
218,https://id.accademiadellacrusca.org/articoli/inputare-imputare-inputtare-immettere-dati/218,inputare-imputare-inputtare-immettere-dati,"Inputare , imputare , inputtare , immettere … dati!",CONSULENZE LINGUISTICHE,CONSULENZA LINGUISTICA,True,False,"VII, 2018/4 (ottobre-dicembre)",8,chiuso,HTML+PDF,https://id.accademiadellacrusca.org/File/Download?code=38dad45f-128f-4ceb-8c15-f7890d42e2a7,"Inputare | , | imputare | , | inputtare | , | immettere | … dati! | Raffaella Setti | Pagine | 15-16 - | PDF"
219,https://id.accademiadellacrusca.org/articoli/si-pu-dire-melenzana-e-melenzane/219,si-pu-dire-melenzana-e-melenzane,Si può dire melenzana e melenzane ?,CONSULENZE LINGUISTICHE,CONSULENZA LINGUISTICA,True,False,"VII, 2018/4 (ottobre-dicembre)",8,chiuso,HTML+PDF,https://id.accademiadellacrusca.org/File/Download?code=427f0af6-37da-4358-b7bf-759b580f339f,Si può dire | melenzana | e | melenzane | ? | Antonio Vinciguerra | Pagine | 17-18 - | PDF
220,https://id.accademiadellacrusca.org/articoli/romantico-o-romanticista-decadente-decadentista-o-decadentistico/220,romantico-o-romanticista-decadente-decadentista-o-decadentistico,"Romantico o romanticista ? Decadente , decadentista o decadentistico ?",CONSULENZE LINGUISTICHE,CONSULENZA LINGUISTICA,True,False,"VII, 2018/4 (ottobre-dicembre)",8,chiuso,HTML+PDF,https://id.accademiadellacrusca.org/File/Download?code=48c05334-0efb-432b-8348-83c23b0be5b9,"Romantico | o | romanticista | ? | Decadente | , | decadentista | o | decadentistico | ? | Vittorio Coletti | Pagine | 19-21 - | PDF"
221,https://id.accademiadellacrusca.org/articoli/questa-risposta-vi-sconfinfera/221,questa-risposta-vi-sconfinfera,Questa risposta vi sconfinfera ?,CONSULENZE LINGUISTICHE,CONSULENZA LINGUISTICA,True,False,"VII, 2018/4 (ottobre-dicembre)",8,chiuso,HTML+PDF,https://id.accademiadellacrusca.org/File/Download?code=01794b8f-faa8-426c-acb0-45c27ac20787,Questa risposta vi | sconfinfera | ? | Matteo Mazzone | Pagine | 22-25 - | PDF
222,https://id.accademiadellacrusca.org/articoli/il-potere-degli-astri-congiunzione-o-congiuntura-astrale/222,il-potere-degli-astri-congiunzione-o-congiuntura-astrale,Il potere degli astri: congiunzione o congiuntura astrale?,CONSULENZE LINGUISTICHE,CONSULENZA LINGUISTICA,True,False,"VII, 2018/4 (ottobre-dicembre)",8,chiuso,HTML+PDF,https://id.accademiadellacrusca.org/File/Download?code=421a8aa0-f8e3-487f-a414-61a76be731d2,Il potere degli astri: | congiunzione | o | congiuntura | astrale? | Ilde Consales | Pagine | 26-27 - | PDF
223,https://id.accademiadellacrusca.org/articoli/creepypasta-una-risposta-che-fa-paura/223,creepypasta-una-risposta-che-fa-paura,Creepypasta : una risposta che fa paura,CONSULENZE LINGUISTICHE,CONSULENZA LINGUISTICA,True,False,"VII, 2018/4 (ottobre-dicembre)",8,chiuso,HTML+PDF,https://id.accademiadellacrusca.org/File/Download?code=ff4c2a2e-f388-4822-9b2c-aa6c697d8cbc,Creepypasta | : una risposta che fa paura | Luisa di Valvasone | Pagine | 28-30 - | PDF
224,https://id.accademiadellacrusca.org/articoli/claustrofobo-e-claustrofobico/224,claustrofobo-e-claustrofobico,Claustrofobo e claustrofobico ?,CONSULENZE LINGUISTICHE,CONSULENZA LINGUISTICA,True,False,"VII, 2018/4 (ottobre-dicembre)",8,chiuso,HTML+PDF,https://id.accademiadellacrusca.org/File/Download?code=439bf608-5090-4f06-82ab-456afa9201a2,Claustrofobo | e | claustrofobico | ? | Claudio Giovanardi | Pagine | 31-31 - | PDF
225,https://id.accademiadellacrusca.org/articoli/sulla-correttezza-dellusare-due-pesi-e-due-misure/225,sulla-correttezza-dellusare-due-pesi-e-due-misure,Sulla correttezza dell’usare due pesi e due misure,CONSULENZE LINGUISTICHE,CONSULENZA LINGUISTICA,True,False,"VII, 2018/4 (ottobre-dicembre)",8,chiuso,HTML+PDF,https://id.accademiadellacrusca.org/File/Download?code=39b37e21-ee2b-437c-bc13-4d4216b43497,Sulla correttezza dell’usare | due pesi e due misure | Miriam Di Carlo | Pagine | 32-36 - | PDF
29219,https://id.accademiadellacrusca.org/articoli/bidelleria/29219,bidelleria,Bidelleria,CONSULENZE LINGUISTICHE,CONSULENZA LINGUISTICA,True,False,"VII, 2018/4 (ottobre-dicembre)",8,chiuso,HTML+PDF,https://id.accademiadellacrusca.org/File/Download?code=750f4f1f-35f0-4355-9c8b-2b38a69f859b,Bidelleria | Rita Librandi | Pagine | 189-190 - | PDF
226,https://id.accademiadellacrusca.org/articoli/lomissione-di-preposizioni-dieci-anni-in-sardegna/226,lomissione-di-preposizioni-dieci-anni-in-sardegna,L’omissione di preposizioni: dieci anni in Sardegna,CONSULENZE LINGUISTICHE,CONSULENZA LINGUISTICA,True,False,"VII, 2018/4 (ottobre-dicembre)",8,chiuso,HTML+PDF,https://id.accademiadellacrusca.org/File/Download?code=038258cf-8d58-42b4-858c-8516968e8635,L’omissione di preposizioni: | dieci anni | in Sardegna | Massimo Cerruti | Pagine | 37-38 - | PDF
227,https://id.accademiadellacrusca.org/articoli/avere-da-o-avere-a--infinito/227,avere-da-o-avere-a--infinito,Avere da o avere a + infinito?,CONSULENZE LINGUISTICHE,CONSULENZA LINGUISTICA,True,False,"VII, 2018/4 (ottobre-dicembre)",8,chiuso,HTML+PDF,https://id.accademiadellacrusca.org/File/Download?code=a93f2077-7e2f-4965-a358-929fff28c302,Avere da | o | avere a | + infinito? | Sara  Giovine | Pagine | 39-40 - | PDF
228,https://id.accademiadellacrusca.org/articoli/il-recupero-del-verbo-ricuperare/228,il-recupero-del-verbo-ricuperare,Il recupero del verbo ricuperare,CONSULENZE LINGUISTICHE,CONSULENZA LINGUISTICA,True,False,"VII, 2018/4 (ottobre-dicembre)",8,chiuso,HTML+PDF,https://id.accademiadellacrusca.org/File/Download?code=4f8a99fe-33a7-40f9-b4e6-645016d89824,Il | recupero | del verbo | ricuperare | Alice Mazzanti | Pagine | 41-44 - | PDF
229,https://id.accademiadellacrusca.org/articoli/troppo-pochi-non-troppi-pochi/229,troppo-pochi-non-troppi-pochi,"Troppo pochi , non troppi pochi",CONSULENZE LINGUISTICHE,CONSULENZA LINGUISTICA,True,False,"VII, 2018/4 (ottobre-dicembre)",8,chiuso,HTML+PDF,https://id.accademiadellacrusca.org/File/Download?code=9d85a203-4ef2-43c6-8a41-79410bde393e,"Troppo pochi | , non | troppi pochi | Claudio Giovanardi | Pagine | 45-45 - | PDF"
230,https://id.accademiadellacrusca.org/articoli/benvenuti-allaccademia-della-crusca/230,benvenuti-allaccademia-della-crusca,Benvenuti all’Accademia della Crusca,CONSULENZE LINGUISTICHE,CONSULENZA LINGUISTICA,True,False,"VII, 2018/4 (ottobre-dicembre)",8,chiuso,HTML+PDF,https://id.accademiadellacrusca.org/File/Download?code=377d9326-a37a-420c-8019-f34877742e9e,Benvenuti | all’Accademia della Crusca | Giuseppe  Patota | Pagine | 46-47 - | PDF
231,https://id.accademiadellacrusca.org/articoli/tranquillezza/231,tranquillezza,Tranquillezza,CONSULENZE LINGUISTICHE,CONSULENZA LINGUISTICA,True,False,"VII, 2018/4 (ottobre-dicembre)",8,chiuso,HTML+PDF,https://id.accademiadellacrusca.org/File/Download?code=74c70ae2-d235-4f78-801b-154cdbabd1cb,Tranquillezza | Vittorio Coletti | Pagine | 48-50 - | PDF
232,https://id.accademiadellacrusca.org/articoli/cicerone-mecenate-anfitrione-e-mentore-e-quando-sono-donne/232,cicerone-mecenate-anfitrione-e-mentore-e-quando-sono-donne,"Cicerone , Mecenate , Anfitrione e Mentore . E quando sono donne?",CONSULENZE LINGUISTICHE,CONSULENZA LINGUISTICA,True,False,"VII, 2018/4 (ottobre-dicembre)",8,chiuso,HTML+PDF,https://id.accademiadellacrusca.org/File/Download?code=c1d625f8-d1ca-4cdf-99a7-f69788e78d15,"Cicerone | , | Mecenate | , | Anfitrione | e | Mentore | . E quando sono donne? | Paolo D'Achille | Pagine | 51-54 - | PDF"
233,https://id.accademiadellacrusca.org/articoli/un-esempio-di-intolleranza-e-variazione-linguistica-laccento-tonico-di-salubre/233,un-esempio-di-intolleranza-e-variazione-linguistica-laccento-tonico-di-salubre,Un esempio di intolleranza (e variazione) linguistica: l’accento tonico di salubre,CONSULENZE LINGUISTICHE,CONSULENZA LINGUISTICA,True,False,"VII, 2018/4 (ottobre-dicembre)",8,chiuso,HTML+PDF,https://id.accademiadellacrusca.org/File/Download?code=84fed71c-d30b-49f1-b897-435beaafee3a,Un esempio di intolleranza (e variazione) linguistica: l’accento tonico di | salubre | Salvatore Claudio Sgroi | Pagine | 55-56 - | PDF
234,https://id.accademiadellacrusca.org/articoli/vecchio-come-il-cucco/234,vecchio-come-il-cucco,Vecchio come il cucco,CONSULENZE LINGUISTICHE,CONSULENZA LINGUISTICA,True,False,"VII, 2018/4 (ottobre-dicembre)",8,chiuso,HTML+PDF,https://id.accademiadellacrusca.org/File/Download?code=e908ee12-4f31-4aba-b222-bbf3446b3f8a,Vecchio come il cucco | Miriam Di Carlo | Pagine | 57-61 - | PDF
235,https://id.accademiadellacrusca.org/articoli/i-capelli-si-asciugano-con-il-fon-il-fono-o-il-phon/235,i-capelli-si-asciugano-con-il-fon-il-fono-o-il-phon,"I capelli si asciugano con il fon , il fono o il phon ?",CONSULENZE LINGUISTICHE,CONSULENZA LINGUISTICA,True,False,"VII, 2018/4 (ottobre-dicembre)",8,chiuso,HTML+PDF,https://id.accademiadellacrusca.org/File/Download?code=f6129ae5-2d30-48f3-b927-0a46d1cf909e,"I capelli si asciugano con il | fon | , il | fono | o il | phon | ? | Sara  Giovine | Pagine | 62-64 - | PDF"
236,https://id.accademiadellacrusca.org/articoli/doni-presenti-regali-pensieri-omaggi-cosa-ci-scambiamo-in-questo-natale/236,doni-presenti-regali-pensieri-omaggi-cosa-ci-scambiamo-in-questo-natale,"Doni, presenti, regali, pensieri, omaggi : cosa ci scambiamo in questo Natale?",CONSULENZE LINGUISTICHE,CONSULENZA LINGUISTICA,True,False,"VII, 2018/4 (ottobre-dicembre)",8,chiuso,HTML+PDF,https://id.accademiadellacrusca.org/File/Download?code=db8a60ef-9243-4213-9b5e-1da133c79a9d,"Doni, presenti, regali, pensieri, omaggi | : cosa ci scambiamo in questo Natale? | Luisa di Valvasone | Pagine | 65-70 - | PDF"
237,https://id.accademiadellacrusca.org/articoli/stranizzare-stranizzarsi/237,stranizzare-stranizzarsi,Stranizzare / stranizzarsi,LA CRUSCA RISPOSE,LA CRUSCA RISPOSE,True,False,"VII, 2018/4 (ottobre-dicembre)",8,chiuso,HTML+PDF,https://id.accademiadellacrusca.org/File/Download?code=fe4908aa-fe18-405f-810f-0f0d75dd328c,Stranizzare / stranizzarsi | Giovanni Ruffino | Pagine | 71-73 - | PDF
238,https://id.accademiadellacrusca.org/articoli/si-dice-arancino-o-arancina/238,si-dice-arancino-o-arancina,Si dice arancino o arancina ?,LA CRUSCA RISPOSE,LA CRUSCA RISPOSE,True,False,"VII, 2018/4 (ottobre-dicembre)",8,chiuso,HTML+PDF,https://id.accademiadellacrusca.org/File/Download?code=86c16d46-9af0-4d33-90d9-9cb4dee9fd55,Si dice | arancino | o | arancina | ? | Stefania Iannizzotto | Pagine | 74-76 - | PDF
239,https://id.accademiadellacrusca.org/articoli/vi-invitiamo-il-brindisi-di-capodanno/239,vi-invitiamo-il-brindisi-di-capodanno,Vi invitiamo *IL* brindisi di Capodanno!,LA CRUSCA RISPOSE,LA CRUSCA RISPOSE,True,False,"VII, 2018/4 (ottobre-dicembre)",8,chiuso,HTML+PDF,https://id.accademiadellacrusca.org/File/Download?code=67fb3225-0dfd-4fdd-b8a0-d87a4152eb0a,Vi invitiamo *IL* brindisi di Capodanno! | Marco Gargiulo | Pagine | 77-78 - | PDF
240,https://id.accademiadellacrusca.org/articoli/gialloverde/240,gialloverde,Gialloverde,PAROLE NUOVE,PAROLE NUOVE,False,True,"VII, 2018/4 (ottobre-dicembre)",8,chiuso,HTML+PDF,https://id.accademiadellacrusca.org/File/Download?code=1499661b-c9ad-4657-b0f8-80376a3c35fb,Gialloverde | Paolo D'Achille | Pagine | 79-83 - | PDF
241,https://id.accademiadellacrusca.org/articoli/le-nuove-frontiere-dellodio-gli-hater-in-rete/241,le-nuove-frontiere-dellodio-gli-hater-in-rete,Le nuove frontiere dell’odio: gli hater in rete,PAROLE NUOVE,PAROLE NUOVE,False,True,"VII, 2018/4 (ottobre-dicembre)",8,chiuso,HTML+PDF,https://id.accademiadellacrusca.org/File/Download?code=60c677dc-0475-4b90-beeb-e111b85c33d8,Le nuove frontiere dell’odio: gli | hater | in rete | Vera Gheno | Pagine | 84-86 - | PDF
242,https://id.accademiadellacrusca.org/articoli/skillato-esperienziato-o-dotato-di-skill/242,skillato-esperienziato-o-dotato-di-skill,"Skillato , esperienziato o dotato di skill ?",PAROLE NUOVE,PAROLE NUOVE,False,True,"VII, 2018/4 (ottobre-dicembre)",8,chiuso,HTML+PDF,https://id.accademiadellacrusca.org/File/Download?code=4ed7cc68-9e2e-4d03-b798-09a9da3c5d92,"Skillato | , | esperienziato | o dotato di | skill | ? | Lucia  Francalanci | Pagine | 87-97 - | PDF"
243,https://id.accademiadellacrusca.org/articoli/un-abbuffata-di-neologismi-treccaniani/243,un-abbuffata-di-neologismi-treccaniani,Un'abbuffata di neologismi treccaniani,PAROLE NUOVE,PAROLE NUOVE,False,True,"VII, 2018/4 (ottobre-dicembre)",8,chiuso,HTML+PDF,https://id.accademiadellacrusca.org/File/Download?code=a88b1ed1-8202-42e7-b804-0cc7f58b4760,Un'abbuffata di neologismi treccaniani | Salvatore Claudio Sgroi | Pagine | 98-99 - | PDF
244,https://id.accademiadellacrusca.org/articoli/il-vocabolario-dinamico-dellitaliano-moderno-rispetto-ai-linguaggi-settoriali-proposta-di-voce-lessi/244,il-vocabolario-dinamico-dellitaliano-moderno-rispetto-ai-linguaggi-settoriali-proposta-di-voce-lessi,Il Vocabolario dinamico dell’italiano moderno rispetto ai linguaggi settoriali. Proposta di voce lessicografica per il redigendo VoDIM,ARTICOLI,ARTICOLI,False,False,"VII, 2018/4 (ottobre-dicembre)",8,chiuso,HTML+PDF,https://id.accademiadellacrusca.org/File/Download?code=a57626d2-1010-4fde-aaf7-508533f7292f,Il | Vocabolario dinamico dell’italiano moderno | rispetto ai linguaggi settoriali. Proposta di voce lessicografica per il redigendo VoDIM | Claudio Marazzini e Ludovica Maconi | Pagine | 100-119 - | PDF
245,https://id.accademiadellacrusca.org/articoli/il-vocabolario-dinamico-dellitaliano-moderno-e-il-linguaggio-della-politica-parlamentare-proposta-di/245,il-vocabolario-dinamico-dellitaliano-moderno-e-il-linguaggio-della-politica-parlamentare-proposta-di,Il Vocabolario dinamico dell’italiano moderno e il linguaggio della politica. “parlamentare”. Proposta di voce lessicografica per il redigendo VoDIM,ARTICOLI,ARTICOLI,False,False,"VII, 2018/4 (ottobre-dicembre)",8,chiuso,HTML+PDF,https://id.accademiadellacrusca.org/File/Download?code=90ea2417-8e27-4aa1-a02b-cf7ddf9e99e9,Il | Vocabolario dinamico dell’italiano moderno | e il linguaggio della politica. “parlamentare”. Proposta di voce lessicografica per il redigendo VoDIM | Riccardo Gualdo | Pagine | 120-131 - | PDF
246,https://id.accademiadellacrusca.org/articoli/scritti-e-discorsi-del-cattolicesimo-sociale-tre-casi-lessicografici/246,scritti-e-discorsi-del-cattolicesimo-sociale-tre-casi-lessicografici,Scritti e discorsi del Cattolicesimo sociale: tre casi lessicografici,ARTICOLI,ARTICOLI,False,False,"VII, 2018/4 (ottobre-dicembre)",8,chiuso,HTML+PDF,https://id.accademiadellacrusca.org/File/Download?code=d19b8e72-463d-43f4-9ac4-e5fbcee7922e,Scritti e discorsi del Cattolicesimo sociale: tre casi lessicografici | Claudia Tarallo | Pagine | 132-137 - | PDF
247,https://id.accademiadellacrusca.org/articoli/approssimazioni-al-vodim/247,approssimazioni-al-vodim,Approssimazioni al VoDIM,ARTICOLI,ARTICOLI,False,False,"VII, 2018/4 (ottobre-dicembre)",8,chiuso,HTML+PDF,https://id.accademiadellacrusca.org/File/Download?code=b4da9f50-b34f-46b8-9273-ab594b47c580,Approssimazioni al VoDIM | Manuel Barbera | Pagine | 138-158 - | PDF
248,https://id.accademiadellacrusca.org/articoli/dietro-le-quinte-di-archidata-dal-computer-del-programmatore/248,dietro-le-quinte-di-archidata-dal-computer-del-programmatore,"Dietro le quinte di ArchiDATA, dal computer del programmatore",ARTICOLI,ARTICOLI,False,False,"VII, 2018/4 (ottobre-dicembre)",8,chiuso,HTML+PDF,https://id.accademiadellacrusca.org/File/Download?code=008b3351-1e4c-4fa7-9430-a43d1c5685ef,"Dietro le quinte di ArchiDATA, dal computer del programmatore | Michele Lavezzi | Pagine | 159-164 - | PDF"
249,https://id.accademiadellacrusca.org/articoli/segnali-di-ottimismo-linguistico/249,segnali-di-ottimismo-linguistico,Segnali di ottimismo linguistico,TEMI DI DISCUSSIONE,TEMI DI DISCUSSIONE,False,False,"VII, 2018/4 (ottobre-dicembre)",8,chiuso,HTML+PDF,https://id.accademiadellacrusca.org/File/Download?code=9c558411-0bec-44e3-92ae-6e3f5246d7bc,Segnali di ottimismo linguistico | Claudio Marazzini | Pagine | 165-169 - | PDF
250,https://id.accademiadellacrusca.org/articoli/il-presidente-del-consiglio-dei-ministri-visita-laccademia-della-crusca/250,il-presidente-del-consiglio-dei-ministri-visita-laccademia-della-crusca,Il Presidente del Consiglio dei Ministri visita l’Accademia della Crusca,TEMI DI DISCUSSIONE,TEMI DI DISCUSSIONE,False,False,"VII, 2018/4 (ottobre-dicembre)",8,chiuso,HTML+PDF,https://id.accademiadellacrusca.org/File/Download?code=da6e75c4-4972-40bb-aa28-8d068b317b52,Il Presidente del Consiglio dei Ministri visita l’Accademia della Crusca | Claudio Marazzini | Pagine | 170-175 - | PDF
251,https://id.accademiadellacrusca.org/articoli/litaliano-internazionale-della-chiesa-cattolica-la-voce-della-curia-romana/251,litaliano-internazionale-della-chiesa-cattolica-la-voce-della-curia-romana,L’italiano internazionale della Chiesa cattolica: la voce della Curia romana,TEMI DI DISCUSSIONE,TEMI DI DISCUSSIONE,False,False,"VII, 2018/4 (ottobre-dicembre)",8,chiuso,HTML+PDF,https://id.accademiadellacrusca.org/File/Download?code=fb70cfbd-3e99-4858-ae4b-7f0fb2b4d58b,L’italiano internazionale della Chiesa cattolica: la voce della Curia romana | Paolo Rizzi | Pagine | 176-179 - | PDF
252,https://id.accademiadellacrusca.org/articoli/notizie-dallaccademia/252,notizie-dallaccademia,Notizie dall’Accademia,NOTIZIE,NOTIZIE,False,False,"VII, 2018/4 (ottobre-dicembre)",8,chiuso,HTML+PDF,https://id.accademiadellacrusca.org/File/Download?code=370d2e1e-115b-4722-adb8-354a21adde2a,Notizie dall’Accademia | A cura del comitato di redazione | Pagine | 180-183 - | PDF
253,https://id.accademiadellacrusca.org/articoli/bibliografia-della-consulenza-linguistica/253,bibliografia-della-consulenza-linguistica,Bibliografia della Consulenza linguistica,NOTIZIE,NOTIZIE,False,False,"VII, 2018/4 (ottobre-dicembre)",8,chiuso,HTML+PDF,https://id.accademiadellacrusca.org/File/Download?code=c5d6709d-f7a2-4a67-95a7-cfe9aef4bcce,Bibliografia della Consulenza linguistica | Pagine | 184-187 - | PDF
182,https://id.accademiadellacrusca.org/articoli/editoriale-del-direttore/182,editoriale-del-direttore,Editoriale del direttore,EDITORIALE,EDITORIALE,False,False,"VI, 2018/3 (luglio-settembre)",7,chiuso,HTML+PDF,https://id.accademiadellacrusca.org/File/Download?code=148b3baa-e303-4db1-b840-db8ec9cee17f,Editoriale del direttore | Marco  Biffi | Pagine | 1-2 - | PDF
183,https://id.accademiadellacrusca.org/articoli/casareccio-non-di-solo-pane/183,casareccio-non-di-solo-pane,Casareccio : non di solo pane…,CONSULENZE LINGUISTICHE,CONSULENZA LINGUISTICA,True,False,"VI, 2018/3 (luglio-settembre)",7,chiuso,HTML+PDF,https://id.accademiadellacrusca.org/File/Download?code=e87f9acf-f9c3-4255-a990-8d6f5ae0bee7,Casareccio | : non di solo pane… | Claudio  Giovanardi | Pagine | 3-4 - | PDF
184,https://id.accademiadellacrusca.org/articoli/siamo-qui-a-rispondervi/184,siamo-qui-a-rispondervi,Siamo qui… a rispondervi,CONSULENZE LINGUISTICHE,CONSULENZA LINGUISTICA,True,False,"VI, 2018/3 (luglio-settembre)",7,chiuso,HTML+PDF,https://id.accademiadellacrusca.org/File/Download?code=c058b720-420f-4583-8ea2-88d32020fdcc,Siamo qui… | a rispondervi | Sara  Giovine | Pagine | 5-7 - | PDF
185,https://id.accademiadellacrusca.org/articoli/la-nostra-lingua--stata-abusata/185,la-nostra-lingua--stata-abusata,La nostra lingua è stata abusata ?,CONSULENZE LINGUISTICHE,CONSULENZA LINGUISTICA,True,False,"VI, 2018/3 (luglio-settembre)",7,chiuso,HTML+PDF,https://id.accademiadellacrusca.org/File/Download?code=2c25c3aa-b057-4829-866c-93add7e56dca,La nostra lingua è stata | abusata | ? | Vittorio Coletti | Pagine | 8-9 - | PDF
186,https://id.accademiadellacrusca.org/articoli/il-var-o-la-var/186,il-var-o-la-var,Il VAR o la VAR ?,CONSULENZE LINGUISTICHE,CONSULENZA LINGUISTICA,True,False,"VI, 2018/3 (luglio-settembre)",7,chiuso,HTML+PDF,https://id.accademiadellacrusca.org/File/Download?code=935aaea2-ecf0-4b9d-8c03-c0f46e382d1c,Il VAR | o | la VAR | ? | Marco  Biffi | Pagine | 10-11 - | PDF
187,https://id.accademiadellacrusca.org/articoli/quale-parola-usare-per-festeggiare-una-ricorrenza-mensiledubbi-e-questioni-su-compimese-complimese-c/187,quale-parola-usare-per-festeggiare-una-ricorrenza-mensiledubbi-e-questioni-su-compimese-complimese-c,"Quale parola usare per festeggiare una ricorrenza mensile?
Dubbi e questioni su compimese, complimese, complemese e mesiversario",CONSULENZE LINGUISTICHE,CONSULENZA LINGUISTICA,True,False,"VI, 2018/3 (luglio-settembre)",7,chiuso,HTML+PDF,https://id.accademiadellacrusca.org/File/Download?code=1b8a5a4b-acaf-4240-b20d-f5e0b3291830,"Quale parola usare per festeggiare una ricorrenza mensile?
Dubbi e questioni su | compimese, complimese, complemese | e | mesiversario | Kevin  De Vecchis | Pagine | 12-14 - | PDF"
188,https://id.accademiadellacrusca.org/articoli/abbiamo-un-premier-no-un-presidente-del-consiglio/188,abbiamo-un-premier-no-un-presidente-del-consiglio,"Abbiamo un Premier ? No, un Presidente del Consiglio !",CONSULENZE LINGUISTICHE,CONSULENZA LINGUISTICA,True,False,"VI, 2018/3 (luglio-settembre)",7,chiuso,HTML+PDF,https://id.accademiadellacrusca.org/File/Download?code=0ea19ae2-232a-4bfd-b70b-de18e34dfaae,"Abbiamo un | Premier | ? No, un | Presidente del Consiglio | ! | Vittorio Coletti | Pagine | 15-16 - | PDF"
189,https://id.accademiadellacrusca.org/articoli/una-risposta-fine-a-s-stessa/189,una-risposta-fine-a-s-stessa,Una risposta fine a sé stessa ?,CONSULENZE LINGUISTICHE,CONSULENZA LINGUISTICA,True,False,"VI, 2018/3 (luglio-settembre)",7,chiuso,HTML+PDF,https://id.accademiadellacrusca.org/File/Download?code=5444f34c-6b5b-41ee-962a-cbc628c3df38,Una risposta | fine a sé stessa | ? | Raffaella  Setti | Pagine | 17-19 - | PDF
190,https://id.accademiadellacrusca.org/articoli/questacqua--potabile-o-potabilizzata/190,questacqua--potabile-o-potabilizzata,Quest’acqua è potabile o potabilizzata ?,CONSULENZE LINGUISTICHE,CONSULENZA LINGUISTICA,True,False,"VI, 2018/3 (luglio-settembre)",7,chiuso,HTML+PDF,https://id.accademiadellacrusca.org/File/Download?code=e943cb10-783a-4def-bf68-80c41e715864,Quest’acqua è | potabile | o | potabilizzata | ? | Vittorio Coletti | Pagine | 20-21 - | PDF
191,https://id.accademiadellacrusca.org/articoli/il-valdarno-i-perch-del-genere-maschile/191,il-valdarno-i-perch-del-genere-maschile,Il Valdarno : i perché del genere maschile,CONSULENZE LINGUISTICHE,CONSULENZA LINGUISTICA,True,False,"VI, 2018/3 (luglio-settembre)",7,chiuso,HTML+PDF,https://id.accademiadellacrusca.org/File/Download?code=f11d08d2-1b34-4860-b92c-dc8cebe0ce6e,Il Valdarno | : i perché del genere maschile | Matilde  Paoli | Pagine | 22-27 - | PDF
192,https://id.accademiadellacrusca.org/articoli/cost-e-cost-costass-e-costaggi/192,cost-e-cost-costass-e-costaggi,"Costì e costà , costassù e costaggiù",CONSULENZE LINGUISTICHE,CONSULENZA LINGUISTICA,True,False,"VI, 2018/3 (luglio-settembre)",7,chiuso,HTML+PDF,https://id.accademiadellacrusca.org/File/Download?code=cbbaaec1-1be7-4917-bd05-ded6d0a8054d,"Costì | e | costà | , | costassù | e | costaggiù | Miriam  Di Carlo | Pagine | 28-33 - | PDF"
193,https://id.accademiadellacrusca.org/articoli/monogenitore-genitore-unico-o-gengle/193,monogenitore-genitore-unico-o-gengle,"Monogenitore, genitore unico o gengle ?",CONSULENZE LINGUISTICHE,CONSULENZA LINGUISTICA,True,False,"VI, 2018/3 (luglio-settembre)",7,chiuso,HTML+PDF,https://id.accademiadellacrusca.org/File/Download?code=32e87e04-213a-417e-b037-b519bbdd3b4a,"Monogenitore, genitore unico | o | gengle | ? | Anna M.  Thornton e Paolo  D’Achille | Pagine | 34-35 - | PDF"
194,https://id.accademiadellacrusca.org/articoli/ci-sono-cose-che-costano-liradiddio/194,ci-sono-cose-che-costano-liradiddio,Ci sono cose che costano l’iradiddio !,CONSULENZE LINGUISTICHE,CONSULENZA LINGUISTICA,True,False,"VI, 2018/3 (luglio-settembre)",7,chiuso,HTML+PDF,https://id.accademiadellacrusca.org/File/Download?code=137afc76-7f79-4251-bd70-5b6a89720ee2,Ci sono cose che costano | l’iradiddio | ! | Alice  Mazzanti | Pagine | 36-39 - | PDF
195,https://id.accademiadellacrusca.org/articoli/migliori-amici-di-chi/195,migliori-amici-di-chi,Migliori amici… di chi?,CONSULENZE LINGUISTICHE,CONSULENZA LINGUISTICA,True,False,"VI, 2018/3 (luglio-settembre)",7,chiuso,HTML+PDF,https://id.accademiadellacrusca.org/File/Download?code=6b0debd6-bd22-452f-b3ce-8555cdd5ca90,Migliori amici… | di chi? | Raffaella  Setti | Pagine | 40-42 - | PDF
196,https://id.accademiadellacrusca.org/articoli/una-risposta-che-calza-a-pennello/196,una-risposta-che-calza-a-pennello,Una risposta che calza a pennello,CONSULENZE LINGUISTICHE,CONSULENZA LINGUISTICA,True,False,"VI, 2018/3 (luglio-settembre)",7,chiuso,HTML+PDF,https://id.accademiadellacrusca.org/File/Download?code=e688b4af-f351-4f3e-bb29-d52bb53d1c22,Una risposta che calza a pennello | Sara  Giovine | Pagine | 43-45 - | PDF
197,https://id.accademiadellacrusca.org/articoli/in-lazio-o-nel-lazio/197,in-lazio-o-nel-lazio,In Lazio o nel Lazio ?,CONSULENZE LINGUISTICHE,CONSULENZA LINGUISTICA,True,False,"VI, 2018/3 (luglio-settembre)",7,chiuso,HTML+PDF,https://id.accademiadellacrusca.org/File/Download?code=2f183cbb-a915-41a6-9a4e-0bd141bca0d4,In Lazio | o | nel Lazio | ? | Paolo  D’Achille | Pagine | 46-50 - | PDF
198,https://id.accademiadellacrusca.org/articoli/una-spremuta-di-arance-fa-bene-alla-lingua-e-alla-salute/198,una-spremuta-di-arance-fa-bene-alla-lingua-e-alla-salute,Una spremuta di arance: fa bene alla lingua e alla salute,LA CRUSCA RISPOSE,LA CRUSCA RISPOSE,True,False,"VI, 2018/3 (luglio-settembre)",7,chiuso,HTML+PDF,https://id.accademiadellacrusca.org/File/Download?code=24156429-416c-4bf2-845a-ef9d3d8b167a,Una | spremuta | di arance: fa bene alla lingua e alla salute | Matilde  Paoli | Pagine | 51-54 - | PDF
199,https://id.accademiadellacrusca.org/articoli/sparadrappo-sparatrappo/199,sparadrappo-sparatrappo,Sparadrappo / Sparatrappo,LA CRUSCA RISPOSE,LA CRUSCA RISPOSE,True,False,"VI, 2018/3 (luglio-settembre)",7,chiuso,HTML+PDF,https://id.accademiadellacrusca.org/File/Download?code=7e9b5856-8672-4760-9cbf-aafd708e712d,Sparadrappo / Sparatrappo | Antonio  Vinciguerra | Pagine | 55-58 - | PDF
200,https://id.accademiadellacrusca.org/articoli/alcune-osservazioni-sul-gatt-di-patate-che-non--un-gteau/200,alcune-osservazioni-sul-gatt-di-patate-che-non--un-gteau,"Alcune osservazioni sul gattò di patate , che non è un gâteau",LA CRUSCA RISPOSE,LA CRUSCA RISPOSE,True,False,"VI, 2018/3 (luglio-settembre)",7,chiuso,HTML+PDF,https://id.accademiadellacrusca.org/File/Download?code=88a9ee15-5575-4402-a785-73d43ed3878d,"Alcune osservazioni | sul gattò di patate | , che non è un | gâteau | Vera  Gheno | Pagine | 59-62 - | PDF"
201,https://id.accademiadellacrusca.org/articoli/arrivano-i-riders-quando-linglese-suona-alla-porta/201,arrivano-i-riders-quando-linglese-suona-alla-porta,Arrivano i rider(s) : quando l’inglese suona alla porta,PAROLE NUOVE,PAROLE NUOVE,False,True,"VI, 2018/3 (luglio-settembre)",7,chiuso,HTML+PDF,https://id.accademiadellacrusca.org/File/Download?code=fb64328c-b5e3-401f-8976-3eb6aaf2e69b,Arrivano i | rider(s) | : quando l’inglese suona alla porta | Sara  Giovine | Pagine | 63-65 - | PDF
202,https://id.accademiadellacrusca.org/articoli/eskere-e-bufu/202,eskere-e-bufu,Eskere e bufu,PAROLE NUOVE,PAROLE NUOVE,False,True,"VI, 2018/3 (luglio-settembre)",7,chiuso,HTML+PDF,https://id.accademiadellacrusca.org/File/Download?code=4b982b03-63f3-4d23-9b1e-aaa0258c01e6,Eskere | e | bufu | Luisa  di Valvasone | Pagine | 66-72 - | PDF
203,https://id.accademiadellacrusca.org/articoli/cica-crema/203,cica-crema,Cica crema,PAROLE NUOVE,PAROLE NUOVE,False,True,"VI, 2018/3 (luglio-settembre)",7,chiuso,HTML+PDF,https://id.accademiadellacrusca.org/File/Download?code=bd4f02d2-3955-4472-ae0c-d9b33703e88e,Cica crema | Miriam  Di Carlo | Pagine | 73-75 - | PDF
204,https://id.accademiadellacrusca.org/articoli/la-giornata-in-ricordo-di-giovanni-nencioni-una-presentazione/204,la-giornata-in-ricordo-di-giovanni-nencioni-una-presentazione,La giornata in ricordo di Giovanni Nencioni. Una presentazione,ARTICOLI,ARTICOLI,False,False,"VI, 2018/3 (luglio-settembre)",7,chiuso,HTML+PDF,https://id.accademiadellacrusca.org/File/Download?code=18a7f7b9-0441-4d2e-a09e-176ce0268860,La giornata in ricordo di Giovanni Nencioni. Una presentazione | Claudio  Marazzini | Pagine | 76-76 - | PDF
261,https://id.accademiadellacrusca.org/articoli/lezioni-di-vita-e-insegnamenti-profondi-dai-miei-incontri-con-giovanni-nencioni/261,lezioni-di-vita-e-insegnamenti-profondi-dai-miei-incontri-con-giovanni-nencioni,Lezioni di vita e insegnamenti profondi dai miei incontri con Giovanni Nencioni,ARTICOLI,ARTICOLI,False,False,"VI, 2018/3 (luglio-settembre)",7,chiuso,HTML+PDF,https://id.accademiadellacrusca.org/File/Download?code=e23511b0-b08e-4af2-9324-2de4ea831178,Lezioni di vita e insegnamenti profondi dai miei incontri con Giovanni Nencioni | Francesco Sabatini | Pagine | 77-79 - | PDF
205,https://id.accademiadellacrusca.org/articoli/per-giovanni-nencioni/205,per-giovanni-nencioni,Per Giovanni Nencioni,ARTICOLI,ARTICOLI,False,False,"VI, 2018/3 (luglio-settembre)",7,chiuso,HTML+PDF,https://id.accademiadellacrusca.org/File/Download?code=39fac4e4-fa19-46e8-b5aa-d12ee1cf6edb,Per Giovanni Nencioni | Nicoletta  Maraschio | Pagine | 80-84 - | PDF
206,https://id.accademiadellacrusca.org/articoli/ritratto-di-un-maestro-giovanni-nencioni/206,ritratto-di-un-maestro-giovanni-nencioni,Ritratto di un maestro: Giovanni Nencioni,ARTICOLI,ARTICOLI,False,False,"VI, 2018/3 (luglio-settembre)",7,chiuso,HTML+PDF,https://id.accademiadellacrusca.org/File/Download?code=4cec9d6f-56db-4f94-a7e4-ae6cf04ddf33,Ritratto di un maestro: Giovanni Nencioni | Gian Luigi  Beccaria | Pagine | 85-88 - | PDF
207,https://id.accademiadellacrusca.org/articoli/nencioni-maestro/207,nencioni-maestro,Nencioni maestro,ARTICOLI,ARTICOLI,False,False,"VI, 2018/3 (luglio-settembre)",7,chiuso,HTML+PDF,https://id.accademiadellacrusca.org/File/Download?code=be488641-6379-4918-8ea0-548f10841bcb,Nencioni maestro | Pier Marco  Bertinetto | Pagine | 89-93 - | PDF
208,https://id.accademiadellacrusca.org/articoli/giovanni-nencioni/208,giovanni-nencioni,Giovanni Nencioni,ARTICOLI,ARTICOLI,False,False,"VI, 2018/3 (luglio-settembre)",7,chiuso,HTML+PDF,https://id.accademiadellacrusca.org/File/Download?code=47cc2cd4-6ebb-4f74-b66b-5de776d8d319,Giovanni Nencioni | Salvatore  Settis | Pagine | 94-97 - | PDF
209,https://id.accademiadellacrusca.org/articoli/dallarchivio-della-crusca-le-carte-di-nencioni-presidente/209,dallarchivio-della-crusca-le-carte-di-nencioni-presidente,Dall’Archivio della Crusca: le carte di Nencioni presidente,ARTICOLI,ARTICOLI,False,False,"VI, 2018/3 (luglio-settembre)",7,chiuso,HTML+PDF,https://id.accademiadellacrusca.org/File/Download?code=41c7751b-a93f-41e5-b165-9da0f1029c4d,Dall’Archivio della Crusca: le carte di Nencioni presidente | Elisabetta  Benucci e Rita  Romanelli | Pagine | 98-126 - | PDF
210,https://id.accademiadellacrusca.org/articoli/la-delibazione-pigra-e-lanalfabetismo-paradossale-che-cosa--peggio/210,la-delibazione-pigra-e-lanalfabetismo-paradossale-che-cosa--peggio,La delibazione pigra e l’analfabetismo paradossale: che cosa è peggio?,TEMI DI DISCUSSIONE,TEMI DI DISCUSSIONE,False,False,"VI, 2018/3 (luglio-settembre)",7,chiuso,HTML+PDF,https://id.accademiadellacrusca.org/File/Download?code=3f0dd084-baa1-4452-a1e2-1c89b9a1906f,La delibazione pigra e l’analfabetismo paradossale: che cosa è peggio? | Claudio  Marazzini | Pagine | 127-128 - | PDF
211,https://id.accademiadellacrusca.org/articoli/notizie-dallaccademia/211,notizie-dallaccademia,Notizie dall’Accademia,NOTIZIE,NOTIZIE,False,False,"VI, 2018/3 (luglio-settembre)",7,chiuso,HTML+PDF,https://id.accademiadellacrusca.org/File/Download?code=534aaba9-4c93-4a45-b0d1-e1e9e6f5e5d0,Notizie dall’Accademia | A cura del comitato di redazione | Pagine | 129-131 - | PDF
212,https://id.accademiadellacrusca.org/articoli/riferimenti-bibliografici/212,riferimenti-bibliografici,Riferimenti bibliografici,NOTIZIE,NOTIZIE,False,False,"VI, 2018/3 (luglio-settembre)",7,chiuso,HTML+PDF,https://id.accademiadellacrusca.org/File/Download?code=e962345f-b145-4978-a855-174ed0750a81,Riferimenti bibliografici | Pagine | 132-135 - | PDF
147,https://id.accademiadellacrusca.org/articoli/editoriale-del-direttore/147,editoriale-del-direttore,Editoriale del direttore,EDITORIALE,EDITORIALE,False,False,"V, 2018/2 (aprile-giugno)",6,chiuso,HTML+PDF,https://id.accademiadellacrusca.org/File/Download?code=2adbdbe6-cb17-44b7-a63e-d0ec5b9a5ae0,Editoriale del direttore | Marco  Biffi | Pagine | 1-1 - | PDF
148,https://id.accademiadellacrusca.org/articoli/il-contrario-di-mancino--destro-destrimano-o-destrorso/148,il-contrario-di-mancino--destro-destrimano-o-destrorso,"Il contrario di mancino è… destro, destrimano o destrorso ?",CONSULENZE LINGUISTICHE,CONSULENZA LINGUISTICA,True,False,"V, 2018/2 (aprile-giugno)",6,chiuso,HTML+PDF,https://id.accademiadellacrusca.org/File/Download?code=75a4ad68-a0c5-4338-98c7-625289806fe8,"Il contrario di | mancino | è… | destro, destrimano | o | destrorso | ? | Barbara  Patella | Pagine | 2-6 - | PDF"
149,https://id.accademiadellacrusca.org/articoli/tempistica-scontistica-eventistica/149,tempistica-scontistica-eventistica,"Tempistica, scontistica, eventistica",CONSULENZE LINGUISTICHE,CONSULENZA LINGUISTICA,True,False,"V, 2018/2 (aprile-giugno)",6,chiuso,HTML+PDF,https://id.accademiadellacrusca.org/File/Download?code=c0f8f1c9-a4a8-4c5a-a1cb-ec749a112852,"Tempistica, scontistica, eventistica | Valeria  Leoncini | Pagine | 7-9 - | PDF"
150,https://id.accademiadellacrusca.org/articoli/quanti-piedi-in-quante-scarpe/150,quanti-piedi-in-quante-scarpe,Quanti piedi in quante scarpe ?,CONSULENZE LINGUISTICHE,CONSULENZA LINGUISTICA,True,False,"V, 2018/2 (aprile-giugno)",6,chiuso,HTML+PDF,https://id.accademiadellacrusca.org/File/Download?code=8c08f7f7-4a5c-4f9d-b7f7-bfc8da74d276,Quanti | piedi | in quante | scarpe | ? | Veronica  Boschi | Pagine | 10-13 - | PDF
151,https://id.accademiadellacrusca.org/articoli/se-stiamo-ai-mezzi-allora-stiamo-a-roma/151,se-stiamo-ai-mezzi-allora-stiamo-a-roma,"Se stiamo ai mezzi… , allora stiamo a Roma!",CONSULENZE LINGUISTICHE,CONSULENZA LINGUISTICA,True,False,"V, 2018/2 (aprile-giugno)",6,chiuso,HTML+PDF,https://id.accademiadellacrusca.org/File/Download?code=4506a116-e9de-4338-8331-39f16037924d,"Se stiamo | ai mezzi… | , allora stiamo a Roma! | Paolo  D’Achille e Kevin  De Vecchis | Pagine | 14-18 - | PDF"
152,https://id.accademiadellacrusca.org/articoli/su-dante-causa-e-il-suo-plurale/152,su-dante-causa-e-il-suo-plurale,Su dante causa e il suo plurale,CONSULENZE LINGUISTICHE,CONSULENZA LINGUISTICA,True,False,"V, 2018/2 (aprile-giugno)",6,chiuso,HTML+PDF,https://id.accademiadellacrusca.org/File/Download?code=bc87a379-54c5-4c3e-b1c5-33c3c09bbfba,Su | dante causa | e il suo plurale | Luisa  di Valvasone | Pagine | 19-21 - | PDF
153,https://id.accademiadellacrusca.org/articoli/per-chi-tifiamo/153,per-chi-tifiamo,Per chi tifiamo ?,CONSULENZE LINGUISTICHE,CONSULENZA LINGUISTICA,True,False,"V, 2018/2 (aprile-giugno)",6,chiuso,HTML+PDF,https://id.accademiadellacrusca.org/File/Download?code=13131591-af29-4f4b-a718-c2fd60147d1c,Per | chi | tifiamo | ? | Claudio  Giovanardi | Pagine | 22-22 - | PDF
154,https://id.accademiadellacrusca.org/articoli/masterare-o-masterizzare/154,masterare-o-masterizzare,Masterare o masterizzare ?,CONSULENZE LINGUISTICHE,CONSULENZA LINGUISTICA,True,False,"V, 2018/2 (aprile-giugno)",6,chiuso,HTML+PDF,https://id.accademiadellacrusca.org/File/Download?code=bfa7cc09-b086-4dba-ada5-9bf7cbf79835,Masterare | o | masterizzare | ? | Lucia  Francalanci | Pagine | 23-28 - | PDF
155,https://id.accademiadellacrusca.org/articoli/insito-in-insito-a-o-insito-di-insito--come-innato-e-si-pu-dire-insitamente/155,insito-in-insito-a-o-insito-di-insito--come-innato-e-si-pu-dire-insitamente,"Insito in, insito a o insito di ? Insito è come innato ? E si può dire insitamente ?",CONSULENZE LINGUISTICHE,CONSULENZA LINGUISTICA,True,False,"V, 2018/2 (aprile-giugno)",6,chiuso,HTML+PDF,https://id.accademiadellacrusca.org/File/Download?code=0998b4d6-7065-4b33-8626-d18251d59326,"Insito in, insito a | o | insito di | ? | Insito | è come | innato | ? E si può dire | insitamente | ? | Giuseppe Patota | Pagine | 29-29 - | PDF"
156,https://id.accademiadellacrusca.org/articoli/ingiustamente-accusato-di-neologia-gelicidio/156,ingiustamente-accusato-di-neologia-gelicidio,Ingiustamente accusato di neologia: gelicidio,CONSULENZE LINGUISTICHE,CONSULENZA LINGUISTICA,True,False,"V, 2018/2 (aprile-giugno)",6,chiuso,HTML+PDF,https://id.accademiadellacrusca.org/File/Download?code=56d9e16b-4f9c-49eb-9f89-dd9862b746fb,Ingiustamente accusato di neologia: | gelicidio | Vera  Gheno | Pagine | 30-34 - | PDF
157,https://id.accademiadellacrusca.org/articoli/attagliamento/157,attagliamento,Attagliamento,CONSULENZE LINGUISTICHE,CONSULENZA LINGUISTICA,True,False,"V, 2018/2 (aprile-giugno)",6,chiuso,HTML+PDF,https://id.accademiadellacrusca.org/File/Download?code=5f55f9bd-05b9-4a03-ba04-7775599e9631,Attagliamento | Andrea  Viviani | Pagine | 35-36 - | PDF
158,https://id.accademiadellacrusca.org/articoli/da-chi-compriamo-il-kebab-dal-kebabbaro-dal-kebabbaio-o-dal-kebabista/158,da-chi-compriamo-il-kebab-dal-kebabbaro-dal-kebabbaio-o-dal-kebabista,"Da chi compriamo il kebab? Dal kebabbaro , dal kebabbaio o dal kebabista ?",CONSULENZE LINGUISTICHE,CONSULENZA LINGUISTICA,True,False,"V, 2018/2 (aprile-giugno)",6,chiuso,HTML+PDF,https://id.accademiadellacrusca.org/File/Download?code=3f914f4a-5e52-48be-96a2-d13c2831c023,"Da chi compriamo il kebab? Dal | kebabbaro | , dal | kebabbaio | o dal | kebabista | ? | Miriam  Di Carlo | Pagine | 37-40 - | PDF"
159,https://id.accademiadellacrusca.org/articoli/sandokan-era-malese-o-malesiano-e-se-fosse-nato-a-singapore/159,sandokan-era-malese-o-malesiano-e-se-fosse-nato-a-singapore,Sandokan era malese o malesiano ? E se fosse nato a Singapore?,CONSULENZE LINGUISTICHE,CONSULENZA LINGUISTICA,True,False,"V, 2018/2 (aprile-giugno)",6,chiuso,HTML+PDF,https://id.accademiadellacrusca.org/File/Download?code=72c7b24a-d398-453d-84ac-dafe0d83f2bb,Sandokan era | malese | o | malesiano | ? E se fosse nato a Singapore? | Paolo  D’Achille | Pagine | 41-42 - | PDF
160,https://id.accademiadellacrusca.org/articoli/gentrificazione-ma-che-vuol-dire/160,gentrificazione-ma-che-vuol-dire,"Gentrificazione , ma che vuol dire?",CONSULENZE LINGUISTICHE,CONSULENZA LINGUISTICA,True,False,"V, 2018/2 (aprile-giugno)",6,chiuso,HTML+PDF,https://id.accademiadellacrusca.org/File/Download?code=b18faad6-3941-479d-80af-9a8977ee243d,"Gentrificazione | , ma che vuol dire? | Raffaella  Setti | Pagine | 43-45 - | PDF"
161,https://id.accademiadellacrusca.org/articoli/ci-si-pu-messaggiare-senza-problemi-se-residuano-crediti/161,ci-si-pu-messaggiare-senza-problemi-se-residuano-crediti,Ci si può messaggiare senza problemi (se residuano crediti…),CONSULENZE LINGUISTICHE,CONSULENZA LINGUISTICA,True,False,"V, 2018/2 (aprile-giugno)",6,chiuso,HTML+PDF,https://id.accademiadellacrusca.org/File/Download?code=433b83c4-bf74-47e6-a438-1baad1838127,Ci si può | messaggiare | senza problemi (se | residuano | crediti…) | Edoardo  Lombardi Vallauri | Pagine | 46-47 - | PDF
162,https://id.accademiadellacrusca.org/articoli/la-presbiopia-mi-rende-presbite-o-presbiope/162,la-presbiopia-mi-rende-presbite-o-presbiope,La presbiopia mi rende presbite o presbiope ?,CONSULENZE LINGUISTICHE,CONSULENZA LINGUISTICA,True,False,"V, 2018/2 (aprile-giugno)",6,chiuso,HTML+PDF,https://id.accademiadellacrusca.org/File/Download?code=eef12b8a-5477-4ddd-a12a-6406269a025f,La presbiopia mi rende | presbite | o | presbiope | ? | Luisa  di Valvasone | Pagine | 48-51 - | PDF
163,https://id.accademiadellacrusca.org/articoli/che-cosa-si-pu-negare-con-in-/163,che-cosa-si-pu-negare-con-in-,Che cosa si può negare con in -?,CONSULENZE LINGUISTICHE,CONSULENZA LINGUISTICA,True,False,"V, 2018/2 (aprile-giugno)",6,chiuso,HTML+PDF,https://id.accademiadellacrusca.org/File/Download?code=5fd82ec3-c0c4-4ad3-b963-baf62fb5a98f,Che cosa si può negare con | in | -? | Claudio  Iacobini | Pagine | 52-54 - | PDF
164,https://id.accademiadellacrusca.org/articoli/giovare-e-giovarsi/164,giovare-e-giovarsi,Giovare e giovarsi,CONSULENZE LINGUISTICHE,CONSULENZA LINGUISTICA,True,False,"V, 2018/2 (aprile-giugno)",6,chiuso,HTML+PDF,https://id.accademiadellacrusca.org/File/Download?code=30f94051-0caa-48d1-bab0-ad6ce0901341,Giovare | e | giovarsi | Vittorio  Coletti | Pagine | 55-56 - | PDF
165,https://id.accademiadellacrusca.org/articoli/coercire-o-coercere-tessere-o-tessire-ergere-o-erigere-rimpicciolire-orimpiccolire-dubbi-amletici-su/165,coercire-o-coercere-tessere-o-tessire-ergere-o-erigere-rimpicciolire-orimpiccolire-dubbi-amletici-su,Coercire o coercere ? Tessere o tessire ? Ergere o erigere ? Rimpicciolire o rimpiccolire ? Dubbi amletici sui verbi,CONSULENZE LINGUISTICHE,CONSULENZA LINGUISTICA,True,False,"V, 2018/2 (aprile-giugno)",6,chiuso,HTML+PDF,https://id.accademiadellacrusca.org/File/Download?code=90214561-9b8d-4849-a29e-d3fa6d680438,Coercire | o | coercere | ? | Tessere | o | tessire | ? | Ergere | o | erigere | ? | Rimpicciolire | o | rimpiccolire | ? Dubbi amletici sui verbi | Riccardo  Cimaglia | Pagine | 57-58 - | PDF
166,https://id.accademiadellacrusca.org/articoli/si-pu-tradurre-follow-up/166,si-pu-tradurre-follow-up,Si può tradurre follow-up ?,CONSULENZE LINGUISTICHE,CONSULENZA LINGUISTICA,True,False,"V, 2018/2 (aprile-giugno)",6,chiuso,HTML+PDF,https://id.accademiadellacrusca.org/File/Download?code=743c3a20-a9a3-44f0-adf8-3eb0df490987,Si può tradurre | follow-up | ? | Edoardo  Lombardi Vallauri | Pagine | 59-60 - | PDF
167,https://id.accademiadellacrusca.org/articoli/ma-dove-si-comprano-le-sigarette-dal-tabacchino-al-tabacchinodal-tabaccaio-o-alla-tabaccheria/167,ma-dove-si-comprano-le-sigarette-dal-tabacchino-al-tabacchinodal-tabaccaio-o-alla-tabaccheria,"Ma dove si comprano le sigarette? Dal tabacchino, al tabacchino,
dal tabaccaio o alla tabaccheria ?",CONSULENZE LINGUISTICHE,CONSULENZA LINGUISTICA,True,False,"V, 2018/2 (aprile-giugno)",6,chiuso,HTML+PDF,https://id.accademiadellacrusca.org/File/Download?code=6c677016-77d5-4624-a74c-74e1955838df,"Ma dove si comprano le sigarette? | Dal tabacchino, al tabacchino,
dal tabaccaio | o | alla tabaccheria | ? | Annalisa  Nesi | Pagine | 61-67 - | PDF"
168,https://id.accademiadellacrusca.org/articoli/patrocinio-o-patronato-per-me-pari-sono-o-no/168,patrocinio-o-patronato-per-me-pari-sono-o-no,Patrocinio o patronato per me pari sono (o no?),CONSULENZE LINGUISTICHE,CONSULENZA LINGUISTICA,True,False,"V, 2018/2 (aprile-giugno)",6,chiuso,HTML+PDF,https://id.accademiadellacrusca.org/File/Download?code=eff2f8e5-9291-44b7-904d-70ac9248443e,Patrocinio | o | patronato | per me pari sono (o no?) | Claudio  Giovanardi | Pagine | 68-68 - | PDF
169,https://id.accademiadellacrusca.org/articoli/limportanza-di-essere-visionario/169,limportanza-di-essere-visionario,L’importanza di essere visionario,CONSULENZE LINGUISTICHE,CONSULENZA LINGUISTICA,True,False,"V, 2018/2 (aprile-giugno)",6,chiuso,HTML+PDF,https://id.accademiadellacrusca.org/File/Download?code=4d39b1af-41c4-4a22-9782-0836216c8748,L’importanza di essere | visionario | Edoardo  Lombardi Vallauri | Pagine | 69-73 - | PDF
170,https://id.accademiadellacrusca.org/articoli/biglietti-volati-e-biglietti-viaggiati-linsolito-dinamismo-del-titolo-diviaggio/170,biglietti-volati-e-biglietti-viaggiati-linsolito-dinamismo-del-titolo-diviaggio,"Biglietti volati e biglietti viaggiati : l’insolito dinamismo del “titolo di
viaggio”",CONSULENZE LINGUISTICHE,CONSULENZA LINGUISTICA,True,False,"V, 2018/2 (aprile-giugno)",6,chiuso,HTML+PDF,https://id.accademiadellacrusca.org/File/Download?code=a42dbbef-04ed-48d9-a7dd-d14aa2d9c2bf,"Biglietti | volati | e biglietti | viaggiati | : l’insolito dinamismo del “titolo di
viaggio” | Matilde  Paoli | Pagine | 74-79 - | PDF"
171,https://id.accademiadellacrusca.org/articoli/eleggibile-o-eligibile-gemelli-separati-alla-nascita/171,eleggibile-o-eligibile-gemelli-separati-alla-nascita,Eleggibile o eligibile ? Gemelli separati alla nascita,CONSULENZE LINGUISTICHE,CONSULENZA LINGUISTICA,True,False,"V, 2018/2 (aprile-giugno)",6,chiuso,HTML+PDF,https://id.accademiadellacrusca.org/File/Download?code=ba0cdfbc-2bb4-4fa9-a2f0-60534ca201cd,Eleggibile | o | eligibile | ? Gemelli separati alla nascita | Claudio  Giovanardi | Pagine | 80-81 - | PDF
172,https://id.accademiadellacrusca.org/articoli/si-pu-sopprimere-un-cadavere/172,si-pu-sopprimere-un-cadavere,Si può sopprimere un cadavere?,CONSULENZE LINGUISTICHE,CONSULENZA LINGUISTICA,True,False,"V, 2018/2 (aprile-giugno)",6,chiuso,HTML+PDF,https://id.accademiadellacrusca.org/File/Download?code=6e70be28-3dd8-4902-9597-21ca18812564,Si può | sopprimere | un cadavere? | Luisa  di Valvasone | Pagine | 82-86 - | PDF
173,https://id.accademiadellacrusca.org/articoli/cadere-e-cascare/173,cadere-e-cascare,Cadere e cascare,LA CRUSCA RISPOSE,LA CRUSCA RISPOSE,True,False,"V, 2018/2 (aprile-giugno)",6,chiuso,HTML+PDF,https://id.accademiadellacrusca.org/File/Download?code=0eb30d47-b10a-49db-9d04-ffb9c68711b9,Cadere | e | cascare | Francesca  Cialdini | Pagine | 87-89 - | PDF
174,https://id.accademiadellacrusca.org/articoli/un-dolce-mal-dafrica-storia-di-bongo/174,un-dolce-mal-dafrica-storia-di-bongo,Un dolce mal d’Africa: storia di bongo,LA CRUSCA RISPOSE,LA CRUSCA RISPOSE,True,False,"V, 2018/2 (aprile-giugno)",6,chiuso,HTML+PDF,https://id.accademiadellacrusca.org/File/Download?code=4996f498-c4a0-46a9-8600-0b1a9e30e5dc,Un dolce mal d’Africa: storia di | bongo | Neri  Binazzi | Pagine | 90-93 - | PDF
175,https://id.accademiadellacrusca.org/articoli/socquatto--una-parola-della-lingua-italiana/175,socquatto--una-parola-della-lingua-italiana,Socquatto è una parola della lingua italiana?,LA CRUSCA RISPOSE,LA CRUSCA RISPOSE,True,False,"V, 2018/2 (aprile-giugno)",6,chiuso,HTML+PDF,https://id.accademiadellacrusca.org/File/Download?code=e607cced-319a-4bae-b9cd-923231580712,Socquatto | è una parola della lingua italiana? | Laura  Eliseo | Pagine | 94-96 - | PDF
176,https://id.accademiadellacrusca.org/articoli/burger/176,burger,Burger,PAROLE NUOVE,PAROLE NUOVE,False,True,"V, 2018/2 (aprile-giugno)",6,chiuso,HTML+PDF,https://id.accademiadellacrusca.org/File/Download?code=9c593f41-fcc7-4ebc-bae7-dc2ec51efd18,Burger | Miriam  Di Carlo | Pagine | 97-101 - | PDF
177,https://id.accademiadellacrusca.org/articoli/web-serie-webserie-o-serie-web-le-molteplici-forme-della-serialit-in-rete/177,web-serie-webserie-o-serie-web-le-molteplici-forme-della-serialit-in-rete,"Web serie, webserie o serie web ? Le molteplici forme della serialità in rete",PAROLE NUOVE,PAROLE NUOVE,False,True,"V, 2018/2 (aprile-giugno)",6,chiuso,HTML+PDF,https://id.accademiadellacrusca.org/File/Download?code=83a7145f-5f7b-4b38-a0fb-b96198fa39e1,"Web serie, webserie | o | serie web | ? Le molteplici forme della serialità in rete | Veronica  Boschi | Pagine | 102-105 - | PDF"
178,https://id.accademiadellacrusca.org/articoli/uno-spettro-si-aggira-per-lunione-europea-lo-spettro-del-sovranismo/178,uno-spettro-si-aggira-per-lunione-europea-lo-spettro-del-sovranismo,Uno spettro si aggira per l’Unione Europea: lo spettro del sovranismo,PAROLE NUOVE,PAROLE NUOVE,False,True,"V, 2018/2 (aprile-giugno)",6,chiuso,HTML+PDF,https://id.accademiadellacrusca.org/File/Download?code=64c722ff-d226-4f44-9bbe-aafc44266652,Uno spettro si aggira per l’Unione Europea: lo spettro del | sovranismo | Matilde  Paoli | Pagine | 106-115 - | PDF
179,https://id.accademiadellacrusca.org/articoli/la-lingua-del-medico/179,la-lingua-del-medico,La lingua del medico,ARTICOLI,ARTICOLI,False,False,"V, 2018/2 (aprile-giugno)",6,chiuso,HTML+PDF,https://id.accademiadellacrusca.org/File/Download?code=45212160-5e32-4656-8bfa-f02b0bdbb504,La lingua del medico | Francesco  Calamo-Specchia | Pagine | 116-120 - | PDF
180,https://id.accademiadellacrusca.org/articoli/notizie/180,notizie,Notizie,Notizie,NOTIZIE,False,False,"V, 2018/2 (aprile-giugno)",6,chiuso,HTML+PDF,https://id.accademiadellacrusca.org/File/Download?code=71c12216-94fd-48ad-a281-a25a7191d647,Notizie | A cura del comitato di redazione | Pagine | 121-123 - | PDF
181,https://id.accademiadellacrusca.org/articoli/riferimenti-bibliografici/181,riferimenti-bibliografici,Riferimenti bibliografici,Notizie,NOTIZIE,False,False,"V, 2018/2 (aprile-giugno)",6,chiuso,HTML+PDF,https://id.accademiadellacrusca.org/File/Download?code=015bee27-d683-401a-a396-8b6de1432c42,Riferimenti bibliografici | Pagine | 124-127 - | PDF
103,https://id.accademiadellacrusca.org/articoli/editoriale-del-direttore/103,editoriale-del-direttore,Editoriale del direttore,EDITORIALE,EDITORIALE,False,False,"IV, 2018/1 (gennaio-marzo)",5,chiuso,HTML+PDF,https://id.accademiadellacrusca.org/File/Download?code=e62a0ff1-0b1f-4f86-91bb-21a61ec98d80,Editoriale del direttore | Marco  Biffi | Pagine | 1-2 - | PDF
104,https://id.accademiadellacrusca.org/articoli/cerchiamo-di-essere-sempre-pi-obiettivi/104,cerchiamo-di-essere-sempre-pi-obiettivi,Cerchiamo di essere sempre più… obiettivi!,CONSULENZE LINGUISTICHE,CONSULENZA LINGUISTICA,True,False,"IV, 2018/1 (gennaio-marzo)",5,chiuso,HTML+PDF,https://id.accademiadellacrusca.org/File/Download?code=ec042c1d-6eef-4bf9-b009-3fd26d8fdb8c,Cerchiamo di essere sempre più… obiettivi! | Paolo  D’Achille | Pagine | 3-5 - | PDF
105,https://id.accademiadellacrusca.org/articoli/dal-mob-killato-al-pg-skillato-il-gergo-dei-giochi-di-ruolo-online/105,dal-mob-killato-al-pg-skillato-il-gergo-dei-giochi-di-ruolo-online,Dal mob killato al pg skillato : il gergo dei giochi di ruolo online,CONSULENZE LINGUISTICHE,CONSULENZA LINGUISTICA,True,False,"IV, 2018/1 (gennaio-marzo)",5,chiuso,HTML+PDF,https://id.accademiadellacrusca.org/File/Download?code=fb9aa100-8723-4786-b409-6f5c1118dc53,Dal | mob killato | al | pg skillato | : il gergo dei giochi di ruolo online | Lucia  Francalanci | Pagine | 6-8 - | PDF
106,https://id.accademiadellacrusca.org/articoli/su-questa-risposta-non-ci-viene-a-piovere/106,su-questa-risposta-non-ci-viene-a-piovere,Su questa risposta non ci viene a piovere !,CONSULENZE LINGUISTICHE,CONSULENZA LINGUISTICA,True,False,"IV, 2018/1 (gennaio-marzo)",5,chiuso,HTML+PDF,https://id.accademiadellacrusca.org/File/Download?code=dee65c7f-4ab1-43bb-8483-3b512cffec7f,Su questa risposta non ci | viene a piovere | ! | Sara  Giovine | Pagine | 9-12 - | PDF
107,https://id.accademiadellacrusca.org/articoli/per-favore-non-facciamo-a-capelli/107,per-favore-non-facciamo-a-capelli,Per favore non facciamo a capelli !,CONSULENZE LINGUISTICHE,CONSULENZA LINGUISTICA,True,False,"IV, 2018/1 (gennaio-marzo)",5,chiuso,HTML+PDF,https://id.accademiadellacrusca.org/File/Download?code=f8497b7b-6cf8-410e-8853-97d09d7338dc,Per favore non | facciamo a capelli | ! | Miriam  Di Carlo | Pagine | 13-16 - | PDF
108,https://id.accademiadellacrusca.org/articoli/la-scala-non-ha-pi-soprani/108,la-scala-non-ha-pi-soprani,“La Scala non ha più soprani …”?,CONSULENZE LINGUISTICHE,CONSULENZA LINGUISTICA,True,False,"IV, 2018/1 (gennaio-marzo)",5,chiuso,HTML+PDF,https://id.accademiadellacrusca.org/File/Download?code=09568efa-c8ac-490a-87e0-51593c10e900,“La Scala non ha più | soprani | …”? | Paolo  D'Achille | Pagine | 17-19 - | PDF
109,https://id.accademiadellacrusca.org/articoli/chi-sono-gli-abitanti-della-o-del-costa-rica/109,chi-sono-gli-abitanti-della-o-del-costa-rica,Chi sono gli abitanti della (o del ) Costa Rica ?,CONSULENZE LINGUISTICHE,CONSULENZA LINGUISTICA,True,False,"IV, 2018/1 (gennaio-marzo)",5,chiuso,HTML+PDF,https://id.accademiadellacrusca.org/File/Download?code=8673f43b-d70c-47ee-8877-b2db1b634f7d,Chi sono gli abitanti | della | (o | del | ) | Costa Rica | ? | Paolo  D'Achille | Pagine | 20-21 - | PDF
110,https://id.accademiadellacrusca.org/articoli/sismico-o-antisismico/110,sismico-o-antisismico,Sismico o antisismico ?,CONSULENZE LINGUISTICHE,CONSULENZA LINGUISTICA,True,False,"IV, 2018/1 (gennaio-marzo)",5,chiuso,HTML+PDF,https://id.accademiadellacrusca.org/File/Download?code=6993f81d-56e6-4d71-93c3-4ae4fb7e2acf,Sismico | o | antisismico | ? | Stefania  Iannizzotto e Angela  Frati | Pagine | 22-23 - | PDF
111,https://id.accademiadellacrusca.org/articoli/razzismo-che-brutta-parola/111,razzismo-che-brutta-parola,Razzismo : che brutta parola!,CONSULENZE LINGUISTICHE,CONSULENZA LINGUISTICA,True,False,"IV, 2018/1 (gennaio-marzo)",5,chiuso,HTML+PDF,https://id.accademiadellacrusca.org/File/Download?code=24b334b6-0b12-4ff5-80b9-14040d83ef97,Razzismo | : che brutta parola! | Paolo  D’Achille | Pagine | 24-25 - | PDF
112,https://id.accademiadellacrusca.org/articoli/complemento-dagente-o-di-causa-efficiente/112,complemento-dagente-o-di-causa-efficiente,Complemento d’agente o di causa efficiente?,CONSULENZE LINGUISTICHE,CONSULENZA LINGUISTICA,True,False,"IV, 2018/1 (gennaio-marzo)",5,chiuso,HTML+PDF,https://id.accademiadellacrusca.org/File/Download?code=06dceb1d-ec14-47f6-86a9-85c8c9da6220,Complemento d’agente o di causa efficiente? | Veronica  Boschi | Pagine | 26-28 - | PDF
113,https://id.accademiadellacrusca.org/articoli/-irruente-e-sonnolento/113,-irruente-e-sonnolento,È irruente e sonnolento !,CONSULENZE LINGUISTICHE,CONSULENZA LINGUISTICA,True,False,"IV, 2018/1 (gennaio-marzo)",5,chiuso,HTML+PDF,https://id.accademiadellacrusca.org/File/Download?code=67a51125-46bb-48fd-a0d7-d9620f9c1a26,È | irruente | e | sonnolento | ! | Vittorio  Coletti e Valeria  Leoncini | Pagine | 29-30 - | PDF
114,https://id.accademiadellacrusca.org/articoli/vengo-a-prenderti-con-il-mio-ferrari-o-con-la-mia-ferrari/114,vengo-a-prenderti-con-il-mio-ferrari-o-con-la-mia-ferrari,Vengo a prenderti con il mio Ferrari ... O con la mia Ferrari ?,CONSULENZE LINGUISTICHE,CONSULENZA LINGUISTICA,True,False,"IV, 2018/1 (gennaio-marzo)",5,chiuso,HTML+PDF,https://id.accademiadellacrusca.org/File/Download?code=0eadb1e4-1dd8-4513-b3f9-ab602c6f8a38,Vengo a prenderti con | il mio Ferrari | ... O con | la mia Ferrari | ? | Anna M.  Thornton | Pagine | 31-34 - | PDF
115,https://id.accademiadellacrusca.org/articoli/stai-leggendo-la-risposta-sulla-perifrasi-progressiva-stare--gerundio-delverbo-stare-e-del-verbo-ess/115,stai-leggendo-la-risposta-sulla-perifrasi-progressiva-stare--gerundio-delverbo-stare-e-del-verbo-ess,"Stai leggendo la risposta sulla perifrasi progressiva stare + gerundio del
verbo stare e del verbo essere",CONSULENZE LINGUISTICHE,CONSULENZA LINGUISTICA,True,False,"IV, 2018/1 (gennaio-marzo)",5,chiuso,HTML+PDF,https://id.accademiadellacrusca.org/File/Download?code=db3bce1d-7cf0-481a-b943-9366e6ddd024,"Stai leggendo | la risposta sulla perifrasi progressiva | stare | + gerundio del
verbo | stare | e del verbo | essere | Raffaella  Setti | Pagine | 35-37 - | PDF"
116,https://id.accademiadellacrusca.org/articoli/ci-sono-solo-lucani-in-basilicata/116,ci-sono-solo-lucani-in-basilicata,Ci sono solo lucani in Basilicata?,CONSULENZE LINGUISTICHE,CONSULENZA LINGUISTICA,True,False,"IV, 2018/1 (gennaio-marzo)",5,chiuso,HTML+PDF,https://id.accademiadellacrusca.org/File/Download?code=273ffe16-c7a4-4f41-9b45-1961974e6df8,Ci sono solo | lucani | in Basilicata? | Paolo  D’Achille | Pagine | 38-39 - | PDF
117,https://id.accademiadellacrusca.org/articoli/cyber-/117,cyber-,CYBER -,CONSULENZE LINGUISTICHE,CONSULENZA LINGUISTICA,True,False,"IV, 2018/1 (gennaio-marzo)",5,chiuso,HTML+PDF,https://id.accademiadellacrusca.org/File/Download?code=eb376dcc-0881-4899-9095-bbc5af27d653,CYBER | - | Valeria  Leoncini | Pagine | 40-42 - | PDF
118,https://id.accademiadellacrusca.org/articoli/sul-genere-grammaticale-di-euro/118,sul-genere-grammaticale-di-euro,Sul genere grammaticale di euro,CONSULENZE LINGUISTICHE,CONSULENZA LINGUISTICA,True,False,"IV, 2018/1 (gennaio-marzo)",5,chiuso,HTML+PDF,https://id.accademiadellacrusca.org/File/Download?code=48be0630-2650-4e3c-824a-aeec9d9739ad,Sul genere grammaticale di | euro | Rossella  Varvara | Pagine | 43-47 - | PDF
119,https://id.accademiadellacrusca.org/articoli/che-buriana--arrivato-il-buran/119,che-buriana--arrivato-il-buran,Che buriana : è arrivato il buran !,CONSULENZE LINGUISTICHE,CONSULENZA LINGUISTICA,True,False,"IV, 2018/1 (gennaio-marzo)",5,chiuso,HTML+PDF,https://id.accademiadellacrusca.org/File/Download?code=7c4e5550-e424-41f4-95f9-7c8a6a5aa4ed,Che | buriana | : è arrivato il | buran | ! | Alberto  Nocentini | Pagine | 48-49 - | PDF
120,https://id.accademiadellacrusca.org/articoli/si-pu-essere-un-patriota-con-una-o-con-due-t/120,si-pu-essere-un-patriota-con-una-o-con-due-t,Si può essere un patriota con una o con due t,CONSULENZE LINGUISTICHE,CONSULENZA LINGUISTICA,True,False,"IV, 2018/1 (gennaio-marzo)",5,chiuso,HTML+PDF,https://id.accademiadellacrusca.org/File/Download?code=c203c823-e0d0-44d9-8a1a-abf243f5fcdf,Si può essere un | patriota | con una o con due | t | Giuseppe  Patota | Pagine | 50-50 - | PDF
121,https://id.accademiadellacrusca.org/articoli/terrorista-o-terroristico-umanista-o-umanistico/121,terrorista-o-terroristico-umanista-o-umanistico,Terrorista o terroristico ? Umanista o umanistico ?,CONSULENZE LINGUISTICHE,CONSULENZA LINGUISTICA,True,False,"IV, 2018/1 (gennaio-marzo)",5,chiuso,HTML+PDF,https://id.accademiadellacrusca.org/File/Download?code=4354d312-a54e-4b41-ab26-c4f062a55b51,Terrorista | o | terroristico | ? | Umanista | o | umanistico | ? | Edoardo Lombardi Vallauri | Pagine | 51-53 - | PDF
122,https://id.accademiadellacrusca.org/articoli/che-stress-questo-abuso-di-stressare/122,che-stress-questo-abuso-di-stressare,Che stress questo (ab)uso di stressare !,CONSULENZE LINGUISTICHE,CONSULENZA LINGUISTICA,True,False,"IV, 2018/1 (gennaio-marzo)",5,chiuso,HTML+PDF,https://id.accademiadellacrusca.org/File/Download?code=c27ab848-a7ae-46aa-bec6-3593c31562d2,Che | stress | questo (ab)uso di | stressare | ! | Sara  Giovine | Pagine | 54-56 - | PDF
123,https://id.accademiadellacrusca.org/articoli/non-sempre-un-portiere--un-portinaio/123,non-sempre-un-portiere--un-portinaio,Non sempre un portiere è un portinaio,CONSULENZE LINGUISTICHE,CONSULENZA LINGUISTICA,True,False,"IV, 2018/1 (gennaio-marzo)",5,chiuso,HTML+PDF,https://id.accademiadellacrusca.org/File/Download?code=e9575309-1239-46e6-9963-f22b3990d2de,Non sempre un | portiere | è un | portinaio | Paolo  D’Achille | Pagine | 57-59 - | PDF
124,https://id.accademiadellacrusca.org/articoli/processo-allo-sprocedato/124,processo-allo-sprocedato,Processo allo sprocedato,CONSULENZE LINGUISTICHE,CONSULENZA LINGUISTICA,True,False,"IV, 2018/1 (gennaio-marzo)",5,chiuso,HTML+PDF,https://id.accademiadellacrusca.org/File/Download?code=da23f0ca-ba36-405c-ac75-60125494b5c7,Processo allo | sprocedato | Miriam  Di Carlo | Pagine | 60-63 - | PDF
125,https://id.accademiadellacrusca.org/articoli/va-benissimamente-forse-no/125,va-benissimamente-forse-no,Va BENISSIMAMENTE ? Forse no!,CONSULENZE LINGUISTICHE,CONSULENZA LINGUISTICA,True,False,"IV, 2018/1 (gennaio-marzo)",5,chiuso,HTML+PDF,https://id.accademiadellacrusca.org/File/Download?code=f997f991-3590-4650-a636-1d77454564ec,Va | BENISSIMAMENTE | ? Forse no! | Valeria  Leoncini | Pagine | 64-65 - | PDF
126,https://id.accademiadellacrusca.org/articoli/ganivello-chi-era-costui/126,ganivello-chi-era-costui,Ganivello : chi era costui?,CONSULENZE LINGUISTICHE,CONSULENZA LINGUISTICA,True,False,"IV, 2018/1 (gennaio-marzo)",5,chiuso,HTML+PDF,https://id.accademiadellacrusca.org/File/Download?code=587f8c4b-018b-4d88-a264-3922ebbc2eb3,Ganivello | : chi era costui? | Matilde  Paoli | Pagine | 66-70 - | PDF
127,https://id.accademiadellacrusca.org/articoli/comfort-confortevole-cofirmatario-com--con-o-co-/127,comfort-confortevole-cofirmatario-com--con-o-co-,"Comfort, confortevole, cofirmatario: com-, con- o co- ?",CONSULENZE LINGUISTICHE,CONSULENZA LINGUISTICA,True,False,"IV, 2018/1 (gennaio-marzo)",5,chiuso,HTML+PDF,https://id.accademiadellacrusca.org/File/Download?code=11efa66d-76da-443a-a516-1ff72fe585bc,"Comfort, confortevole, cofirmatario: com-, con- o co- | ? | Claudio  Iacobini | Pagine | 71-73 - | PDF"
128,https://id.accademiadellacrusca.org/articoli/credo--anche-plurale-non-credi/128,credo--anche-plurale-non-credi,Credo è anche plurale: non credi ?,CONSULENZE LINGUISTICHE,CONSULENZA LINGUISTICA,True,False,"IV, 2018/1 (gennaio-marzo)",5,chiuso,HTML+PDF,https://id.accademiadellacrusca.org/File/Download?code=06829d47-c0df-4772-acce-3573ffedb767,Credo | è anche plurale: non | credi | ? | Paolo  D’Achille | Pagine | 74-76 - | PDF
129,https://id.accademiadellacrusca.org/articoli/origine-di-gibigiana/129,origine-di-gibigiana,Origine di gibigiana,LA CRUSCA RISPOSE,LA CRUSCA RISPOSE,True,False,"IV, 2018/1 (gennaio-marzo)",5,chiuso,HTML+PDF,https://id.accademiadellacrusca.org/File/Download?code=199c0da4-cbf5-4fee-b154-1680d796d987,Origine di | gibigiana | Matilde  Paoli | Pagine | 77-79 - | PDF
130,https://id.accademiadellacrusca.org/articoli/quellodore-particolare-detto-in-veneto-freschn/130,quellodore-particolare-detto-in-veneto-freschn,Quell’odore particolare detto in Veneto freschìn,LA CRUSCA RISPOSE,LA CRUSCA RISPOSE,True,False,"IV, 2018/1 (gennaio-marzo)",5,chiuso,HTML+PDF,https://id.accademiadellacrusca.org/File/Download?code=08c79bab-5c7f-48ae-8cc2-e224a1ee6a24,Quell’odore particolare detto in Veneto | freschìn | Vera  Gheno | Pagine | 80-82 - | PDF
131,https://id.accademiadellacrusca.org/articoli/chi--il-balengo/131,chi--il-balengo,Chi è il balengo ?,LA CRUSCA RISPOSE,LA CRUSCA RISPOSE,True,False,"IV, 2018/1 (gennaio-marzo)",5,chiuso,HTML+PDF,https://id.accademiadellacrusca.org/File/Download?code=c38b50af-e924-465f-addc-fb1970a6da2c,Chi è il | balengo | ? | Barbara  Fanini | Pagine | 83-85 - | PDF
132,https://id.accademiadellacrusca.org/articoli/ma-linfluencer-potrebbe-essere-un-influenzatore/132,ma-linfluencer-potrebbe-essere-un-influenzatore,Ma l’ influencer potrebbe essere un influenzatore?,PAROLE NUOVE,PAROLE NUOVE,False,True,"IV, 2018/1 (gennaio-marzo)",5,chiuso,HTML+PDF,https://id.accademiadellacrusca.org/File/Download?code=02a2140f-7ae2-49d4-8f31-d2a901bd82bf,Ma l’ | influencer | potrebbe essere un influenzatore? | Vera  Gheno | Pagine | 86-88 - | PDF
133,https://id.accademiadellacrusca.org/articoli/ghosting-quando-il-partner-e-litaliano-diventa-un-fantasma/133,ghosting-quando-il-partner-e-litaliano-diventa-un-fantasma,Ghosting : quando il partner (e l’italiano) diventa un fantasma,PAROLE NUOVE,PAROLE NUOVE,False,True,"IV, 2018/1 (gennaio-marzo)",5,chiuso,HTML+PDF,https://id.accademiadellacrusca.org/File/Download?code=2c73dd16-306e-47bf-bac9-215fec71d334,Ghosting | : quando il partner (e l’italiano) diventa un fantasma | Sara  Giovine | Pagine | 89-91 - | PDF
134,https://id.accademiadellacrusca.org/articoli/i-bulli-bulleggiano-bullano-o-bullizzano/134,i-bulli-bulleggiano-bullano-o-bullizzano,"I bulli bulleggiano, bullano o bullizzano ?",PAROLE NUOVE,PAROLE NUOVE,False,True,"IV, 2018/1 (gennaio-marzo)",5,chiuso,HTML+PDF,https://id.accademiadellacrusca.org/File/Download?code=6dbc6f1c-4416-48a4-8ccc-79ea26a1b4a7,"I bulli | bulleggiano, bullano | o | bullizzano | ? | Matilde  Paoli | Pagine | 92-97 - | PDF"
135,https://id.accademiadellacrusca.org/articoli/abbattere-in-abbattitore-un-pesce-abbattuto/135,abbattere-in-abbattitore-un-pesce-abbattuto,Abbattere in abbattitore un pesce abbattuto,PAROLE NUOVE,PAROLE NUOVE,False,True,"IV, 2018/1 (gennaio-marzo)",5,chiuso,HTML+PDF,https://id.accademiadellacrusca.org/File/Download?code=85363c8f-da4a-4bc1-9d9d-c625fd02055c,Abbattere | in | abbattitore | un pesce | abbattuto | Miriam  Di Carlo | Pagine | 98-102 - | PDF
136,https://id.accademiadellacrusca.org/articoli/dressare/136,dressare,Dressare,PAROLE NUOVE,PAROLE NUOVE,False,True,"IV, 2018/1 (gennaio-marzo)",5,chiuso,HTML+PDF,https://id.accademiadellacrusca.org/File/Download?code=43495b0c-799f-4300-9ccb-c63be815c6a8,Dressare | Miriam  Di Carlo | Pagine | 103-108 - | PDF
137,https://id.accademiadellacrusca.org/articoli/la-cortesia-di-friendzonare-vs-la-brutalit-di-rifiutare/137,la-cortesia-di-friendzonare-vs-la-brutalit-di-rifiutare,La cortesia di friendzonare VS la brutalità di rifiutare,PAROLE NUOVE,PAROLE NUOVE,False,True,"IV, 2018/1 (gennaio-marzo)",5,chiuso,HTML+PDF,https://id.accademiadellacrusca.org/File/Download?code=9534f210-fbad-4cc3-bc8b-b8d1f0f1bf51,La cortesia di | friendzonare | VS la brutalità di rifiutare | Miriam  Di Carlo | Pagine | 109-112 - | PDF
138,https://id.accademiadellacrusca.org/articoli/il-gergo-dei-giochi-di-ruolo-online/138,il-gergo-dei-giochi-di-ruolo-online,Il gergo dei giochi di ruolo online,ARTICOLI,ARTICOLI,False,False,"IV, 2018/1 (gennaio-marzo)",5,chiuso,HTML+PDF,https://id.accademiadellacrusca.org/File/Download?code=3dfa4b23-f7e3-45a5-9cb9-9791a13855da,Il gergo dei giochi di ruolo online | Lucia  Francalanci | Pagine | 113-124 - | PDF
139,https://id.accademiadellacrusca.org/articoli/che-complemento-/139,che-complemento-,“Che complemento è?”,ARTICOLI,ARTICOLI,False,False,"IV, 2018/1 (gennaio-marzo)",5,chiuso,HTML+PDF,https://id.accademiadellacrusca.org/File/Download?code=b4f7d161-5f77-4436-bc61-42d1360e3628,“Che complemento è?” | Francesco  Sabatini | Pagine | 125-128 - | PDF
140,https://id.accademiadellacrusca.org/articoli/imprese-lessicografiche-e-grammaticali-riecheggiano-tra-le-dolomiti/140,imprese-lessicografiche-e-grammaticali-riecheggiano-tra-le-dolomiti,Imprese lessicografiche e grammaticali riecheggiano tra le Dolomiti,ARTICOLI,ARTICOLI,False,False,"IV, 2018/1 (gennaio-marzo)",5,chiuso,HTML+PDF,https://id.accademiadellacrusca.org/File/Download?code=0ac71482-1ff1-49ee-a90c-527818e7afe4,Imprese lessicografiche e grammaticali riecheggiano tra le Dolomiti | Marco  Forni | Pagine | 129-131 - | PDF
141,https://id.accademiadellacrusca.org/articoli/il-miur-d-un-calcio-allitaliano/141,il-miur-d-un-calcio-allitaliano,Il MIUR dà un calcio all’italiano,TEMI DI DISCUSSIONE,TEMI DI DISCUSSIONE,False,False,"IV, 2018/1 (gennaio-marzo)",5,chiuso,HTML+PDF,https://id.accademiadellacrusca.org/File/Download?code=12f05120-a027-484f-ad93-a66f07108f5b,Il MIUR dà un calcio all’italiano | Claudio  Marazzini | Pagine | 132-134 - | PDF
142,https://id.accademiadellacrusca.org/articoli/le-parole-hanno-un-peso-razza-sinonimo-di-identit-non-umana/142,le-parole-hanno-un-peso-razza-sinonimo-di-identit-non-umana,"Le parole hanno un peso. Razza, sinonimo di identità non umana",TEMI DI DISCUSSIONE,TEMI DI DISCUSSIONE,False,False,"IV, 2018/1 (gennaio-marzo)",5,chiuso,HTML+PDF,https://id.accademiadellacrusca.org/File/Download?code=543f62ba-a887-456b-9ae9-066c49e98d5f,"Le parole hanno un peso. | Razza, | sinonimo di identità non umana | Lino  Leonardi | Pagine | 135-137 - | PDF"
143,https://id.accademiadellacrusca.org/articoli/la-scuola-digitale/143,la-scuola-digitale,La scuola digitale,TEMI DI DISCUSSIONE,TEMI DI DISCUSSIONE,False,False,"IV, 2018/1 (gennaio-marzo)",5,chiuso,HTML+PDF,https://id.accademiadellacrusca.org/File/Download?code=1d8009dd-35ec-493b-9bd4-a203cc0fbd44,La scuola digitale | Rosario  Coluccia | Pagine | 138-141 - | PDF
144,https://id.accademiadellacrusca.org/articoli/ma-siamo-proprio-sicuri-che-la-lingua-della-ricerca-sia-solo-linglese/144,ma-siamo-proprio-sicuri-che-la-lingua-della-ricerca-sia-solo-linglese,Ma siamo proprio sicuri che la lingua della ricerca sia solo l’inglese?,TEMI DI DISCUSSIONE,TEMI DI DISCUSSIONE,False,False,"IV, 2018/1 (gennaio-marzo)",5,chiuso,HTML+PDF,https://id.accademiadellacrusca.org/File/Download?code=dfc28010-789d-443f-984a-e8615939f4e9,Ma siamo proprio sicuri che la lingua della ricerca sia solo l’inglese? | Claudio  Marazzini | Pagine | 142-150 - | PDF
145,https://id.accademiadellacrusca.org/articoli/notizie/145,notizie,Notizie,NOTIZIE,NOTIZIE,False,False,"IV, 2018/1 (gennaio-marzo)",5,chiuso,HTML+PDF,https://id.accademiadellacrusca.org/File/Download?code=b59a109d-65e6-426f-91ef-9190183d4cbf,Notizie | A cura del comitato di redazione | Pagine | 151-153 - | PDF
146,https://id.accademiadellacrusca.org/articoli/riferimenti-bibliografici/146,riferimenti-bibliografici,Riferimenti bibliografici,NOTIZIE,NOTIZIE,False,False,"IV, 2018/1 (gennaio-marzo)",5,chiuso,HTML+PDF,https://id.accademiadellacrusca.org/File/Download?code=b7178687-ee08-42d7-8cce-4a72a122ac9e,Riferimenti bibliografici | Pagine | 154-157 - | PDF
70,https://id.accademiadellacrusca.org/articoli/editoriale-del-direttore/70,editoriale-del-direttore,Editoriale del direttore,EDITORIALE,EDITORIALE,False,False,"III, 2017/3 (ottobre-dicembre)",4,chiuso,HTML+PDF,https://id.accademiadellacrusca.org/File/Download?code=43d087cc-13da-421d-9379-0b724005b55c,Editoriale del direttore | Marco  Biffi | Pagine | 1-1 - | PDF
71,https://id.accademiadellacrusca.org/articoli/giochiamo-con-il-lego-con-i-lego-o-con-le-lego/71,giochiamo-con-il-lego-con-i-lego-o-con-le-lego,"Giochiamo con il lego , con i lego o con le lego ?",CONSULENZE LINGUISTICHE,CONSULENZA LINGUISTICA,True,False,"III, 2017/3 (ottobre-dicembre)",4,chiuso,HTML+PDF,https://id.accademiadellacrusca.org/File/Download?code=54380fef-cc37-4f5c-8651-0277025d2646,"Giochiamo con | il lego | , con | i lego | o con | le lego | ? | Matilde  Paoli | Pagine | 2-5 - | PDF"
72,https://id.accademiadellacrusca.org/articoli/cachemire-cashmere-o-kashmir/72,cachemire-cashmere-o-kashmir,"Cachemire , cashmere o kashmir ?",CONSULENZE LINGUISTICHE,CONSULENZA LINGUISTICA,True,False,"III, 2017/3 (ottobre-dicembre)",4,chiuso,HTML+PDF,https://id.accademiadellacrusca.org/File/Download?code=2a32c9d2-3c15-4a73-b6eb-4dcd610a1edc,"Cachemire | , | cashmere | o | kashmir | ? | Giuseppe  Sergio | Pagine | 6-7 - | PDF"
73,https://id.accademiadellacrusca.org/articoli/discrasa-o-delle-cattive-mescolanze/73,discrasa-o-delle-cattive-mescolanze,"Discrasìa , o delle cattive mescolanze",CONSULENZE LINGUISTICHE,CONSULENZA LINGUISTICA,True,False,"III, 2017/3 (ottobre-dicembre)",4,chiuso,HTML+PDF,https://id.accademiadellacrusca.org/File/Download?code=74184c35-31e2-41bc-b66f-24b5144e8f9a,"Discrasìa | , o delle cattive mescolanze | Mariella  Canzani | Pagine | 8-12 - | PDF"
74,https://id.accademiadellacrusca.org/articoli/non-saperne-di-quinta/74,non-saperne-di-quinta,Non saperne di quinta,CONSULENZE LINGUISTICHE,CONSULENZA LINGUISTICA,True,False,"III, 2017/3 (ottobre-dicembre)",4,chiuso,HTML+PDF,https://id.accademiadellacrusca.org/File/Download?code=851bfbdd-3110-49a8-80d4-ffac0478f2d3,Non saperne di quinta | Massimo  Cerruti | Pagine | 13-15 - | PDF
75,https://id.accademiadellacrusca.org/articoli/verduriere-o-verduraio-verduraio-o-verdumaio/75,verduriere-o-verduraio-verduraio-o-verdumaio,Verduriere o verduraio ? Verduraio o verdumaio ?,CONSULENZE LINGUISTICHE,CONSULENZA LINGUISTICA,True,False,"III, 2017/3 (ottobre-dicembre)",4,chiuso,HTML+PDF,https://id.accademiadellacrusca.org/File/Download?code=773fd48f-10ec-4778-bd73-493d589a5af5,Verduriere | o | verduraio | ? | Verduraio | o | verdumaio | ? | Miriam  Di Carlo | Pagine | 16-18 - | PDF
76,https://id.accademiadellacrusca.org/articoli/cana-o-cagna/76,cana-o-cagna,Cana o cagna ?,CONSULENZE LINGUISTICHE,CONSULENZA LINGUISTICA,True,False,"III, 2017/3 (ottobre-dicembre)",4,chiuso,HTML+PDF,https://id.accademiadellacrusca.org/File/Download?code=53898d84-9cce-42ad-87bd-3a75da16e7f1,Cana | o | cagna | ? | Paolo  D’Achille | Pagine | 19-19 - | PDF
77,https://id.accademiadellacrusca.org/articoli/ma-i-bangladesi-sono-bengalesi-o-no/77,ma-i-bangladesi-sono-bengalesi-o-no,Ma i bangladesi sono bengalesi o no?,CONSULENZE LINGUISTICHE,CONSULENZA LINGUISTICA,True,False,"III, 2017/3 (ottobre-dicembre)",4,chiuso,HTML+PDF,https://id.accademiadellacrusca.org/File/Download?code=8daaca3c-5ee1-42cd-a8e3-e27abe17e11b,Ma i | bangladesi | sono | bengalesi | o no? | Paolo  D’Achille | Pagine | 20-21 - | PDF
78,https://id.accademiadellacrusca.org/articoli/perch-sono-di-roma-ma-non-sono-dellitalia/78,perch-sono-di-roma-ma-non-sono-dellitalia,"Perché sono di Roma , ma non sono dell’Italia ?",CONSULENZE LINGUISTICHE,CONSULENZA LINGUISTICA,True,False,"III, 2017/3 (ottobre-dicembre)",4,chiuso,HTML+PDF,https://id.accademiadellacrusca.org/File/Download?code=3412ecb7-a0e1-4b88-80d8-a5ac11796202,"Perché sono | di Roma | , ma non sono | dell’Italia | ? | Domenico  Proietti | Pagine | 22-23 - | PDF"
79,https://id.accademiadellacrusca.org/articoli/sulluso-di-impattare-e-impattante/79,sulluso-di-impattare-e-impattante,Sull’uso di impattare e impattante,CONSULENZE LINGUISTICHE,CONSULENZA LINGUISTICA,True,False,"III, 2017/3 (ottobre-dicembre)",4,chiuso,HTML+PDF,https://id.accademiadellacrusca.org/File/Download?code=cc0d5e2b-00ea-4e68-a916-f4a98b622da8,Sull’uso di | impattare | e | impattante | Sara  Giovine | Pagine | 24-28 - | PDF
80,https://id.accademiadellacrusca.org/articoli/possiamo-anticiparci/80,possiamo-anticiparci,Possiamo anticiparci ?,CONSULENZE LINGUISTICHE,CONSULENZA LINGUISTICA,True,False,"III, 2017/3 (ottobre-dicembre)",4,chiuso,HTML+PDF,https://id.accademiadellacrusca.org/File/Download?code=20022f78-c5b7-468a-b37f-8a3a475df67f,Possiamo | anticiparci | ? | Valeria  Leoncini | Pagine | 29-31 - | PDF
81,https://id.accademiadellacrusca.org/articoli/database-una-questione-cos-semplice-cos-complicata/81,database-una-questione-cos-semplice-cos-complicata,"Database : una questione così semplice, così complicata…",CONSULENZE LINGUISTICHE,CONSULENZA LINGUISTICA,True,False,"III, 2017/3 (ottobre-dicembre)",4,chiuso,HTML+PDF,https://id.accademiadellacrusca.org/File/Download?code=5750a8f9-9f9c-4494-99a9-864ac14c7934,"Database | : una questione così semplice, così complicata… | Vera  Gheno | Pagine | 32-35 - | PDF"
82,https://id.accademiadellacrusca.org/articoli/non-ancora-tra-le-rocce-che-sorgono-t-giunta-la-bottiglia-dal-mare/82,non-ancora-tra-le-rocce-che-sorgono-t-giunta-la-bottiglia-dal-mare,“ Non ancora tra le rocce che sorgono t’è giunta la bottiglia dal mare”,CONSULENZE LINGUISTICHE,CONSULENZA LINGUISTICA,True,False,"III, 2017/3 (ottobre-dicembre)",4,chiuso,HTML+PDF,https://id.accademiadellacrusca.org/File/Download?code=5e06cdf6-93db-4c0e-98ca-bc636e507633,“ | Non ancora | tra le rocce che sorgono | t’è giunta | la bottiglia dal mare” | Matilde  Paoli | Pagine | 36-40 - | PDF
83,https://id.accademiadellacrusca.org/articoli/epifanizzare-un-altro-modo-di-apparire/83,epifanizzare-un-altro-modo-di-apparire,Epifanizzare : un altro modo di apparire,CONSULENZE LINGUISTICHE,CONSULENZA LINGUISTICA,True,False,"III, 2017/3 (ottobre-dicembre)",4,chiuso,HTML+PDF,https://id.accademiadellacrusca.org/File/Download?code=9dc20371-2598-482a-843a-712ca9fd0303,Epifanizzare | : un altro modo di apparire | Luca  Lo Re | Pagine | 41-42 - | PDF
84,https://id.accademiadellacrusca.org/articoli/orientazione-e-orientamento-fondazione-e-fondamento/84,orientazione-e-orientamento-fondazione-e-fondamento,"Orientazione e orientamento , fondazione e fondamento",CONSULENZE LINGUISTICHE,CONSULENZA LINGUISTICA,True,False,"III, 2017/3 (ottobre-dicembre)",4,chiuso,HTML+PDF,https://id.accademiadellacrusca.org/File/Download?code=3d6ee898-09f3-4399-ab13-e9fda568d40f,"Orientazione | e | orientamento | , | fondazione | e | fondamento | Anna M.  Thornton | Pagine | 43-44 - | PDF"
85,https://id.accademiadellacrusca.org/articoli/inerme-e-inerte-suoni-simili-ma-significati-diversi/85,inerme-e-inerte-suoni-simili-ma-significati-diversi,Inerme e inerte : suoni simili ma significati diversi,CONSULENZE LINGUISTICHE,CONSULENZA LINGUISTICA,True,False,"III, 2017/3 (ottobre-dicembre)",4,chiuso,HTML+PDF,https://id.accademiadellacrusca.org/File/Download?code=c3e426c6-d989-440c-a895-677af3117aae,Inerme | e | inerte | : suoni simili ma significati diversi | Raffaella  Setti | Pagine | 45-47 - | PDF
86,https://id.accademiadellacrusca.org/articoli/un-severo-sintomo-per-la-salute-dellitaliano/86,un-severo-sintomo-per-la-salute-dellitaliano,Un severo sintomo per la salute dell’italiano?,CONSULENZE LINGUISTICHE,CONSULENZA LINGUISTICA,True,False,"III, 2017/3 (ottobre-dicembre)",4,chiuso,HTML+PDF,https://id.accademiadellacrusca.org/File/Download?code=3c344a22-9632-4177-b501-d3f59cc010db,Un | severo | sintomo per la salute dell’italiano? | Giuseppe  Patota | Pagine | 48-48 - | PDF
87,https://id.accademiadellacrusca.org/articoli/imprenditore-e-impresario/87,imprenditore-e-impresario,Imprenditore e impresario,CONSULENZE LINGUISTICHE,CONSULENZA LINGUISTICA,True,False,"III, 2017/3 (ottobre-dicembre)",4,chiuso,HTML+PDF,https://id.accademiadellacrusca.org/File/Download?code=4d3c145b-c96b-4545-9f05-e859665844b3,Imprenditore | e | impresario | Veronica  Boschi | Pagine | 49-52 - | PDF
88,https://id.accademiadellacrusca.org/articoli/imperfetto-narrativo/88,imperfetto-narrativo,Imperfetto narrativo,CONSULENZE LINGUISTICHE,CONSULENZA LINGUISTICA,True,False,"III, 2017/3 (ottobre-dicembre)",4,chiuso,HTML+PDF,https://id.accademiadellacrusca.org/File/Download?code=62237cfc-468a-43ce-b594-db6f7d380d3e,Imperfetto narrativo | Stefano  Ondelli | Pagine | 53-54 - | PDF
89,https://id.accademiadellacrusca.org/articoli/-opinabile-luso-dellaggettivo-opinionabile/89,-opinabile-luso-dellaggettivo-opinionabile,È opinabile l’uso dell’aggettivo opinionabile ?,CONSULENZE LINGUISTICHE,CONSULENZA LINGUISTICA,True,False,"III, 2017/3 (ottobre-dicembre)",4,chiuso,HTML+PDF,https://id.accademiadellacrusca.org/File/Download?code=af286124-272c-4a0e-b29a-1f2a4aa8ae65,È | opinabile | l’uso dell’aggettivo | opinionabile | ? | Rossella  Varvara | Pagine | 55-58 - | PDF
90,https://id.accademiadellacrusca.org/articoli/sullorigine-di-cafone-con-qualche-osservazione-e-consiglio-a-propositodelle-etimologie-in-rete/90,sullorigine-di-cafone-con-qualche-osservazione-e-consiglio-a-propositodelle-etimologie-in-rete,"Sull’origine di cafone (con qualche osservazione e consiglio a proposito
delle etimologie in rete)",CONSULENZE LINGUISTICHE,CONSULENZA LINGUISTICA,True,False,"III, 2017/3 (ottobre-dicembre)",4,chiuso,HTML+PDF,https://id.accademiadellacrusca.org/File/Download?code=f6f87464-e885-490b-bc26-f3a1774d7ad1,"Sull’origine di | cafone | (con qualche osservazione e consiglio a proposito
delle etimologie in rete) | Antonio  Vinciguerra | Pagine | 59-62 - | PDF"
91,https://id.accademiadellacrusca.org/articoli/quale-genere-di-apericena-gradisci/91,quale-genere-di-apericena-gradisci,Quale genere di apericena gradisci?,CONSULENZE LINGUISTICHE,CONSULENZA LINGUISTICA,True,False,"III, 2017/3 (ottobre-dicembre)",4,chiuso,HTML+PDF,https://id.accademiadellacrusca.org/File/Download?code=28be336c-fdb8-4c6a-95d7-1617eeaaed0b,Quale genere di | apericena | gradisci? | Barbara  Patella | Pagine | 63-66 - | PDF
92,https://id.accademiadellacrusca.org/articoli/pani-di-natale/92,pani-di-natale,Pani di Natale,CONSULENZE LINGUISTICHE,CONSULENZA LINGUISTICA,True,False,"III, 2017/3 (ottobre-dicembre)",4,chiuso,HTML+PDF,https://id.accademiadellacrusca.org/File/Download?code=144a76ec-cb64-43bf-80f2-8bddb20e1a2c,Pani di Natale | Vera  Gheno | Pagine | 67-72 - | PDF
93,https://id.accademiadellacrusca.org/articoli/la-pronuncia-di-wikipedia/93,la-pronuncia-di-wikipedia,La pronuncia di Wikipedia,CONSULENZE LINGUISTICHE,CONSULENZA LINGUISTICA,True,False,"III, 2017/3 (ottobre-dicembre)",4,chiuso,HTML+PDF,https://id.accademiadellacrusca.org/File/Download?code=7098c605-3482-4e5c-a41c-4aeb7e848427,La pronuncia di Wikipedia | Claudio  Marazzini | Pagine | 73-73 - | PDF
94,https://id.accademiadellacrusca.org/articoli/babbo-natale/94,babbo-natale,Babbo Natale,LA CRUSCA RISPOSE,LA CRUSCA RISPOSE,True,False,"III, 2017/3 (ottobre-dicembre)",4,chiuso,HTML+PDF,https://id.accademiadellacrusca.org/File/Download?code=8c5e0b75-ea43-4bf9-b1af-ac04a2c1cdba,Babbo Natale | Matilde  Paoli e Raffaella  Setti | Pagine | 74-76 - | PDF
95,https://id.accademiadellacrusca.org/articoli/i-magi-erano-tre-ma-uno-solo-era-un-/95,i-magi-erano-tre-ma-uno-solo-era-un-,"I magi erano tre, ma uno solo era un… ?",LA CRUSCA RISPOSE,LA CRUSCA RISPOSE,True,False,"III, 2017/3 (ottobre-dicembre)",4,chiuso,HTML+PDF,https://id.accademiadellacrusca.org/File/Download?code=18c1ec91-c4e4-4cc6-ab18-5882200b651f,"I | magi | erano tre, ma uno solo era un… ? | Matilde  Paoli | Pagine | 77-80 - | PDF"
96,https://id.accademiadellacrusca.org/articoli/la-tradizione-del-ceppo-in-toscana/96,la-tradizione-del-ceppo-in-toscana,La tradizione del ceppo in Toscana,LA CRUSCA RISPOSE,LA CRUSCA RISPOSE,True,False,"III, 2017/3 (ottobre-dicembre)",4,chiuso,HTML+PDF,https://id.accademiadellacrusca.org/File/Download?code=7c723b9b-718b-4815-8925-94a2104abdd2,La tradizione del | ceppo | in Toscana | Gabriella  Giacomelli | Pagine | 81-83 - | PDF
97,https://id.accademiadellacrusca.org/articoli/una-questione-sfidante/97,una-questione-sfidante,Una questione sfidante,PAROLE NUOVE,PAROLE NUOVE,False,True,"III, 2017/3 (ottobre-dicembre)",4,chiuso,HTML+PDF,https://id.accademiadellacrusca.org/File/Download?code=ae36b562-3b8e-4241-84d9-6f3183f48f4d,Una questione | sfidante | Angela  Frati e Stefania  Iannizzotto | Pagine | 84-85 - | PDF
98,https://id.accademiadellacrusca.org/articoli/un-aggettivo-molte-perplessit-microondabile/98,un-aggettivo-molte-perplessit-microondabile,"Un aggettivo, molte perplessità: microondabile",PAROLE NUOVE,PAROLE NUOVE,False,True,"III, 2017/3 (ottobre-dicembre)",4,chiuso,HTML+PDF,https://id.accademiadellacrusca.org/File/Download?code=ca11e5a5-9305-47c3-8ef4-fb78f1efadfe,"Un aggettivo, molte perplessità: | microondabile | Vera  Gheno | Pagine | 86-88 - | PDF"
99,https://id.accademiadellacrusca.org/articoli/il-configlio-non--un-figliastro/99,il-configlio-non--un-figliastro,Il configlio non è un figliastro,PAROLE NUOVE,PAROLE NUOVE,False,True,"III, 2017/3 (ottobre-dicembre)",4,chiuso,HTML+PDF,https://id.accademiadellacrusca.org/File/Download?code=62b2ecc8-1130-4958-a430-ac573f1662f3,Il | configlio | non è un figliastro | Paolo  D’Achille | Pagine | 89-90 - | PDF
100,https://id.accademiadellacrusca.org/articoli/litaliano-a-scuola/100,litaliano-a-scuola,L’italiano a scuola,TEMI DI DISCUSSIONE,TEMI DI DISCUSSIONE,False,False,"III, 2017/3 (ottobre-dicembre)",4,chiuso,HTML+PDF,https://id.accademiadellacrusca.org/File/Download?code=ce151648-48a3-4d3d-bab0-2e48bc4e97f4,L’italiano a scuola | Luca  Serianni | Pagine | 91-92 - | PDF
101,https://id.accademiadellacrusca.org/articoli/i-social-network-e-la-lingua-italiana-tra-neologismi-e-anglicismi/101,i-social-network-e-la-lingua-italiana-tra-neologismi-e-anglicismi,"I social network e la lingua italiana, tra neologismi e anglicismi",ARTICOLI,ARTICOLI,False,False,"III, 2017/3 (ottobre-dicembre)",4,chiuso,HTML+PDF,https://id.accademiadellacrusca.org/File/Download?code=73545f9f-b458-4e18-a774-eef5e43dde1b,"I social network e la lingua italiana, tra neologismi e anglicismi | Paolo  D’Achille | Pagine | 93-104 - | PDF"
102,https://id.accademiadellacrusca.org/articoli/notizie-dallaccademia/102,notizie-dallaccademia,Notizie dall’Accademia,NOTIZIE,NOTIZIE,False,False,"III, 2017/3 (ottobre-dicembre)",4,chiuso,HTML+PDF,https://id.accademiadellacrusca.org/File/Download?code=8222dc05-73c2-4dbb-b45e-533eb11a10f7,Notizie dall’Accademia | A cura del comitato di redazione | Pagine | 105-106 - | PDF
42,https://id.accademiadellacrusca.org/articoli/editoriale-del-direttore/42,editoriale-del-direttore,Editoriale del direttore,EDITORIALE,EDITORIALE,False,False,"II, 2017/2 (luglio-settembre)",3,chiuso,HTML+PDF,https://id.accademiadellacrusca.org/File/Download?code=3f987759-7ff6-4950-832a-cdaa0c3e8398,Editoriale del direttore | Marco  Biffi | Pagine | 1-2 - | PDF
43,https://id.accademiadellacrusca.org/articoli/facciamo-attenzione/43,facciamo-attenzione,Facciamo attenzione!,CONSULENZE LINGUISTICHE,CONSULENZA LINGUISTICA,True,False,"II, 2017/2 (luglio-settembre)",3,chiuso,HTML+PDF,https://id.accademiadellacrusca.org/File/Download?code=b0e71c31-8449-4f5f-8c2c-0b5a51a6f5b7,Facciamo attenzione! | Riccardo  Cimaglia | Pagine | 3-3 - | PDF
44,https://id.accademiadellacrusca.org/articoli/-possibile-notiziare-qualcuno/44,-possibile-notiziare-qualcuno,È possibile notiziare qualcuno?,CONSULENZE LINGUISTICHE,CONSULENZA LINGUISTICA,True,False,"II, 2017/2 (luglio-settembre)",3,chiuso,HTML+PDF,https://id.accademiadellacrusca.org/File/Download?code=bca22def-a296-4fb1-b5a2-39cda300e1aa,È possibile | notiziare | qualcuno? | Laura  Eliseo | Pagine | 4-5 - | PDF
45,https://id.accademiadellacrusca.org/articoli/una-risposta-un-po-dolce-un-po-salatasul-genere-di-cheesecake-e-di-altre-specialit-americane/45,una-risposta-un-po-dolce-un-po-salatasul-genere-di-cheesecake-e-di-altre-specialit-americane,"Una risposta un po’ dolce un po’ salata:
sul genere di cheesecake e di altre specialità americane",CONSULENZE LINGUISTICHE,CONSULENZA LINGUISTICA,True,False,"II, 2017/2 (luglio-settembre)",3,chiuso,HTML+PDF,https://id.accademiadellacrusca.org/File/Download?code=541df1e6-cca7-4dd6-b2f9-aac3ed86edcb,"Una risposta un po’ dolce un po’ salata:
sul genere di | cheesecake | e di altre specialità americane | Vera  Gheno | Pagine | 6-11 - | PDF"
46,https://id.accademiadellacrusca.org/articoli/sul-participio-passato-di-irrompere/46,sul-participio-passato-di-irrompere,Sul participio passato di irrompere,CONSULENZE LINGUISTICHE,CONSULENZA LINGUISTICA,True,False,"II, 2017/2 (luglio-settembre)",3,chiuso,HTML+PDF,https://id.accademiadellacrusca.org/File/Download?code=1246f297-6f4c-4ee8-bf60-e56fc79c4453,Sul participio passato di | irrompere | Giuseppe  Patota | Pagine | 12-12 - | PDF
47,https://id.accademiadellacrusca.org/articoli/un-portafogli-un-portafoglio-pi-portafogli-ma-soprattutto-tanti-foglicon-cui-riempirli/47,un-portafogli-un-portafoglio-pi-portafogli-ma-soprattutto-tanti-foglicon-cui-riempirli,"Un portafogli , un portafoglio ? Più portafogli , ma soprattutto tanti “fogli”
con cui riempirli",CONSULENZE LINGUISTICHE,CONSULENZA LINGUISTICA,True,False,"II, 2017/2 (luglio-settembre)",3,chiuso,HTML+PDF,https://id.accademiadellacrusca.org/File/Download?code=11e2b640-4e7e-4c42-aae4-41eeefaab483,"Un | portafogli | , un | portafoglio | ? Più | portafogli | , ma soprattutto tanti “fogli”
con cui riempirli | Raffaella  Setti | Pagine | 13-15 - | PDF"
48,https://id.accademiadellacrusca.org/articoli/una-risposta-brandizzata/48,una-risposta-brandizzata,Una risposta… brandizzata,CONSULENZE LINGUISTICHE,CONSULENZA LINGUISTICA,True,False,"II, 2017/2 (luglio-settembre)",3,chiuso,HTML+PDF,https://id.accademiadellacrusca.org/File/Download?code=c1df7993-9f68-4d8e-8ed1-41488b95b3a4,Una risposta… | brandizzata | Edoardo Lombardi Vallauri | Pagine | 16-18 - | PDF
49,https://id.accademiadellacrusca.org/articoli/stolzare-e-stolzo-parole-di-lingua/49,stolzare-e-stolzo-parole-di-lingua,Stolzare e stolzo : parole di lingua?,CONSULENZE LINGUISTICHE,CONSULENZA LINGUISTICA,True,False,"II, 2017/2 (luglio-settembre)",3,chiuso,HTML+PDF,https://id.accademiadellacrusca.org/File/Download?code=0cd7d7ca-8b52-410a-975d-09d0298ade9c,Stolzare | e | stolzo | : parole di lingua? | Matilde  Paoli | Pagine | 19-23 - | PDF
50,https://id.accademiadellacrusca.org/articoli/sostituire-start-up--unimpresa/50,sostituire-start-up--unimpresa,Sostituire start-up è un’impresa…,CONSULENZE LINGUISTICHE,CONSULENZA LINGUISTICA,True,False,"II, 2017/2 (luglio-settembre)",3,chiuso,HTML+PDF,https://id.accademiadellacrusca.org/File/Download?code=25beeac0-6254-413e-9731-d4623a9f6eff,Sostituire | start-up | è un’impresa… | Vittorio  Coletti | Pagine | 24-25 - | PDF
51,https://id.accademiadellacrusca.org/articoli/un-caldissimo-saluto-prima-delle-vacanze/51,un-caldissimo-saluto-prima-delle-vacanze,Un caldissimo saluto prima delle vacanze,CONSULENZE LINGUISTICHE,CONSULENZA LINGUISTICA,True,False,"II, 2017/2 (luglio-settembre)",3,chiuso,HTML+PDF,https://id.accademiadellacrusca.org/File/Download?code=61b4ea6e-dac3-4000-b200-d3c3b29afb01,Un | caldissimo | saluto prima delle vacanze | Matilde  Paoli | Pagine | 26-31 - | PDF
52,https://id.accademiadellacrusca.org/articoli/eccoci-di-nuovo-sul-pezzo/52,eccoci-di-nuovo-sul-pezzo,Eccoci di nuovo sul pezzo !,CONSULENZE LINGUISTICHE,CONSULENZA LINGUISTICA,True,False,"II, 2017/2 (luglio-settembre)",3,chiuso,HTML+PDF,https://id.accademiadellacrusca.org/File/Download?code=16d42f8a-5eb9-4c3f-be9f-8f57135966d6,Eccoci di nuovo | sul pezzo | ! | Rita  Librandi | Pagine | 32-33 - | PDF
53,https://id.accademiadellacrusca.org/articoli/puntina-o-punessa-una-questione-spinosa/53,puntina-o-punessa-una-questione-spinosa,Puntina o punessa ? Una questione spinosa,CONSULENZE LINGUISTICHE,CONSULENZA LINGUISTICA,True,False,"II, 2017/2 (luglio-settembre)",3,chiuso,HTML+PDF,https://id.accademiadellacrusca.org/File/Download?code=e1e16b23-29f1-42bf-ae66-e8d6af16026f,Puntina | o | punessa | ? Una questione spinosa | Francesca  Vacca | Pagine | 34-38 - | PDF
54,https://id.accademiadellacrusca.org/articoli/mannaggia/54,mannaggia,Mannaggia!,CONSULENZE LINGUISTICHE,CONSULENZA LINGUISTICA,True,False,"II, 2017/2 (luglio-settembre)",3,chiuso,HTML+PDF,https://id.accademiadellacrusca.org/File/Download?code=a25b1583-6825-451d-a0ef-f11f81f2272c,Mannaggia! | Giuseppe  Patota | Pagine | 39-39 - | PDF
55,https://id.accademiadellacrusca.org/articoli/da-dove-arriva-questo-terrone/55,da-dove-arriva-questo-terrone,Da dove arriva questo terrone ?,CONSULENZE LINGUISTICHE,CONSULENZA LINGUISTICA,True,False,"II, 2017/2 (luglio-settembre)",3,chiuso,HTML+PDF,https://id.accademiadellacrusca.org/File/Download?code=dc4d0400-88d8-4a24-a504-5013fa146e42,Da dove arriva questo | terrone | ? | Luca  Lo Re | Pagine | 40-43 - | PDF
56,https://id.accademiadellacrusca.org/articoli/non-sempre--giusto-ingaggiare-qualcuno-e-non-si-risolvono-le-domandema-i-problemi/56,non-sempre--giusto-ingaggiare-qualcuno-e-non-si-risolvono-le-domandema-i-problemi,"Non sempre è giusto ingaggiare qualcuno e non si risolvono le domande
ma i problemi",CONSULENZE LINGUISTICHE,CONSULENZA LINGUISTICA,True,False,"II, 2017/2 (luglio-settembre)",3,chiuso,HTML+PDF,https://id.accademiadellacrusca.org/File/Download?code=399ceef3-4d14-42a6-b532-1727719c3cfa,"Non sempre è giusto | ingaggiare | qualcuno e non | si risolvono | le domande
ma i problemi | Edoardo Lombardi Vallauri | Pagine | 44-45 - | PDF"
57,https://id.accademiadellacrusca.org/articoli/ci-rilassiamo-alla-spa/57,ci-rilassiamo-alla-spa,Ci rilassiamo alla spa ?,CONSULENZE LINGUISTICHE,CONSULENZA LINGUISTICA,True,False,"II, 2017/2 (luglio-settembre)",3,chiuso,HTML+PDF,https://id.accademiadellacrusca.org/File/Download?code=de81d1cd-bd06-4163-8c2f-1a94ec0cab2c,Ci rilassiamo alla | spa | ? | Vera  Gheno | Pagine | 46-48 - | PDF
58,https://id.accademiadellacrusca.org/articoli/un-risalente-indefinito/58,un-risalente-indefinito,Un risalente indefinito,CONSULENZE LINGUISTICHE,CONSULENZA LINGUISTICA,True,False,"II, 2017/2 (luglio-settembre)",3,chiuso,HTML+PDF,https://id.accademiadellacrusca.org/File/Download?code=2c148af7-19aa-4358-be07-35f0c400e858,Un | risalente | indefinito | Federigo  Bambi | Pagine | 49-50 - | PDF
59,https://id.accademiadellacrusca.org/articoli/stalkare-stalkerare-o-stalkerizzare/59,stalkare-stalkerare-o-stalkerizzare,"Stalkare, stalkerare o stalkerizzare ?",CONSULENZE LINGUISTICHE,CONSULENZA LINGUISTICA,True,False,"II, 2017/2 (luglio-settembre)",3,chiuso,HTML+PDF,https://id.accademiadellacrusca.org/File/Download?code=47e25116-97d8-4374-97e2-525266439505,"Stalkare, stalkerare | o | stalkerizzare | ? | Matilde  Paoli | Pagine | 51-54 - | PDF"
60,https://id.accademiadellacrusca.org/articoli/abitativo-o-alloggiativo/60,abitativo-o-alloggiativo,Abitativo o alloggiativo,CONSULENZE LINGUISTICHE,CONSULENZA LINGUISTICA,True,False,"II, 2017/2 (luglio-settembre)",3,chiuso,HTML+PDF,https://id.accademiadellacrusca.org/File/Download?code=75be0640-4438-4287-b346-2f861c9e7d84,Abitativo | o | alloggiativo | Sergio  Lubello | Pagine | 55-56 - | PDF
61,https://id.accademiadellacrusca.org/articoli/sulloscillazione-nelluso-tra-olivo-e-ulivo/61,sulloscillazione-nelluso-tra-olivo-e-ulivo,Sull’oscillazione nell’uso tra olivo e ulivo,LA CRUSCA RISPOSE,LA CRUSCA RISPOSE,True,False,"II, 2017/2 (luglio-settembre)",3,chiuso,HTML+PDF,https://id.accademiadellacrusca.org/File/Download?code=c7891d40-1035-4360-b6c1-36aa8ff704f4,Sull’oscillazione nell’uso tra | olivo | e | ulivo | Matilde  Paoli | Pagine | 57-60 - | PDF
62,https://id.accademiadellacrusca.org/articoli/a-proposito-di-migliaccio-e-castagnaccio/62,a-proposito-di-migliaccio-e-castagnaccio,A proposito di migliaccio e castagnaccio,LA CRUSCA RISPOSE,LA CRUSCA RISPOSE,True,False,"II, 2017/2 (luglio-settembre)",3,chiuso,HTML+PDF,https://id.accademiadellacrusca.org/File/Download?code=8d4dbf31-fdf7-48a4-a6a1-62585e9a6064,A proposito di | migliaccio | e | castagnaccio | Matilde  Paoli | Pagine | 61-63 - | PDF
63,https://id.accademiadellacrusca.org/articoli/melagrana-melograno-mela-granata-melo-granato-pomo-granato-ilfrutto-dellabbondanza-sovrabbonda-di-no/63,melagrana-melograno-mela-granata-melo-granato-pomo-granato-ilfrutto-dellabbondanza-sovrabbonda-di-no,"Melagrana, melograno, mela granata, melo granato, pomo granato …: il
frutto dell’abbondanza sovrabbonda di nomi",LA CRUSCA RISPOSE,LA CRUSCA RISPOSE,True,False,"II, 2017/2 (luglio-settembre)",3,chiuso,HTML+PDF,https://id.accademiadellacrusca.org/File/Download?code=742aea03-81a8-458f-a2ff-a9dd92c51621,"Melagrana, melograno, mela granata, melo granato, pomo granato | …: il
frutto dell’abbondanza sovrabbonda di nomi | Matilde  Paoli | Pagine | 64-67 - | PDF"
64,https://id.accademiadellacrusca.org/articoli/evitando-di-spoilerare-il-finale/64,evitando-di-spoilerare-il-finale,Evitando di spoilerare il finale,PAROLE NUOVE,PAROLE NUOVE,False,True,"II, 2017/2 (luglio-settembre)",3,chiuso,HTML+PDF,https://id.accademiadellacrusca.org/File/Download?code=92f8e6d5-795f-401f-8111-28bcd67bb3bb,Evitando di | spoilerare | il finale | Vera  Gheno | Pagine | 68-71 - | PDF
65,https://id.accademiadellacrusca.org/articoli/viviamo-nellepoca-della-post-verit/65,viviamo-nellepoca-della-post-verit,Viviamo nell’epoca della post-verità ?,PAROLE NUOVE,PAROLE NUOVE,False,True,"II, 2017/2 (luglio-settembre)",3,chiuso,HTML+PDF,https://id.accademiadellacrusca.org/File/Download?code=f069a6ed-af61-4822-a0f3-fb2ee96dddfa,Viviamo nell’epoca della | post-verità | ? | Marco  Biffi | Pagine | 72-75 - | PDF
66,https://id.accademiadellacrusca.org/articoli/disco-verde-per-unionale/66,disco-verde-per-unionale,Disco verde per unionale,PAROLE NUOVE,PAROLE NUOVE,False,True,"II, 2017/2 (luglio-settembre)",3,chiuso,HTML+PDF,https://id.accademiadellacrusca.org/File/Download?code=5e190e14-6d16-4bbd-8c08-9a7946b21e22,Disco verde per | unionale | Paolo  D’Achille | Pagine | 76-77 - | PDF
67,https://id.accademiadellacrusca.org/articoli/il-napoletano-in-tribunale-con-linterprete-e-i-piemontesi-a-napoli-conlitaliano/67,il-napoletano-in-tribunale-con-linterprete-e-i-piemontesi-a-napoli-conlitaliano,"Il napoletano in tribunale con l’interprete, e i piemontesi a Napoli con
l’italiano",TEMI DI DISCUSSIONE,TEMI DI DISCUSSIONE,False,False,"II, 2017/2 (luglio-settembre)",3,chiuso,HTML+PDF,https://id.accademiadellacrusca.org/File/Download?code=b63beae7-37b3-421d-8bf8-8d2bc9dd0603,"Il napoletano in tribunale con l’interprete, e i piemontesi a Napoli con
l’italiano | Claudio  Marazzini | Pagine | 78-80 - | PDF"
68,https://id.accademiadellacrusca.org/articoli/italiano-una-lingua-formidabile/68,italiano-una-lingua-formidabile,"Italiano, una lingua formidabile",TEMI DI DISCUSSIONE,TEMI DI DISCUSSIONE,False,False,"II, 2017/2 (luglio-settembre)",3,chiuso,HTML+PDF,https://id.accademiadellacrusca.org/File/Download?code=4818e73f-dbe2-4c69-adc9-555c121450e1,"Italiano, una lingua formidabile | Claudio  Marazzini | Pagine | 81-83 - | PDF"
69,https://id.accademiadellacrusca.org/articoli/notizie-dallaccademia/69,notizie-dallaccademia,Notizie dall’Accademia,NOTIZIE,NOTIZIE,False,False,"II, 2017/2 (luglio-settembre)",3,chiuso,HTML+PDF,https://id.accademiadellacrusca.org/File/Download?code=3258ff64-5200-4479-8694-c656d50c002e,Notizie dall’Accademia | A cura del comitato di redazione | Pagine | 84-85 - | PDF
9,https://id.accademiadellacrusca.org/articoli/editoriale-del-direttore/9,editoriale-del-direttore,Editoriale del direttore,Editoriale,EDITORIALE,False,False,"I, 2017/1 (aprile-giugno)",2,chiuso,HTML+PDF,https://id.accademiadellacrusca.org/File/Download?code=df92997e-745e-4466-a7c3-bea63ea85c50,Editoriale del direttore | Marco Biffi | Pagine | 1-1 - | PDF
10,https://id.accademiadellacrusca.org/articoli/chi-sparla-sproloquia/10,chi-sparla-sproloquia,Chi sparla sproloquia ?,Consulenze linguistiche,CONSULENZA LINGUISTICA,True,False,"I, 2017/1 (aprile-giugno)",2,chiuso,HTML+PDF,https://id.accademiadellacrusca.org/File/Download?code=08484c18-6113-4b15-bae1-78823bee9815,Chi | sparla sproloquia | ? | Ilaria Bonomi | Pagine | 2-3 - | PDF
11,https://id.accademiadellacrusca.org/articoli/articoli-e-preposizioni-davanti-ai-nomi-delle-isole/11,articoli-e-preposizioni-davanti-ai-nomi-delle-isole,Articoli e preposizioni davanti ai nomi delle isole,Consulenze linguistiche,CONSULENZA LINGUISTICA,True,False,"I, 2017/1 (aprile-giugno)",2,chiuso,HTML+PDF,https://id.accademiadellacrusca.org/File/Download?code=ac2b8c78-d221-4bd9-9948-a8789dbf19ce,Articoli e preposizioni davanti ai nomi delle isole | Enzo  Caffarelli | Pagine | 4-5 - | PDF
12,https://id.accademiadellacrusca.org/articoli/moldavia-e-moldova/12,moldavia-e-moldova,Moldavia e Moldova,Consulenze linguistiche,CONSULENZA LINGUISTICA,True,False,"I, 2017/1 (aprile-giugno)",2,chiuso,HTML+PDF,https://id.accademiadellacrusca.org/File/Download?code=4a895530-ea9f-43ee-b88d-432a525ffa73,Moldavia e Moldova | Enzo  Caffarelli | Pagine | 6-7 - | PDF
13,https://id.accademiadellacrusca.org/articoli/poco-di-buono/13,poco-di-buono,Poco di buono,Consulenze linguistiche,CONSULENZA LINGUISTICA,True,False,"I, 2017/1 (aprile-giugno)",2,chiuso,HTML+PDF,https://id.accademiadellacrusca.org/File/Download?code=5185435c-907f-496a-9743-a1a9d2cf5b01,Poco di buono | Vittorio Coletti | Pagine | 8-8 - | PDF
14,https://id.accademiadellacrusca.org/articoli/sciacchetr-che-vino-sar/14,sciacchetr-che-vino-sar,Sciacchetrà : che vino sarà?,Consulenze linguistiche,CONSULENZA LINGUISTICA,True,False,"I, 2017/1 (aprile-giugno)",2,chiuso,HTML+PDF,https://id.accademiadellacrusca.org/File/Download?code=502e2625-0b44-44c3-b3f2-8dde1cc5e94e,Sciacchetrà | : che vino sarà? | Vittorio Coletti | Pagine | 9-10 - | PDF
15,https://id.accademiadellacrusca.org/articoli/se-del-caso/15,se-del-caso,Se del caso…,Consulenze linguistiche,CONSULENZA LINGUISTICA,True,False,"I, 2017/1 (aprile-giugno)",2,chiuso,HTML+PDF,https://id.accademiadellacrusca.org/File/Download?code=cb02deba-beba-4a66-844d-07273e605449,Se del caso… | Vittorio Coletti | Pagine | 11-12 - | PDF
16,https://id.accademiadellacrusca.org/articoli/ed-ecco-a-voi-nientepopodimeno/16,ed-ecco-a-voi-nientepopodimeno,Ed ecco a voi… nientepopodimeno !,Consulenze linguistiche,CONSULENZA LINGUISTICA,True,False,"I, 2017/1 (aprile-giugno)",2,chiuso,HTML+PDF,https://id.accademiadellacrusca.org/File/Download?code=e65c4e88-1088-4125-a7f2-378acdaa1d4f,Ed ecco a voi… | nientepopodimeno | ! | Paolo  D’Achille | Pagine | 13-14 - | PDF
17,https://id.accademiadellacrusca.org/articoli/il-neerlandese--olandese-o-belga/17,il-neerlandese--olandese-o-belga,Il neerlandese è olandese o belga?,Consulenze linguistiche,CONSULENZA LINGUISTICA,True,False,"I, 2017/1 (aprile-giugno)",2,chiuso,HTML+PDF,https://id.accademiadellacrusca.org/File/Download?code=a720e20a-ba91-4060-81fc-e3d481ab290b,Il neerlandese è olandese o belga? | Paolo  D’Achille | Pagine | 15-17 - | PDF
18,https://id.accademiadellacrusca.org/articoli/plurale-di-manina-braccino-ditino-e-ovetto/18,plurale-di-manina-braccino-ditino-e-ovetto,"Plurale di manina, braccino, ditino e... ovetto",Consulenze linguistiche,CONSULENZA LINGUISTICA,True,False,"I, 2017/1 (aprile-giugno)",2,chiuso,HTML+PDF,https://id.accademiadellacrusca.org/File/Download?code=9d03adde-6229-480e-9150-d7aef209f413,"Plurale di | manina, braccino, ditino | e... | ovetto | Paolo  D’Achille e Anna M.  Thornton | Pagine | 18-21 - | PDF"
19,https://id.accademiadellacrusca.org/articoli/si-pu-essere-impanicati/19,si-pu-essere-impanicati,Si può essere impanicati ?,Consulenze linguistiche,CONSULENZA LINGUISTICA,True,False,"I, 2017/1 (aprile-giugno)",2,chiuso,HTML+PDF,https://id.accademiadellacrusca.org/File/Download?code=9ede49cc-790d-41ae-bb13-60fbf62c3f20,Si può essere | impanicati | ? | Laura Eliseo | Pagine | 22-23 - | PDF
20,https://id.accademiadellacrusca.org/articoli/forassite-che-scoperta/20,forassite-che-scoperta,"Forassite , che scoperta!",Consulenze linguistiche,CONSULENZA LINGUISTICA,True,False,"I, 2017/1 (aprile-giugno)",2,chiuso,HTML+PDF,https://id.accademiadellacrusca.org/File/Download?code=32c936a5-f860-485d-ac11-7da6073782af,"Forassite | , che scoperta! | Vera  Gheno | Pagine | 24-27 - | PDF"
21,https://id.accademiadellacrusca.org/articoli/a-essere-devastante-non--solo-linglese/21,a-essere-devastante-non--solo-linglese,A essere devastante non è solo l’inglese…,Consulenze linguistiche,CONSULENZA LINGUISTICA,True,False,"I, 2017/1 (aprile-giugno)",2,chiuso,HTML+PDF,https://id.accademiadellacrusca.org/File/Download?code=dcfeae62-fb23-4afd-90a5-78dab9901851,A essere | devastante | non è solo l’inglese… | Claudio  Giovanardi | Pagine | 28-29 - | PDF
22,https://id.accademiadellacrusca.org/articoli/con-cosa-si-cancellano-le-scritte-sulla-lavagnacol-cancellino-con-la-spugnetta-o-con-la-cimosa/22,con-cosa-si-cancellano-le-scritte-sulla-lavagnacol-cancellino-con-la-spugnetta-o-con-la-cimosa,"Con cosa si cancellano le scritte sulla lavagna?
Col cancellino , con la spugnetta o con la cimosa ?",Consulenze linguistiche,CONSULENZA LINGUISTICA,True,False,"I, 2017/1 (aprile-giugno)",2,chiuso,HTML+PDF,https://id.accademiadellacrusca.org/File/Download?code=819e38a9-99c7-437c-82ea-945f91f977b3,"Con cosa si cancellano le scritte sulla lavagna?
Col | cancellino | , con la | spugnetta | o con la | cimosa | ? | Susanna  Giovinazzo | Pagine | 30-33 - | PDF"
23,https://id.accademiadellacrusca.org/articoli/accesso-o-eccesso-dira/23,accesso-o-eccesso-dira,Accesso o eccesso d’ira?,Consulenze linguistiche,CONSULENZA LINGUISTICA,True,False,"I, 2017/1 (aprile-giugno)",2,chiuso,HTML+PDF,https://id.accademiadellacrusca.org/File/Download?code=ac0f02d4-0ed3-48c5-8b38-9a8fdfc5eb5a,Accesso | o | eccesso | d’ira? | Manuela  Manfredini | Pagine | 34-35 - | PDF
24,https://id.accademiadellacrusca.org/articoli/per-intanto-usiamo-cautela/24,per-intanto-usiamo-cautela,Per intanto usiamo cautela,Consulenze linguistiche,CONSULENZA LINGUISTICA,True,False,"I, 2017/1 (aprile-giugno)",2,chiuso,HTML+PDF,https://id.accademiadellacrusca.org/File/Download?code=bdaece34-122b-430e-b1b4-2a4c1933d198,Per intanto | usiamo cautela | Matilde  Paoli | Pagine | 36-38 - | PDF
25,https://id.accademiadellacrusca.org/articoli/biglietto-da-visita-o-di-visita/25,biglietto-da-visita-o-di-visita,Biglietto da visita o di visita?,Consulenze linguistiche,CONSULENZA LINGUISTICA,True,False,"I, 2017/1 (aprile-giugno)",2,chiuso,HTML+PDF,https://id.accademiadellacrusca.org/File/Download?code=e68ddf2a-02df-4124-94d9-855c515d6a25,Biglietto | da | visita o | di | visita? | Giuseppe  Patota | Pagine | 39-39 - | PDF
26,https://id.accademiadellacrusca.org/articoli/sulla-reggenza-di-improntare-e-improntato/26,sulla-reggenza-di-improntare-e-improntato,Sulla reggenza di improntare e improntato,Consulenze linguistiche,CONSULENZA LINGUISTICA,True,False,"I, 2017/1 (aprile-giugno)",2,chiuso,HTML+PDF,https://id.accademiadellacrusca.org/File/Download?code=72d8bf53-7561-4f62-b1bf-d15b47cd03d1,Sulla reggenza di | improntare | e | improntato | Giuseppe  Patota | Pagine | 40-40 - | PDF
27,https://id.accademiadellacrusca.org/articoli/chiodo-scaccia-chiodo/27,chiodo-scaccia-chiodo,Chiodo scaccia chiodo,Consulenze linguistiche,CONSULENZA LINGUISTICA,True,False,"I, 2017/1 (aprile-giugno)",2,chiuso,HTML+PDF,https://id.accademiadellacrusca.org/File/Download?code=4daa2f79-8af6-4ee6-b184-9940854002d4,Chiodo | scaccia | chiodo | Paolo  Rondinelli | Pagine | 41-43 - | PDF
28,https://id.accademiadellacrusca.org/articoli/migranti-profughi-e-rifugiati-anche-le-parole-delle-migrazionisono-sempre-in-viaggio/28,migranti-profughi-e-rifugiati-anche-le-parole-delle-migrazionisono-sempre-in-viaggio,"Migranti, profughi e rifugiati . Anche le parole delle migrazioni
sono sempre in viaggio.",Consulenze linguistiche,CONSULENZA LINGUISTICA,True,False,"I, 2017/1 (aprile-giugno)",2,chiuso,HTML+PDF,https://id.accademiadellacrusca.org/File/Download?code=1c6531e2-e5fe-45f5-8f16-287003bb6c8d,"Migranti, profughi | e | rifugiati | . Anche le parole delle migrazioni
sono sempre in viaggio. | Raffaella  Setti | Pagine | 44-48 - | PDF"
29,https://id.accademiadellacrusca.org/articoli/possiamo-sparcheggiare/29,possiamo-sparcheggiare,Possiamo sparcheggiare ?,Consulenze linguistiche,CONSULENZA LINGUISTICA,True,False,"I, 2017/1 (aprile-giugno)",2,chiuso,HTML+PDF,https://id.accademiadellacrusca.org/File/Download?code=c1bcb4a0-eb0d-47e0-afd0-b645cdd792d7,Possiamo | sparcheggiare | ? | Raffaella  Setti | Pagine | 49-50 - | PDF
30,https://id.accademiadellacrusca.org/articoli/sovrabbondanza-verbale-compiere-compire-adempiere-adempireempiere-empire-riempire-riempiere/30,sovrabbondanza-verbale-compiere-compire-adempiere-adempireempiere-empire-riempire-riempiere,"Sovrabbondanza verbale: compiere, compire, adempiere, adempire,
empiere, empire, riempire, riempiere",Consulenze linguistiche,CONSULENZA LINGUISTICA,True,False,"I, 2017/1 (aprile-giugno)",2,chiuso,HTML+PDF,https://id.accademiadellacrusca.org/File/Download?code=5cbfcca4-9f37-4d95-a5c8-dca48e1ae45f,"Sovrabbondanza verbale: | compiere, compire, adempiere, adempire,
empiere, empire, riempire, riempiere | Anna M. Thornton | Pagine | 51-52 - | PDF"
31,https://id.accademiadellacrusca.org/articoli/pap-un-settentrionale-creduto-francese/31,pap-un-settentrionale-creduto-francese,"Papà , un settentrionale creduto francese",Consulenze linguistiche,CONSULENZA LINGUISTICA,True,False,"I, 2017/1 (aprile-giugno)",2,chiuso,HTML+PDF,https://id.accademiadellacrusca.org/File/Download?code=fd5bb6b2-ae64-42f8-8c07-f55536383db3,"Papà | , un settentrionale creduto francese | Lorenzo  Tomasin | Pagine | 53-54 - | PDF"
32,https://id.accademiadellacrusca.org/articoli/a-proposito-di-bambinit/32,a-proposito-di-bambinit,A proposito di bambinità,Consulenze linguistiche,CONSULENZA LINGUISTICA,True,False,"I, 2017/1 (aprile-giugno)",2,chiuso,HTML+PDF,https://id.accademiadellacrusca.org/File/Download?code=82f70ff9-577c-4b15-91c0-c29f57a014d7,A proposito di | bambinità | Maria Cristina  Torchia | Pagine | 55-59 - | PDF
33,https://id.accademiadellacrusca.org/articoli/-giusto-cazziare-qualcuno/33,-giusto-cazziare-qualcuno,È giusto cazziare qualcuno?,Consulenze linguistiche,CONSULENZA LINGUISTICA,True,False,"I, 2017/1 (aprile-giugno)",2,chiuso,HTML+PDF,https://id.accademiadellacrusca.org/File/Download?code=ffb4fdea-1b63-4066-b23e-4a32af0f6827,È giusto | cazziare | qualcuno? | Antonio  Vinciguerra | Pagine | 60-62 - | PDF
34,https://id.accademiadellacrusca.org/articoli/impiattare/34,impiattare,impiattare,PAROLE NUOVE,PAROLE NUOVE,False,True,"I, 2017/1 (aprile-giugno)",2,chiuso,HTML+PDF,https://id.accademiadellacrusca.org/File/Download?code=a57ceb3e-0759-4f9b-9a49-226f1272ecfe,impiattare | Irene  Pompeo e Benedetta  Salvi | Pagine | 63-63 - | PDF
35,https://id.accademiadellacrusca.org/articoli/spoilerare/35,spoilerare,spoilerare,PAROLE NUOVE,PAROLE NUOVE,False,True,"I, 2017/1 (aprile-giugno)",2,chiuso,HTML+PDF,https://id.accademiadellacrusca.org/File/Download?code=830681c0-2676-4438-83af-9121b2f887a8,spoilerare | Vera  Gheno | Pagine | 64-64 - | PDF
36,https://id.accademiadellacrusca.org/articoli/docciarsi/36,docciarsi,docciarsi,PAROLE NUOVE,PAROLE NUOVE,False,True,"I, 2017/1 (aprile-giugno)",2,chiuso,HTML+PDF,https://id.accademiadellacrusca.org/File/Download?code=c6856b2b-55e5-4b74-99c2-2ae2af6873cf,docciarsi | Irene  Pompeo | Pagine | 65-66 - | PDF
37,https://id.accademiadellacrusca.org/articoli/internazionalizzazione-s-ma-non-contro-litaliano/37,internazionalizzazione-s-ma-non-contro-litaliano,"Internazionalizzazione sì, ma non contro l’italiano",TEMI DI DISCUSSIONE,TEMI DI DISCUSSIONE,False,False,"I, 2017/1 (aprile-giugno)",2,chiuso,HTML+PDF,https://id.accademiadellacrusca.org/File/Download?code=698ec415-4230-42fc-98ef-f684b4b466e7,"Internazionalizzazione sì, ma non contro l’italiano | Claudio  Marazzini e Paolo  Caretti | Pagine | 67-72 - | PDF"
38,https://id.accademiadellacrusca.org/articoli/i-luoghi-comuni-sulla-lingua-sono-duri-a-moriremeglio-per-sarebbe-non-insegnarli-alla-rai/38,i-luoghi-comuni-sulla-lingua-sono-duri-a-moriremeglio-per-sarebbe-non-insegnarli-alla-rai,"I luoghi comuni sulla lingua sono duri a morire:
meglio però sarebbe non insegnarli alla RAI",TEMI DI DISCUSSIONE,TEMI DI DISCUSSIONE,False,False,"I, 2017/1 (aprile-giugno)",2,chiuso,HTML+PDF,https://id.accademiadellacrusca.org/File/Download?code=2434b487-3497-4652-8d94-242627d4ee04,"I luoghi comuni sulla lingua sono duri a morire:
meglio però sarebbe non insegnarli alla RAI | Rita  Librandi | Pagine | 73-76 - | PDF"
39,https://id.accademiadellacrusca.org/articoli/per-uninternazionalizzazione-realmente-plurilingue-delle-universit/39,per-uninternazionalizzazione-realmente-plurilingue-delle-universit,Per un’internazionalizzazione realmente plurilingue delle Università,GLI ARTICOLI,ARTICOLI,False,False,"I, 2017/1 (aprile-giugno)",2,chiuso,HTML+PDF,https://id.accademiadellacrusca.org/File/Download?code=b5038d58-9606-4f1f-bd4b-aff71dc8e6ce,Per un’internazionalizzazione realmente plurilingue delle Università | Michele  Gazzola | Pagine | 77-80 - | PDF
40,https://id.accademiadellacrusca.org/articoli/notizie-dallaccademia/40,notizie-dallaccademia,Notizie dall’Accademia,NOTIZIE,NOTIZIE,False,False,"I, 2017/1 (aprile-giugno)",2,chiuso,HTML+PDF,https://id.accademiadellacrusca.org/File/Download?code=ec0165c5-7925-4f3a-8102-6891c2f5b145,Notizie dall’Accademia | A cura del comitato di redazione | Pagine | 81-82 - | PDF
41,https://id.accademiadellacrusca.org/articoli/bibliografia-della-consulenza-linguistica/41,bibliografia-della-consulenza-linguistica,Bibliografia della consulenza linguistica,NOTIZIE,NOTIZIE,False,False,"I, 2017/1 (aprile-giugno)",2,chiuso,HTML+PDF,https://id.accademiadellacrusca.org/File/Download?code=131cdc15-80d8-4299-b20e-ff770ae2ecae,Bibliografia della consulenza linguistica | Pagine | 83-87 - | PDF
41652,https://id.accademiadellacrusca.org/articoli/un-neologismo-e-una-parola-inesistente-in-un-articolo-di-rigoni-stern/41652,un-neologismo-e-una-parola-inesistente-in-un-articolo-di-rigoni-stern,Un neologismo e una parola inesistente in un articolo di Rigoni Stern,Consulenza linguistica,CONSULENZA LINGUISTICA,True,False,"XXXVIII, 2026/3 (luglio-settembre)",41653,aperto,solo HTML,,Un neologismo e una parola inesistente in un articolo di Rigoni Stern | Luigi Matt | Pagine | 1-3 - | STAMPA
41654,https://id.accademiadellacrusca.org/articoli/sugli-usi-di-tanto-tanto/41654,sugli-usi-di-tanto-tanto,Sugli usi di tanto tanto,Consulenza linguistica,CONSULENZA LINGUISTICA,True,False,"XXXVIII, 2026/3 (luglio-settembre)",41653,aperto,solo HTML,,Sugli usi di | tanto tanto | Andrea Riga | Pagine | 4-7 - | STAMPA
41655,https://id.accademiadellacrusca.org/articoli/sulla-flessione-nominale-di-otorino/41655,sulla-flessione-nominale-di-otorino,Sulla flessione nominale di otorino,Consulenza linguistica,CONSULENZA LINGUISTICA,True,False,"XXXVIII, 2026/3 (luglio-settembre)",41653,aperto,solo HTML,,Sulla flessione nominale di | otorino | Kevin De Vecchis | Pagine | 8-14 - | STAMPA
41657,https://id.accademiadellacrusca.org/articoli/parole-che-possono-condurre-allerrore-polifora-o-polifera/41657,parole-che-possono-condurre-allerrore-polifora-o-polifera,Parole che possono condurre all’errore: polifora o polifera ?,Consulenza linguistica,CONSULENZA LINGUISTICA,True,False,"XXXVIII, 2026/3 (luglio-settembre)",41653,aperto,solo HTML,,Parole che possono condurre all’errore: | polifora | o | polifera | ? | Claudio Iacobini | Pagine | 15-17 - | STAMPA
41658,https://id.accademiadellacrusca.org/articoli/sul-plurale-di-avambraccio/41658,sul-plurale-di-avambraccio,Sul plurale di avambraccio,Consulenza linguistica,CONSULENZA LINGUISTICA,True,False,"XXXVIII, 2026/3 (luglio-settembre)",41653,aperto,solo HTML,,Sul plurale di | avambraccio | Miriam Di Carlo | Pagine | 18-24 - | STAMPA
41659,https://id.accademiadellacrusca.org/articoli/larchitrave--un-arco-o-una-trave-o-magari-un-trave/41659,larchitrave--un-arco-o-una-trave-o-magari-un-trave,L’ architrave è un arco o una trave? O magari un trave?,Consulenza linguistica,CONSULENZA LINGUISTICA,True,False,"XXXVIII, 2026/3 (luglio-settembre)",41653,aperto,solo HTML,,L’ | architrave | è un arco o una trave? O magari un trave? | Anna M. Thornton | Pagine | 25-28 - | STAMPA
41660,https://id.accademiadellacrusca.org/articoli/deprime-non-detrime-luso-di-detrimentale/41660,deprime-non-detrime-luso-di-detrimentale,Deprime (non detrime !) l’uso di detrimentale ?,Consulenza linguistica,CONSULENZA LINGUISTICA,True,False,"XXXVIII, 2026/3 (luglio-settembre)",41653,aperto,solo HTML,,Deprime | (non | detrime | !) l’uso di | detrimentale | ? | Franz Rainer | Pagine | 29-30 - | STAMPA
41661,https://id.accademiadellacrusca.org/articoli/vitale-ed-esistenziale/41661,vitale-ed-esistenziale,Vitale ed esistenziale,Consulenza linguistica,CONSULENZA LINGUISTICA,True,False,"XXXVIII, 2026/3 (luglio-settembre)",41653,aperto,solo HTML,,Vitale | ed | esistenziale | Valeria Della Valle | Pagine | 31-33 - | STAMPA
41662,https://id.accademiadellacrusca.org/articoli/si-pu-dire-involversi-come-opposto-di-evolversi/41662,si-pu-dire-involversi-come-opposto-di-evolversi,Si può dire involversi come opposto di evolversi ?,Consulenza linguistica,CONSULENZA LINGUISTICA,True,False,"XXXVIII, 2026/3 (luglio-settembre)",41653,aperto,solo HTML,,Si può dire | involversi | come opposto di | evolversi | ? | Claudio Iacobini | Pagine | 34-37 - | STAMPA
41663,https://id.accademiadellacrusca.org/articoli/dare-i-numeri-trilione-trilionario-e-altri-equivoci/41663,dare-i-numeri-trilione-trilionario-e-altri-equivoci,"Dare i numeri: trilione , trilionario e altri equivoci",Consulenza linguistica,CONSULENZA LINGUISTICA,True,False,"XXXVIII, 2026/3 (luglio-settembre)",41653,aperto,solo HTML,,"Dare i numeri: | trilione | , | trilionario | e altri equivoci | Lucia Francalanci | Pagine | 38-42 - | STAMPA"
41664,https://id.accademiadellacrusca.org/articoli/laconico-e-spartano-sono-possibili-sinonimi/41664,laconico-e-spartano-sono-possibili-sinonimi,Laconico e spartano sono (possibili) sinonimi?,Consulenza linguistica,CONSULENZA LINGUISTICA,True,False,"XXXVIII, 2026/3 (luglio-settembre)",41653,aperto,solo HTML,,Laconico | e | spartano | sono (possibili) sinonimi? | Emanuele Banfi | Pagine | 43-49 - | STAMPA
41665,https://id.accademiadellacrusca.org/articoli/proattivo-unamericanata/41665,proattivo-unamericanata,"Proattivo , un’“americanata”?",Consulenza linguistica,CONSULENZA LINGUISTICA,True,False,"XXXVIII, 2026/3 (luglio-settembre)",41653,aperto,solo HTML,,"Proattivo | , un’“americanata”? | Franz Rainer | Pagine | 50-52 - | STAMPA"
41666,https://id.accademiadellacrusca.org/articoli/rispondiamo-immantinente/41666,rispondiamo-immantinente,Rispondiamo immantinente,Consulenza linguistica,CONSULENZA LINGUISTICA,True,False,"XXXVIII, 2026/3 (luglio-settembre)",41653,aperto,solo HTML,,Rispondiamo | immantinente | Paolo D'Achille | Pagine | 53-54 - | STAMPA
41667,https://id.accademiadellacrusca.org/articoli/arrosto-accompagnato-da-o-con-patate/41667,arrosto-accompagnato-da-o-con-patate,Arrosto accompagnato da o con patate?,Consulenza linguistica,CONSULENZA LINGUISTICA,True,False,"XXXVIII, 2026/3 (luglio-settembre)",41653,aperto,solo HTML,,Arrosto | accompagnato da | o | con | patate? | Maurizio Trifone | Pagine | 55-57 - | STAMPA
41668,https://id.accademiadellacrusca.org/articoli/la-bisogna/41668,la-bisogna,La bisogna,Consulenza linguistica,CONSULENZA LINGUISTICA,True,False,"XXXVIII, 2026/3 (luglio-settembre)",41653,aperto,solo HTML,,La bisogna | Massimo Fanfani | Pagine | 58 - | STAMPA
41669,https://id.accademiadellacrusca.org/articoli/una-risposta-non-stucchevole-per-una-domanda-che-non-lascia-di-stucco/41669,una-risposta-non-stucchevole-per-una-domanda-che-non-lascia-di-stucco,Una risposta non stucchevole per una domanda che non lascia di stucco,Consulenza linguistica,CONSULENZA LINGUISTICA,True,False,"XXXVIII, 2026/3 (luglio-settembre)",41653,aperto,solo HTML,,Una risposta non | stucchevole | per una domanda che non | lascia di stucco | Lorenzo Tomasin | Pagine | 59-60 - | STAMPA
41656,https://id.accademiadellacrusca.org/articoli/parlare-meno-parlare-meglio/41656,parlare-meno-parlare-meglio,"Parlare meno, parlare meglio",Temi di discussione,TEMI DI DISCUSSIONE,False,False,"XXXVIII, 2026/3 (luglio-settembre)",41653,aperto,solo HTML,,"Parlare meno, parlare meglio | Lorenzo Tomasin | STAMPA"
40592,https://id.accademiadellacrusca.org/articoli/c-un-presepe-pasquale/40592,c-un-presepe-pasquale,C’è un presepe pasquale ?,Consulenza linguistica,CONSULENZA LINGUISTICA,True,False,"XXXVII, 2026/2 (aprile-giugno)",40593,aperto,solo HTML,,C’è un | presepe pasquale | ? | Paolo D'Achille | Pagine | 1-3 - | STAMPA
40599,https://id.accademiadellacrusca.org/articoli/crocifisso-o-crocefisso/40599,crocifisso-o-crocefisso,Crocifisso o crocefisso ?,Consulenza linguistica,CONSULENZA LINGUISTICA,True,False,"XXXVII, 2026/2 (aprile-giugno)",40593,aperto,solo HTML,,Crocifisso | o | crocefisso | ? | Rita Librandi | Pagine | 4-5 - | STAMPA
40603,https://id.accademiadellacrusca.org/articoli/che-ganze-queste-domande/40603,che-ganze-queste-domande,Che ganze queste domande!,Consulenza linguistica,CONSULENZA LINGUISTICA,True,False,"XXXVII, 2026/2 (aprile-giugno)",40593,aperto,solo HTML,,Che | ganze | queste domande! | Leonardo Maria Savoia | Pagine | 6-8 - | STAMPA
40604,https://id.accademiadellacrusca.org/articoli/un-ostacolo-si-raggira/40604,un-ostacolo-si-raggira,Un ostacolo si... raggira ?,Consulenza linguistica,CONSULENZA LINGUISTICA,True,False,"XXXVII, 2026/2 (aprile-giugno)",40593,aperto,solo HTML,,Un ostacolo si... | raggira | ? | Franz Rainer | Pagine | 9-11 - | STAMPA
40605,https://id.accademiadellacrusca.org/articoli/su-profumo-e-derivati/40605,su-profumo-e-derivati,Su profumo e derivati,Consulenza linguistica,CONSULENZA LINGUISTICA,True,False,"XXXVII, 2026/2 (aprile-giugno)",40593,aperto,solo HTML,,Su | profumo | e derivati | Miriam Di Carlo | Pagine | 12-18 - | STAMPA
40609,https://id.accademiadellacrusca.org/articoli/sui-verbi-gocciolare-e-sgocciolare/40609,sui-verbi-gocciolare-e-sgocciolare,Sui verbi gocciolare e sgocciolare,Consulenza linguistica,CONSULENZA LINGUISTICA,True,False,"XXXVII, 2026/2 (aprile-giugno)",40593,aperto,solo HTML,,Sui verbi | gocciolare | e | sgocciolare | Andrea Riga | Pagine | 19-21 - | STAMPA
40610,https://id.accademiadellacrusca.org/articoli/cardiopalmo-o-cardiopalma/40610,cardiopalmo-o-cardiopalma,Cardiopalmo o cardiopalma ?,Consulenza linguistica,CONSULENZA LINGUISTICA,True,False,"XXXVII, 2026/2 (aprile-giugno)",40593,aperto,solo HTML,,Cardiopalmo | o | cardiopalma | ? | Stefano Telve | Pagine | 22-25 - | STAMPA
40611,https://id.accademiadellacrusca.org/articoli/su-frequenza-e-frequentazione/40611,su-frequenza-e-frequentazione,Su frequenza e frequentazione,Consulenza linguistica,CONSULENZA LINGUISTICA,True,False,"XXXVII, 2026/2 (aprile-giugno)",40593,aperto,solo HTML,,Su | frequenza | e | frequentazione | Franz Rainer | Pagine | 26-29 - | STAMPA
40612,https://id.accademiadellacrusca.org/articoli/con-quali-parole-si-pu-indicare-lindulgenza/40612,con-quali-parole-si-pu-indicare-lindulgenza,Con quali parole si può indicare l’ indulgenza ?,Consulenza linguistica,CONSULENZA LINGUISTICA,True,False,"XXXVII, 2026/2 (aprile-giugno)",40593,aperto,solo HTML,,Con quali parole si può indicare l’ | indulgenza | ? | Vittorio Coletti | Pagine | 30-31 - | STAMPA
40613,https://id.accademiadellacrusca.org/articoli/si-deve-rogare-o-rogitare-un-atto/40613,si-deve-rogare-o-rogitare-un-atto,Si deve rogare o rogitare un atto?,Consulenza linguistica,CONSULENZA LINGUISTICA,True,False,"XXXVII, 2026/2 (aprile-giugno)",40593,aperto,solo HTML,,Si deve | rogare | o | rogitare | un atto? | Miriam Di Carlo | Pagine | 32-36 - | STAMPA
40614,https://id.accademiadellacrusca.org/articoli/collettaneo-e-collettivo/40614,collettaneo-e-collettivo,Collettaneo e collettivo,Consulenza linguistica,CONSULENZA LINGUISTICA,True,False,"XXXVII, 2026/2 (aprile-giugno)",40593,aperto,solo HTML,,Collettaneo | e | collettivo | Edoardo Lombardi Vallauri | Pagine | 37-39 - | STAMPA
40615,https://id.accademiadellacrusca.org/articoli/sono-potabili-alcuni-significati-estensivi-di-potabile/40615,sono-potabili-alcuni-significati-estensivi-di-potabile,Sono “potabili” alcuni significati estensivi di potabile ?,Consulenza linguistica,CONSULENZA LINGUISTICA,True,False,"XXXVII, 2026/2 (aprile-giugno)",40593,aperto,solo HTML,,Sono “potabili” alcuni significati estensivi di | potabile | ? | Valeria Della Valle | Pagine | 40-41 - | STAMPA
40616,https://id.accademiadellacrusca.org/articoli/accidente-e-incidente-sono-sinonimi/40616,accidente-e-incidente-sono-sinonimi,Accidente e incidente sono sinonimi?,Consulenza linguistica,CONSULENZA LINGUISTICA,True,False,"XXXVII, 2026/2 (aprile-giugno)",40593,aperto,solo HTML,,Accidente | e | incidente | sono sinonimi? | Simona Cresti | Pagine | 42-48 - | STAMPA
40619,https://id.accademiadellacrusca.org/articoli/su-decimare/40619,su-decimare,Su decimare,Consulenza linguistica,CONSULENZA LINGUISTICA,True,False,"XXXVII, 2026/2 (aprile-giugno)",40593,aperto,solo HTML,,Su | decimare | Alvise Andreose | Pagine | 49-52 - | STAMPA
40624,https://id.accademiadellacrusca.org/articoli/un-referto-su-referto/40624,un-referto-su-referto,Un referto su referto,Consulenza linguistica,CONSULENZA LINGUISTICA,True,False,"XXXVII, 2026/2 (aprile-giugno)",40593,aperto,solo HTML,,Un referto su | referto | Miriam Di Carlo | Pagine | 53-57 - | STAMPA
40625,https://id.accademiadellacrusca.org/articoli/per-non-inciampare-nelluso-pronominale-di-inciampare/40625,per-non-inciampare-nelluso-pronominale-di-inciampare,Per non inciampare… nell’uso pronominale di inciampare,Consulenza linguistica,CONSULENZA LINGUISTICA,True,False,"XXXVII, 2026/2 (aprile-giugno)",40593,aperto,solo HTML,,Per non inciampare… nell’uso pronominale di | inciampare | Sara Giovine | Pagine | 58-63 - | STAMPA
40626,https://id.accademiadellacrusca.org/articoli/inferiscono-o-infergono-inferire-o-infierire/40626,inferiscono-o-infergono-inferire-o-infierire,Inferiscono o infergono ? Inferire o infierire ?,Consulenza linguistica,CONSULENZA LINGUISTICA,True,False,"XXXVII, 2026/2 (aprile-giugno)",40593,aperto,solo HTML,,Inferiscono | o | infergono | ? | Inferire | o | infierire | ? | Maurizio Trifone | Pagine | 64-66 - | STAMPA
40630,https://id.accademiadellacrusca.org/articoli/che-sorte--mai-questa-a-proposito-del-significato-somma-produttiva-di-interessi-della-parola-che-ha-/40630,che-sorte--mai-questa-a-proposito-del-significato-somma-produttiva-di-interessi-della-parola-che-ha-,Che sorte è mai questa? A proposito del significato ‘somma produttiva di interessi’ della parola che ha attirato l’attenzione dei nostri lettori,Consulenza linguistica,CONSULENZA LINGUISTICA,True,False,"XXXVII, 2026/2 (aprile-giugno)",40593,aperto,solo HTML,,Che | sorte | è mai questa? A proposito del significato ‘somma produttiva di interessi’ della parola che ha attirato l’attenzione dei nostri lettori | Federigo Bambi | Pagine | 67-69 - | STAMPA
40631,https://id.accademiadellacrusca.org/articoli/il-triplice-esito-della-cappa-greca/40631,il-triplice-esito-della-cappa-greca,Il triplice esito della cappa greca,Consulenza linguistica,CONSULENZA LINGUISTICA,True,False,"XXXVII, 2026/2 (aprile-giugno)",40593,aperto,solo HTML,,Il triplice esito della cappa greca | Franz Rainer | Pagine | 70-72 - | STAMPA
40633,https://id.accademiadellacrusca.org/articoli/il-fungo-ovolo-o-ovulo/40633,il-fungo-ovolo-o-ovulo,Il fungo ovolo o ovulo ?,Consulenza linguistica,CONSULENZA LINGUISTICA,True,False,"XXXVII, 2026/2 (aprile-giugno)",40593,aperto,solo HTML,,Il fungo | ovolo | o | ovulo | ? | Miriam Di Carlo | Pagine | 73-75 - | STAMPA
40635,https://id.accademiadellacrusca.org/articoli/limonare-e-pomiciare-per-tradurre-make-out-meglio-darsi-da-fare/40635,limonare-e-pomiciare-per-tradurre-make-out-meglio-darsi-da-fare,Limonare e pomiciare per tradurre make out ? Meglio darsi da fare,Consulenza linguistica,CONSULENZA LINGUISTICA,True,False,"XXXVII, 2026/2 (aprile-giugno)",40593,aperto,solo HTML,,Limonare | e | pomiciare | per tradurre | make out | ? Meglio | darsi da fare | Edoardo Lombardi Vallauri | Pagine | 76-79 - | STAMPA
40636,https://id.accademiadellacrusca.org/articoli/su-cogente/40636,su-cogente,Su cogente,Consulenza linguistica,CONSULENZA LINGUISTICA,True,False,"XXXVII, 2026/2 (aprile-giugno)",40593,aperto,solo HTML,,Su | cogente | Domenico Proietti | Pagine | 80-81 - | STAMPA
40637,https://id.accademiadellacrusca.org/articoli/camaldoli-e-cerebottane/40637,camaldoli-e-cerebottane,Camaldoli e cerebottane,Consulenza linguistica,CONSULENZA LINGUISTICA,True,False,"XXXVII, 2026/2 (aprile-giugno)",40593,aperto,solo HTML,,Camaldoli | e | cerebottane | Massimo Fanfani | Pagine | 82-85 - | STAMPA
40638,https://id.accademiadellacrusca.org/articoli/lesercito-di-franceschiello-una-metafora-molto-approssimativa/40638,lesercito-di-franceschiello-una-metafora-molto-approssimativa,L’esercito di Franceschiello : una metafora molto approssimativa,Consulenza linguistica,CONSULENZA LINGUISTICA,True,False,"XXXVII, 2026/2 (aprile-giugno)",40593,aperto,solo HTML,,L’esercito di Franceschiello | : una metafora molto approssimativa | Roberto Randaccio | Pagine | 86-88 - | STAMPA
40639,https://id.accademiadellacrusca.org/articoli/una-gita-in-campagna-tra-viti-allevate-e-olive-molte/40639,una-gita-in-campagna-tra-viti-allevate-e-olive-molte,Una gita in campagna: tra viti allevate e olive molìte,Consulenza linguistica,CONSULENZA LINGUISTICA,True,False,"XXXVII, 2026/2 (aprile-giugno)",40593,aperto,solo HTML,,Una gita in campagna: tra viti | allevate | e olive | molìte | Miriam Di Carlo | Pagine | 84-95 - | STAMPA
40640,https://id.accademiadellacrusca.org/articoli/alla-felice-e-inaspettata-scoperta-della-serendipit/40640,alla-felice-e-inaspettata-scoperta-della-serendipit,Alla felice e inaspettata scoperta della… serendipità,Consulenza linguistica,CONSULENZA LINGUISTICA,True,False,"XXXVII, 2026/2 (aprile-giugno)",40593,aperto,solo HTML,,Alla felice e inaspettata scoperta della… | serendipità | Yorick Gomez Gane | Pagine | 96-102 - | STAMPA
40641,https://id.accademiadellacrusca.org/articoli/si-dice-manleva-o-malleva-meglio-malleveria/40641,si-dice-manleva-o-malleva-meglio-malleveria,Si dice manleva o malleva ? Meglio malleveria,Consulenza linguistica,CONSULENZA LINGUISTICA,True,False,"XXXVII, 2026/2 (aprile-giugno)",40593,aperto,solo HTML,,Si dice | manleva o malleva | ? Meglio | malleveria | Laura Ricci | Pagine | 103-105 - | STAMPA
40642,https://id.accademiadellacrusca.org/articoli/ci-riferito-a-un-sostantivo-femminile-ci-per-la-quale/40642,ci-riferito-a-un-sostantivo-femminile-ci-per-la-quale,"Ciò riferito a un sostantivo femminile, ciò per la quale",Consulenza linguistica,CONSULENZA LINGUISTICA,True,False,"XXXVII, 2026/2 (aprile-giugno)",40593,aperto,solo HTML,,"Ciò | riferito a un sostantivo femminile, | ciò per la quale | Domenico Proietti | Pagine | 106-107 - | STAMPA"
40643,https://id.accademiadellacrusca.org/articoli/imbarazzo-della-scelta/40643,imbarazzo-della-scelta,Imbarazzo della scelta?,Consulenza linguistica,CONSULENZA LINGUISTICA,True,False,"XXXVII, 2026/2 (aprile-giugno)",40593,aperto,solo HTML,,Imbarazzo della scelta? | Ilaria Bonomi | Pagine | 108-112 - | STAMPA
40644,https://id.accademiadellacrusca.org/articoli/in-mare-o-in-poltrona-braccioli-o-bracciali/40644,in-mare-o-in-poltrona-braccioli-o-bracciali,In mare o in poltrona: braccioli o bracciali ?,Consulenza linguistica,CONSULENZA LINGUISTICA,True,False,"XXXVII, 2026/2 (aprile-giugno)",40593,aperto,solo HTML,,In mare o in poltrona: | braccioli | o | bracciali | ? | Miriam Di Carlo | Pagine | 113-117 - | STAMPA
41644,https://id.accademiadellacrusca.org/articoli/avete-resistito-alla-tentazione-dellia/41644,avete-resistito-alla-tentazione-dellia,Avete resistito alla tentazione dell’IA,Consulenza linguistica,CONSULENZA LINGUISTICA,True,False,"XXXVII, 2026/2 (aprile-giugno)",40593,aperto,solo HTML,,Avete resistito | alla tentazione dell’IA | Cristiana De Santis | Pagine | 118-119 - | STAMPA
41645,https://id.accademiadellacrusca.org/articoli/le-consorelle-a-quale-associazione-appartengono/41645,le-consorelle-a-quale-associazione-appartengono,Le consorelle a quale associazione appartengono?,Consulenza linguistica,CONSULENZA LINGUISTICA,True,False,"XXXVII, 2026/2 (aprile-giugno)",40593,aperto,solo HTML,,Le | consorelle | a quale associazione appartengono? | Anna M. Thornton | Pagine | 120-122 - | STAMPA
41646,https://id.accademiadellacrusca.org/articoli/contemporaneamente-allo-stesso-tempo-al-contempo-e-altre-concomitanze/41646,contemporaneamente-allo-stesso-tempo-al-contempo-e-altre-concomitanze,"Contemporaneamente , allo stesso tempo , al contempo e altre concomitanze",Consulenza linguistica,CONSULENZA LINGUISTICA,True,False,"XXXVII, 2026/2 (aprile-giugno)",40593,aperto,solo HTML,,"Contemporaneamente | , | allo stesso tempo | , | al contempo | e altre concomitanze | Ferrari Angela e Piantanida Giovanni | Pagine | 123-129 - | STAMPA"
41647,https://id.accademiadellacrusca.org/articoli/si-dice-rettorale-rettorile-o-rettoriale/41647,si-dice-rettorale-rettorile-o-rettoriale,"Si dice rettorale , rettorile o rettoriale ?",Consulenza linguistica,CONSULENZA LINGUISTICA,True,False,"XXXVII, 2026/2 (aprile-giugno)",40593,aperto,solo HTML,,"Si dice | rettorale | , | rettorile | o | rettoriale | ? | Miriam Di Carlo | Pagine | 130-134 - | STAMPA"
41648,https://id.accademiadellacrusca.org/articoli/su-lascivo-lascivia-e-lascivit/41648,su-lascivo-lascivia-e-lascivit,"Su lascivo , lascivia e lascività",Consulenza linguistica,CONSULENZA LINGUISTICA,True,False,"XXXVII, 2026/2 (aprile-giugno)",40593,aperto,solo HTML,,"Su | lascivo | , | lascivia | e | lascività | Emanuele Banfi | Pagine | 135-141 - | STAMPA"
41649,https://id.accademiadellacrusca.org/articoli/se-la-torre--ceduta-noi-abbiamo-ceduto-allevidenza/41649,se-la-torre--ceduta-noi-abbiamo-ceduto-allevidenza,"Se la torre è ceduta , noi abbiamo ceduto all’evidenza",Consulenza linguistica,CONSULENZA LINGUISTICA,True,False,"XXXVII, 2026/2 (aprile-giugno)",40593,aperto,solo HTML,,"Se la torre | è ceduta | , noi | abbiamo ceduto | all’evidenza | Cristiana De Santis | Pagine | 142-143 - | STAMPA"
41650,https://id.accademiadellacrusca.org/articoli/non-sconvolgiamoci-se-scon-non--un-prefisso/41650,non-sconvolgiamoci-se-scon-non--un-prefisso,Non sconvolgiamoci se scon - non è un prefisso,Consulenza linguistica,CONSULENZA LINGUISTICA,True,False,"XXXVII, 2026/2 (aprile-giugno)",40593,aperto,solo HTML,,Non sconvolgiamoci se | scon | - non è un prefisso | Claudio Iacobini e Mikaela Cordisco | Pagine | 144-147 - | STAMPA
40623,https://id.accademiadellacrusca.org/articoli/sull-uso-di-davanti-in-luogo-di-davanti-a/40623,sull-uso-di-davanti-in-luogo-di-davanti-a,Sull'uso di davanti in luogo di davanti a,La Crusca rispose,LA CRUSCA RISPOSE,True,False,"XXXVII, 2026/2 (aprile-giugno)",40593,aperto,solo HTML,,Sull'uso di | davanti | in luogo di | davanti a | Manuela Cainelli | STAMPA
40621,https://id.accademiadellacrusca.org/articoli/la-deriva-di-in-cui-verso-dove/40621,la-deriva-di-in-cui-verso-dove,La deriva di in cui : verso dove ?,La Crusca rispose,LA CRUSCA RISPOSE,True,False,"XXXVII, 2026/2 (aprile-giugno)",40593,aperto,solo HTML,,La deriva di | in cui | : verso | dove | ? | Matilde Paoli | STAMPA
40620,https://id.accademiadellacrusca.org/articoli/si-pu-salire-su-e-scendere-gi-da-basso/40620,si-pu-salire-su-e-scendere-gi-da-basso,Si può salire su e scendere giù da basso ?,La Crusca rispose,LA CRUSCA RISPOSE,True,False,"XXXVII, 2026/2 (aprile-giugno)",40593,aperto,solo HTML,,Si può | salire su | e | scendere giù da basso | ? | Claudio Iacobini | STAMPA
40632,https://id.accademiadellacrusca.org/articoli/sui-testi-generati-dallintelligenza-artificiale-verso-un-nuovo-rapporto-tra-norma-e-uso/40632,sui-testi-generati-dallintelligenza-artificiale-verso-un-nuovo-rapporto-tra-norma-e-uso,Sui testi generati dall’intelligenza artificiale. Verso un nuovo rapporto tra norma e uso?,Temi di discussione,TEMI DI DISCUSSIONE,False,False,"XXXVII, 2026/2 (aprile-giugno)",40593,aperto,solo HTML,,Sui testi generati dall’intelligenza artificiale. Verso un nuovo rapporto tra norma e uso? | Massimo Palermo | STAMPA
38548,https://id.accademiadellacrusca.org/articoli/accade-s-ma-pu-anche-capitare/38548,accade-s-ma-pu-anche-capitare,"Accade ? sì, ma può anche capitare",Consulenza linguistica,CONSULENZA LINGUISTICA,True,False,"XXXVI, 2026/1 (gennaio-marzo)",38549,aperto,solo HTML,,"Accade | ? sì, ma può anche | capitare | Massimo Palermo | Pagine | 1-2 - | STAMPA"
38550,https://id.accademiadellacrusca.org/articoli/migrare-o-trasferire-i-dati/38550,migrare-o-trasferire-i-dati,Migrare o trasferire i dati?,Consulenza linguistica,CONSULENZA LINGUISTICA,True,False,"XXXVI, 2026/1 (gennaio-marzo)",38549,aperto,solo HTML,,Migrare | o | trasferire | i dati? | Andrea Riga | Pagine | 3-5 - | STAMPA
38551,https://id.accademiadellacrusca.org/articoli/cosa-si-pu-erogare-lente-che-roga--erogante-o-erogatore/38551,cosa-si-pu-erogare-lente-che-roga--erogante-o-erogatore,Cosa si può erogare ? L’ente che èroga è erogante o erogatore ?,Consulenza linguistica,CONSULENZA LINGUISTICA,True,False,"XXXVI, 2026/1 (gennaio-marzo)",38549,aperto,solo HTML,,Cosa si può | erogare | ? L’ente che | èroga | è | erogante | o | erogatore | ? | Emiliano Picchiorri | Pagine | 6-9 - | STAMPA
38552,https://id.accademiadellacrusca.org/articoli/ma-va/38552,ma-va,Ma va’!,Consulenza linguistica,CONSULENZA LINGUISTICA,True,False,"XXXVI, 2026/1 (gennaio-marzo)",38549,aperto,solo HTML,,Ma va’! | Laura Ricci | Pagine | 10-14 - | STAMPA
38553,https://id.accademiadellacrusca.org/articoli/parole-forgiate-nel-metallo-metallieri-bronzieri-e-altri-artigiani/38553,parole-forgiate-nel-metallo-metallieri-bronzieri-e-altri-artigiani,"Parole forgiate nel metallo: metallieri , bronzieri e altri artigiani",Consulenza linguistica,CONSULENZA LINGUISTICA,True,False,"XXXVI, 2026/1 (gennaio-marzo)",38549,aperto,solo HTML,,"Parole forgiate nel metallo: | metallieri | , | bronzieri | e altri artigiani | Floriana Carlotta Sciumbata | Pagine | 15-18 - | STAMPA"
38554,https://id.accademiadellacrusca.org/articoli/litaliano-antisemita-prestito-dal-tedesco-antisemit-un-caso-di-strumentale-restrizione-di-un-campo-s/38554,litaliano-antisemita-prestito-dal-tedesco-antisemit-un-caso-di-strumentale-restrizione-di-un-campo-s,"L’italiano antisemita , prestito dal tedesco Antisemit : un caso di strumentale restrizione di un campo semantico",Consulenza linguistica,CONSULENZA LINGUISTICA,True,False,"XXXVI, 2026/1 (gennaio-marzo)",38549,aperto,solo HTML,,"L’italiano | antisemita | , prestito dal tedesco | Antisemit | : un caso di strumentale restrizione di un campo semantico | Emanuele Banfi | Pagine | 19-24 - | STAMPA"
38555,https://id.accademiadellacrusca.org/articoli/se-quello-che-rimane-per-sempre-permane-quello-che--rimasto-per-sempre--permas/38555,se-quello-che-rimane-per-sempre-permane-quello-che--rimasto-per-sempre--permas,"Se quello che rimane per sempre permane , quello che è rimasto per sempre è permas... ?",Consulenza linguistica,CONSULENZA LINGUISTICA,True,False,"XXXVI, 2026/1 (gennaio-marzo)",38549,aperto,solo HTML,,"Se quello che rimane per sempre | permane | , quello che è rimasto per sempre è | permas... | ? | Vittorio Coletti | Pagine | 25-26 - | STAMPA"
39555,https://id.accademiadellacrusca.org/articoli/troviamo-la-soluzione-a-ogni-problema/39555,troviamo-la-soluzione-a-ogni-problema,Troviamo la soluzione a ogni problema?,Consulenza linguistica,CONSULENZA LINGUISTICA,True,False,"XXXVI, 2026/1 (gennaio-marzo)",38549,aperto,solo HTML,,Troviamo la | soluzione a | ogni problema? | Cristiana De Santis | Pagine | 27-28 - | STAMPA
39556,https://id.accademiadellacrusca.org/articoli/nazionalista-o-nazionalistico/39556,nazionalista-o-nazionalistico,Nazionalista o nazionalistico ?,Consulenza linguistica,CONSULENZA LINGUISTICA,True,False,"XXXVI, 2026/1 (gennaio-marzo)",38549,aperto,solo HTML,,Nazionalista | o | nazionalistico | ? | Roberta Cella | Pagine | 29-31 - | STAMPA
39563,https://id.accademiadellacrusca.org/articoli/due-suffissi-per-nascondersi-il-piacere-di-essere-anonimi/39563,due-suffissi-per-nascondersi-il-piacere-di-essere-anonimi,Due suffissi per nascondersi: il piacere di essere anonimi,Consulenza linguistica,CONSULENZA LINGUISTICA,True,False,"XXXVI, 2026/1 (gennaio-marzo)",38549,aperto,solo HTML,,Due suffissi per nascondersi: il piacere di essere anonimi | Livio Gaeta | Pagine | 32-34 - | STAMPA
39564,https://id.accademiadellacrusca.org/articoli/una-forma-ignorata-dai-dizionari-i-dipressi/39564,una-forma-ignorata-dai-dizionari-i-dipressi,Una forma ignorata dai dizionari: i dipressi,Consulenza linguistica,CONSULENZA LINGUISTICA,True,False,"XXXVI, 2026/1 (gennaio-marzo)",38549,aperto,solo HTML,,Una forma ignorata dai dizionari: | i dipressi | Luigi Matt | Pagine | 35-37 - | STAMPA
39565,https://id.accademiadellacrusca.org/articoli/beyond-someones-help-in-italiano/39565,beyond-someones-help-in-italiano,Beyond someone’s help : in italiano?,Consulenza linguistica,CONSULENZA LINGUISTICA,True,False,"XXXVI, 2026/1 (gennaio-marzo)",38549,aperto,solo HTML,,Beyond someone’s help | : in italiano? | Stefano Ondelli | Pagine | 38-40 - | STAMPA
39567,https://id.accademiadellacrusca.org/articoli/sullespressione-avere-pelo-o-peli-sullo-o-nello-stomaco-e-altre-analoghe/39567,sullespressione-avere-pelo-o-peli-sullo-o-nello-stomaco-e-altre-analoghe,Sull’espressione avere pelo (o peli ) sullo (o nello ) stomaco e altre analoghe,Consulenza linguistica,CONSULENZA LINGUISTICA,True,False,"XXXVI, 2026/1 (gennaio-marzo)",38549,aperto,solo HTML,,Sull’espressione | avere pelo | (o | peli | ) | sullo | (o | nello | ) | stomaco | e altre analoghe | Fabio Rossi | Pagine | 41-44 - | STAMPA
39568,https://id.accademiadellacrusca.org/articoli/ministerio-ministero-una-storia-di-convivenze-guadagni-e-perdite/39568,ministerio-ministero-una-storia-di-convivenze-guadagni-e-perdite,"Ministerio/ministero : una storia di convivenze, guadagni e perdite",Consulenza linguistica,CONSULENZA LINGUISTICA,True,False,"XXXVI, 2026/1 (gennaio-marzo)",38549,aperto,solo HTML,,"Ministerio/ministero | : una storia di convivenze, guadagni e perdite | Rita Librandi | Pagine | 45-47 - | STAMPA"
39569,https://id.accademiadellacrusca.org/articoli/luso-di-grassetto-e-neretto-e-il-verbo-grassettare/39569,luso-di-grassetto-e-neretto-e-il-verbo-grassettare,L’uso di grassetto e neretto e il verbo grassettare,Consulenza linguistica,CONSULENZA LINGUISTICA,True,False,"XXXVI, 2026/1 (gennaio-marzo)",38549,aperto,solo HTML,,L’uso di | grassetto | e | neretto | e il verbo | grassettare | Carolina Venco | Pagine | 48-50 - | STAMPA
39570,https://id.accademiadellacrusca.org/articoli/si-pu-provocare-sconcerto-ma-non-si-pu-rimanere-sconcerto-bens-sconcertato/39570,si-pu-provocare-sconcerto-ma-non-si-pu-rimanere-sconcerto-bens-sconcertato,"Si può provocare sconcerto , ma non si può rimanere sconcerto , bensì sconcertato!",Consulenza linguistica,CONSULENZA LINGUISTICA,True,False,"XXXVI, 2026/1 (gennaio-marzo)",38549,aperto,solo HTML,,"Si può provocare | sconcerto | , ma non si può rimanere | sconcerto | , bensì sconcertato! | Rosario Coluccia | Pagine | 51-52 - | STAMPA"
39571,https://id.accademiadellacrusca.org/articoli/sabatale/39571,sabatale,Sabatale,Consulenza linguistica,CONSULENZA LINGUISTICA,True,False,"XXXVI, 2026/1 (gennaio-marzo)",38549,aperto,solo HTML,,Sabatale | Franz Rainer | Pagine | 53-54 - | STAMPA
39572,https://id.accademiadellacrusca.org/articoli/consentire-e-consenziente/39572,consentire-e-consenziente,Consentire e consenziente,Consulenza linguistica,CONSULENZA LINGUISTICA,True,False,"XXXVI, 2026/1 (gennaio-marzo)",38549,aperto,solo HTML,,Consentire | e | consenziente | Jacqueline Visconti | Pagine | 55-61 - | STAMPA
40572,https://id.accademiadellacrusca.org/articoli/indice-e-sommario/40572,indice-e-sommario,Indice e sommario,Consulenza linguistica,CONSULENZA LINGUISTICA,True,False,"XXXVI, 2026/1 (gennaio-marzo)",38549,aperto,solo HTML,,Indice | e | sommario | Lorenzo Tomasin | Pagine | 62-63 - | STAMPA
40574,https://id.accademiadellacrusca.org/articoli/sui-cognomi/40574,sui-cognomi,Sui cognomi,Consulenza linguistica,CONSULENZA LINGUISTICA,True,False,"XXXVI, 2026/1 (gennaio-marzo)",38549,aperto,solo HTML,,Sui cognomi | Enzo Caffarelli | Pagine | 64-68 - | STAMPA
40575,https://id.accademiadellacrusca.org/articoli/possiamo-essere-arrendevoli-con-qualcuno-ma-anche-arrendisti-o-inarresi/40575,possiamo-essere-arrendevoli-con-qualcuno-ma-anche-arrendisti-o-inarresi,"Possiamo essere arrendevoli con qualcuno, ma anche arrendisti o inarresi",Consulenza linguistica,CONSULENZA LINGUISTICA,True,False,"XXXVI, 2026/1 (gennaio-marzo)",38549,aperto,solo HTML,,"Possiamo essere | arrendevoli con | qualcuno, ma anche | arrendisti | o | inarresi | Vittorio Coletti | Pagine | 69-71 - | STAMPA"
40576,https://id.accademiadellacrusca.org/articoli/combo-anche-nel-men/40576,combo-anche-nel-men,Combo anche nel menù,Consulenza linguistica,CONSULENZA LINGUISTICA,True,False,"XXXVI, 2026/1 (gennaio-marzo)",38549,aperto,solo HTML,,Combo | anche nel | menù | Miriam Di Carlo | Pagine | 72-78 - | STAMPA
40577,https://id.accademiadellacrusca.org/articoli/si-pu-sfilare-una-lista/40577,si-pu-sfilare-una-lista,Si può sfilare una lista?,Consulenza linguistica,CONSULENZA LINGUISTICA,True,False,"XXXVI, 2026/1 (gennaio-marzo)",38549,aperto,solo HTML,,Si può | sfilare | una lista? | Valeria Della Valle | Pagine | 79-80 - | STAMPA
40578,https://id.accademiadellacrusca.org/articoli/valoriale--un-aggettivo-che-vale/40578,valoriale--un-aggettivo-che-vale,Valoriale è un aggettivo che vale!,Consulenza linguistica,CONSULENZA LINGUISTICA,True,False,"XXXVI, 2026/1 (gennaio-marzo)",38549,aperto,solo HTML,,Valoriale | è un aggettivo che vale! | Vittorio Coletti | Pagine | 81-82 - | STAMPA
40579,https://id.accademiadellacrusca.org/articoli/manzoni-e-gli-accidenti/40579,manzoni-e-gli-accidenti,Manzoni e gli accidenti,Consulenza linguistica,CONSULENZA LINGUISTICA,True,False,"XXXVI, 2026/1 (gennaio-marzo)",38549,aperto,solo HTML,,Manzoni e gli | accidenti | Simona Cresti | Pagine | 83-87 - | STAMPA
40580,https://id.accademiadellacrusca.org/articoli/pappardelle-alla-lepre-o-sulla-lepre/40580,pappardelle-alla-lepre-o-sulla-lepre,Pappardelle alla lepre o sulla lepre ?,Consulenza linguistica,CONSULENZA LINGUISTICA,True,False,"XXXVI, 2026/1 (gennaio-marzo)",38549,aperto,solo HTML,,Pappardelle alla lepre | o | sulla lepre | ? | Marzia Caria | Pagine | 88-92 - | STAMPA
40581,https://id.accademiadellacrusca.org/articoli/repulisti-o-ripulisti/40581,repulisti-o-ripulisti,Repulisti o ripulisti ?,Consulenza linguistica,CONSULENZA LINGUISTICA,True,False,"XXXVI, 2026/1 (gennaio-marzo)",38549,aperto,solo HTML,,Repulisti | o | ripulisti | ? | Maurizio Trifone | Pagine | 93-94 - | STAMPA
40582,https://id.accademiadellacrusca.org/articoli/ottundere-ottuso-ottusit/40582,ottundere-ottuso-ottusit,"Ottundere , ottuso , ottusità",Consulenza linguistica,CONSULENZA LINGUISTICA,True,False,"XXXVI, 2026/1 (gennaio-marzo)",38549,aperto,solo HTML,,"Ottundere | , | ottuso | , | ottusità | Emiliano Picchiorri | Pagine | 95-96 - | STAMPA"
40583,https://id.accademiadellacrusca.org/articoli/pu-un-mal-di-testa-essere-fotonico/40583,pu-un-mal-di-testa-essere-fotonico,Può un mal di testa essere fotonico ?,Consulenza linguistica,CONSULENZA LINGUISTICA,True,False,"XXXVI, 2026/1 (gennaio-marzo)",38549,aperto,solo HTML,,Può un mal di testa essere | fotonico | ? | Cesáreo Calvo Rigual | Pagine | 97-100 - | STAMPA
40584,https://id.accademiadellacrusca.org/articoli/pu-essere-trapiantato-un-bambino/40584,pu-essere-trapiantato-un-bambino,Può essere trapiantato un bambino?,Consulenza linguistica,CONSULENZA LINGUISTICA,True,False,"XXXVI, 2026/1 (gennaio-marzo)",38549,aperto,solo HTML,,Può | essere trapiantato | un bambino? | Vittorio Coletti | Pagine | 101 - | STAMPA
40585,https://id.accademiadellacrusca.org/articoli/camarro-e-camarroni/40585,camarro-e-camarroni,Camarro e camarroni,Consulenza linguistica,CONSULENZA LINGUISTICA,True,False,"XXXVI, 2026/1 (gennaio-marzo)",38549,aperto,solo HTML,,Camarro | e | camarroni | Leonardo Maria Savoia | Pagine | 102-104 - | STAMPA
40586,https://id.accademiadellacrusca.org/articoli/si-contrae-un-morbo-e-un-matrimonio-un-patto/40586,si-contrae-un-morbo-e-un-matrimonio-un-patto,Si contrae un morbo? E un matrimonio? Un patto?,Consulenza linguistica,CONSULENZA LINGUISTICA,True,False,"XXXVI, 2026/1 (gennaio-marzo)",38549,aperto,solo HTML,,Si | contrae | un morbo? E un matrimonio? Un patto? | Miriam Di Carlo | Pagine | 105-108 - | STAMPA
40587,https://id.accademiadellacrusca.org/articoli/di-presenza-o-in-presenza/40587,di-presenza-o-in-presenza,Di presenza o in presenza ?,Consulenza linguistica,CONSULENZA LINGUISTICA,True,False,"XXXVI, 2026/1 (gennaio-marzo)",38549,aperto,solo HTML,,Di presenza | o | in presenza | ? | Maurizio Trifone | Pagine | 109-110 - | STAMPA
40588,https://id.accademiadellacrusca.org/articoli/libero--sinonimo-di-democratico/40588,libero--sinonimo-di-democratico,Libero è sinonimo di democratico ?,Consulenza linguistica,CONSULENZA LINGUISTICA,True,False,"XXXVI, 2026/1 (gennaio-marzo)",38549,aperto,solo HTML,,Libero | è sinonimo di | democratico | ? | Paolo Carnevale | Pagine | 111-113 - | STAMPA
40589,https://id.accademiadellacrusca.org/articoli/incontro-tra-congiunzione-e-connettivo-il-caso-di-ma-piuttosto/40589,incontro-tra-congiunzione-e-connettivo-il-caso-di-ma-piuttosto,Incontro tra congiunzione e connettivo: il caso di ma piuttosto,Consulenza linguistica,CONSULENZA LINGUISTICA,True,False,"XXXVI, 2026/1 (gennaio-marzo)",38549,aperto,solo HTML,,Incontro tra congiunzione e connettivo: il caso di | ma piuttosto | Carolina Venco | Pagine | 114-115 - | STAMPA
40591,https://id.accademiadellacrusca.org/articoli/si-pu-usare-disacculturato-per-ignorante/40591,si-pu-usare-disacculturato-per-ignorante,Si può usare disacculturato per ignorante ?,Consulenza linguistica,CONSULENZA LINGUISTICA,True,False,"XXXVI, 2026/1 (gennaio-marzo)",38549,aperto,solo HTML,,Si può usare | disacculturato | per | ignorante | ? | Chiara De Caprio | Pagine | 116-120 - | STAMPA
39562,https://id.accademiadellacrusca.org/articoli/vasocottura-e-oliocottura/39562,vasocottura-e-oliocottura,Vasocottura (e oliocottura ),Parole nuove,PAROLE NUOVE,False,True,"XXXVI, 2026/1 (gennaio-marzo)",38549,aperto,solo HTML,,Vasocottura | (e | oliocottura | ) | Miriam Di Carlo | STAMPA
40608,https://id.accademiadellacrusca.org/articoli/il-giorno-prima-di-ieri/40608,il-giorno-prima-di-ieri,Il giorno prima di ieri,La Crusca rispose,LA CRUSCA RISPOSE,True,False,"XXXVI, 2026/1 (gennaio-marzo)",38549,aperto,solo HTML,,Il giorno prima di ieri | Matilde Paoli | STAMPA
40607,https://id.accademiadellacrusca.org/articoli/presto-pi-presto-il-prima-possibile/40607,presto-pi-presto-il-prima-possibile,"Presto , più presto , il prima possibile",La Crusca rispose,LA CRUSCA RISPOSE,True,False,"XXXVI, 2026/1 (gennaio-marzo)",38549,aperto,solo HTML,,"Presto | , | più presto | , | il prima possibile | Raffaella Setti | STAMPA"
40606,https://id.accademiadellacrusca.org/articoli/di-oggi-nell-italiano-regionale-piemontese/40606,di-oggi-nell-italiano-regionale-piemontese,Di oggi nell'italiano regionale piemontese,La Crusca rispose,LA CRUSCA RISPOSE,True,False,"XXXVI, 2026/1 (gennaio-marzo)",38549,aperto,solo HTML,,Di oggi | nell'italiano regionale piemontese | Massimo Cerruti | STAMPA
39566,https://id.accademiadellacrusca.org/articoli/storia-del-tempo-storia-della-lingua-e-grammatica-emotiva/39566,storia-del-tempo-storia-della-lingua-e-grammatica-emotiva,"Storia del tempo, storia della lingua e grammatica emotiva",Temi di discussione,TEMI DI DISCUSSIONE,False,False,"XXXVI, 2026/1 (gennaio-marzo)",38549,aperto,solo HTML,,"Storia del tempo, storia della lingua e grammatica emotiva | Rita Librandi | STAMPA"
40590,https://id.accademiadellacrusca.org/articoli/litaliano-tra-passato-presente-e-futuro/40590,litaliano-tra-passato-presente-e-futuro,"L’italiano tra passato, presente e futuro",Temi di discussione,TEMI DI DISCUSSIONE,False,False,"XXXVI, 2026/1 (gennaio-marzo)",38549,aperto,solo HTML,,"L’italiano tra passato, presente e futuro | Paolo D'Achille | STAMPA"
37504,https://id.accademiadellacrusca.org/articoli/volenti-o-nolenti-rispondiamo-ad-alcuni-quesiti/37504,volenti-o-nolenti-rispondiamo-ad-alcuni-quesiti,"Volenti o nolenti , rispondiamo ad alcuni quesiti",Consulenza linguistica,CONSULENZA LINGUISTICA,True,False,"XXXV, 2025/4 (ottobre-dicembre)",37505,aperto,solo HTML,,"Volenti o nolenti | , rispondiamo ad alcuni quesiti | Miriam Di Carlo | Pagine | 1-4 - | STAMPA"
37506,https://id.accademiadellacrusca.org/articoli/si-impartiscono-lezioni-ma-la-benedizione-si-imparte/37506,si-impartiscono-lezioni-ma-la-benedizione-si-imparte,"Si impartiscono lezioni, ma la benedizione si imparte ?",Consulenza linguistica,CONSULENZA LINGUISTICA,True,False,"XXXV, 2025/4 (ottobre-dicembre)",37505,aperto,solo HTML,,"Si | impartiscono | lezioni, ma la benedizione si | imparte | ? | Anna M. Thornton | Pagine | 5-8 - | STAMPA"
37507,https://id.accademiadellacrusca.org/articoli/cucinare-val-pi-di-cuocere/37507,cucinare-val-pi-di-cuocere,Cucinare val più di cuocere,Consulenza linguistica,CONSULENZA LINGUISTICA,True,False,"XXXV, 2025/4 (ottobre-dicembre)",37505,aperto,solo HTML,,Cucinare | val più di | cuocere | Sergio Lubello | Pagine | 9-10 - | STAMPA
37508,https://id.accademiadellacrusca.org/articoli/sciancrato-o-sancrato/37508,sciancrato-o-sancrato,Sciancrato o sancrato ?,Consulenza linguistica,CONSULENZA LINGUISTICA,True,False,"XXXV, 2025/4 (ottobre-dicembre)",37505,aperto,solo HTML,,Sciancrato | o | sancrato | ? | Massimo Cerruti | Pagine | 11-12 - | STAMPA
37509,https://id.accademiadellacrusca.org/articoli/tu-lei-voi-quale-pronome-scegliere-per-rivolgersi-a-qualcuno/37509,tu-lei-voi-quale-pronome-scegliere-per-rivolgersi-a-qualcuno,"Tu, lei, voi : quale pronome scegliere per rivolgersi a qualcuno?",Consulenza linguistica,CONSULENZA LINGUISTICA,True,False,"XXXV, 2025/4 (ottobre-dicembre)",37505,aperto,solo HTML,,"Tu, lei, voi | : quale pronome scegliere per rivolgersi a qualcuno? | Valeria Della Valle | Pagine | 13-15 - | STAMPA"
37510,https://id.accademiadellacrusca.org/articoli/approfittare-di-qualcuno--davvero-sinonimo-di-sedurre/37510,approfittare-di-qualcuno--davvero-sinonimo-di-sedurre,Approfittare di qualcuno è davvero sinonimo di sedurre ?,Consulenza linguistica,CONSULENZA LINGUISTICA,True,False,"XXXV, 2025/4 (ottobre-dicembre)",37505,aperto,solo HTML,,Approfittare di qualcuno | è davvero sinonimo di | sedurre | ? | Giovanni Rovere | Pagine | 16-25 - | STAMPA
37511,https://id.accademiadellacrusca.org/articoli/basta-una-risposta/37511,basta-una-risposta,Basta una risposta,Consulenza linguistica,CONSULENZA LINGUISTICA,True,False,"XXXV, 2025/4 (ottobre-dicembre)",37505,aperto,solo HTML,,Basta | una risposta | Elisa De Roberto | Pagine | 26-28 - | STAMPA
37512,https://id.accademiadellacrusca.org/articoli/breve-o-bassa-durata/37512,breve-o-bassa-durata,Breve o bassa durata ?,Consulenza linguistica,CONSULENZA LINGUISTICA,True,False,"XXXV, 2025/4 (ottobre-dicembre)",37505,aperto,solo HTML,,Breve | o | bassa | durata | ? | Edoardo Lombardi Vallauri | Pagine | 29-32 - | STAMPA
37516,https://id.accademiadellacrusca.org/articoli/il-dilagare-delle-narrazioni-e-delle-narrative/37516,il-dilagare-delle-narrazioni-e-delle-narrative,Il dilagare delle narrazioni (e delle narrative ),Consulenza linguistica,CONSULENZA LINGUISTICA,True,False,"XXXV, 2025/4 (ottobre-dicembre)",37505,aperto,solo HTML,,Il dilagare delle | narrazioni | (e delle | narrative | ) | Luigi Matt | Pagine | 33-37 - | STAMPA
37517,https://id.accademiadellacrusca.org/articoli/carbofante/37517,carbofante,Carbofante,Consulenza linguistica,CONSULENZA LINGUISTICA,True,False,"XXXV, 2025/4 (ottobre-dicembre)",37505,aperto,solo HTML,,Carbofante | Mario Piotti | Pagine | 38-41 - | STAMPA
37518,https://id.accademiadellacrusca.org/articoli/di-fretta-in-fretta-di-corsa-a-corsa-ma-siamo-sicuri-che-vada-sempre-bene/37518,di-fretta-in-fretta-di-corsa-a-corsa-ma-siamo-sicuri-che-vada-sempre-bene,"Di fretta , in fretta , di corsa , a corsa , ma siamo sicuri che vada sempre bene?",Consulenza linguistica,CONSULENZA LINGUISTICA,True,False,"XXXV, 2025/4 (ottobre-dicembre)",37505,aperto,solo HTML,,"Di fretta | , | in fretta | , | di corsa | , | a corsa | , ma siamo sicuri che vada sempre bene? | Raffaella Setti | Pagine | 42-45 - | STAMPA"
37519,https://id.accademiadellacrusca.org/articoli/a-chi-va-bene/37519,a-chi-va-bene,A chi va bene?,Consulenza linguistica,CONSULENZA LINGUISTICA,True,False,"XXXV, 2025/4 (ottobre-dicembre)",37505,aperto,solo HTML,,A chi | va bene? | Elisa De Roberto | Pagine | 46-47 - | STAMPA
37520,https://id.accademiadellacrusca.org/articoli/certificare-o-attestare-non--solo-una-formalit/37520,certificare-o-attestare-non--solo-una-formalit,Certificare o attestare ? Non è solo una formalità,Consulenza linguistica,CONSULENZA LINGUISTICA,True,False,"XXXV, 2025/4 (ottobre-dicembre)",37505,aperto,solo HTML,,Certificare | o | attestare | ? Non è solo una formalità | Sergio Lubello | Pagine | 48-49 - | STAMPA
37521,https://id.accademiadellacrusca.org/articoli/digitale-e-digitare-sono-parenti-ma-non-troppo-stretti-con-una-breve-nota-su-analogico/37521,digitale-e-digitare-sono-parenti-ma-non-troppo-stretti-con-una-breve-nota-su-analogico,"Digitale e digitare sono parenti, ma non troppo stretti (con una breve nota su analogico )",Consulenza linguistica,CONSULENZA LINGUISTICA,True,False,"XXXV, 2025/4 (ottobre-dicembre)",37505,aperto,solo HTML,,"Digitale | e | digitare | sono parenti, ma non troppo stretti (con una breve nota su | analogico | ) | Massimo Palermo | Pagine | 50-51 - | STAMPA"
37522,https://id.accademiadellacrusca.org/articoli/incitare-incentivare-disincentivare/37522,incitare-incentivare-disincentivare,"Incitare , incentivare , disincentivare",Consulenza linguistica,CONSULENZA LINGUISTICA,True,False,"XXXV, 2025/4 (ottobre-dicembre)",37505,aperto,solo HTML,,"Incitare | , | incentivare | , | disincentivare | Gianluca Lauta | Pagine | 52-53 - | STAMPA"
37523,https://id.accademiadellacrusca.org/articoli/emblema/37523,emblema,Emblema,Consulenza linguistica,CONSULENZA LINGUISTICA,True,False,"XXXV, 2025/4 (ottobre-dicembre)",37505,aperto,solo HTML,,Emblema | Lorenzo Tomasin | Pagine | 54-55 - | STAMPA
37524,https://id.accademiadellacrusca.org/articoli/ex-una-parolina-che-pu-creare-molti-dubbi/37524,ex-una-parolina-che-pu-creare-molti-dubbi,Ex : una parolina che può creare molti dubbi,Consulenza linguistica,CONSULENZA LINGUISTICA,True,False,"XXXV, 2025/4 (ottobre-dicembre)",37505,aperto,solo HTML,,Ex | : una parolina che può creare molti dubbi | Maurizio Trifone | Pagine | 56-58 - | STAMPA
37525,https://id.accademiadellacrusca.org/articoli/chiamare-americano-uno-statunitense-non-sar-unamericanata/37525,chiamare-americano-uno-statunitense-non-sar-unamericanata,Chiamare americano uno statunitense non sarà un’ americanata ?,Consulenza linguistica,CONSULENZA LINGUISTICA,True,False,"XXXV, 2025/4 (ottobre-dicembre)",37505,aperto,solo HTML,,Chiamare | americano | uno statunitense non sarà un’ | americanata | ? | Hermann Haller | Pagine | 59-60 - | STAMPA
37526,https://id.accademiadellacrusca.org/articoli/sul-participio-presente-di-verbi-riflessivi-e-pronominali/37526,sul-participio-presente-di-verbi-riflessivi-e-pronominali,Sul participio presente di verbi riflessivi e pronominali,Consulenza linguistica,CONSULENZA LINGUISTICA,True,False,"XXXV, 2025/4 (ottobre-dicembre)",37505,aperto,solo HTML,,Sul participio presente di verbi riflessivi e pronominali | Stefano Telve | Pagine | 61-62 - | STAMPA
37527,https://id.accademiadellacrusca.org/articoli/infatti-e-in-effetti-tra-conferma-motivazione-e-opposizione/37527,infatti-e-in-effetti-tra-conferma-motivazione-e-opposizione,"Infatti e in effetti , tra conferma, motivazione e opposizione",Consulenza linguistica,CONSULENZA LINGUISTICA,True,False,"XXXV, 2025/4 (ottobre-dicembre)",37505,aperto,solo HTML,,"Infatti | e | in effetti | , tra conferma, motivazione e opposizione | Angela Ferrari | Pagine | 63-69 - | STAMPA"
38528,https://id.accademiadellacrusca.org/articoli/un-quesito-facile-facile/38528,un-quesito-facile-facile,Un quesito facile facile,Consulenza linguistica,CONSULENZA LINGUISTICA,True,False,"XXXV, 2025/4 (ottobre-dicembre)",37505,aperto,solo HTML,,Un quesito | facile | facile | Anna M. Thornton | Pagine | 70-73 - | STAMPA
38529,https://id.accademiadellacrusca.org/articoli/un-aggettivo-numerale-raro-ma-corretto-novemplice/38529,un-aggettivo-numerale-raro-ma-corretto-novemplice,"Un aggettivo numerale raro, ma corretto: novemplice",Consulenza linguistica,CONSULENZA LINGUISTICA,True,False,"XXXV, 2025/4 (ottobre-dicembre)",37505,aperto,solo HTML,,"Un aggettivo numerale raro, ma corretto: | novemplice | Lorenzo Tomasin | Pagine | 74-75 - | STAMPA"
38530,https://id.accademiadellacrusca.org/articoli/psichico-psicologico-o-psichiatrico-posso-avere-un-disturbo-psicologico-o-richiedere-una-perizia-psi/38530,psichico-psicologico-o-psichiatrico-posso-avere-un-disturbo-psicologico-o-richiedere-una-perizia-psi,"Psichico , psicologico o psichiatrico ? Posso avere un disturbo psicologico o richiedere una perizia psichica ?",Consulenza linguistica,CONSULENZA LINGUISTICA,True,False,"XXXV, 2025/4 (ottobre-dicembre)",37505,aperto,solo HTML,,"Psichico | , | psicologico | o | psichiatrico | ? Posso avere un | disturbo psicologico | o richiedere una | perizia psichica | ? | Stefano Miani | Pagine | 76-81 - | STAMPA"
38531,https://id.accademiadellacrusca.org/articoli/piovigginare-e-gli-altri/38531,piovigginare-e-gli-altri,Piovigginare e gli altri…,Consulenza linguistica,CONSULENZA LINGUISTICA,True,False,"XXXV, 2025/4 (ottobre-dicembre)",37505,aperto,solo HTML,,Piovigginare | e gli altri… | Francesco Avolio | Pagine | 82-83 - | STAMPA
38532,https://id.accademiadellacrusca.org/articoli/ci-pu-essere-qualcosa-di-deterrente-e-c-la-deterrenza-ma-il-verbo-corrispondente-no/38532,ci-pu-essere-qualcosa-di-deterrente-e-c-la-deterrenza-ma-il-verbo-corrispondente-no,"Ci può essere qualcosa di deterrente e c’è la deterrenza , ma il verbo corrispondente no!",Consulenza linguistica,CONSULENZA LINGUISTICA,True,False,"XXXV, 2025/4 (ottobre-dicembre)",37505,aperto,solo HTML,,"Ci può essere qualcosa di | deterrente | e c’è la | deterrenza | , ma il verbo corrispondente no! | Alessandro De Angelis | Pagine | 84-85 - | STAMPA"
38533,https://id.accademiadellacrusca.org/articoli/quando-il-giorno-non--ancora-stabilito-a-o-in-data-da-destinarsi/38533,quando-il-giorno-non--ancora-stabilito-a-o-in-data-da-destinarsi,Quando il giorno non è ancora stabilito: a o in data da destinarsi,Consulenza linguistica,CONSULENZA LINGUISTICA,True,False,"XXXV, 2025/4 (ottobre-dicembre)",37505,aperto,solo HTML,,Quando il giorno non è ancora stabilito: | a | o | in data da destinarsi | Sergio Lubello | Pagine | 86-87 - | STAMPA
38534,https://id.accademiadellacrusca.org/articoli/se-i-dati-di-fatto-chiedono-il-congiuntivo/38534,se-i-dati-di-fatto-chiedono-il-congiuntivo,Se i dati di fatto chiedono il congiuntivo,Consulenza linguistica,CONSULENZA LINGUISTICA,True,False,"XXXV, 2025/4 (ottobre-dicembre)",37505,aperto,solo HTML,,Se i | dati di fatto | chiedono il congiuntivo | Cristiana De Santis | Pagine | 88-91 - | STAMPA
38535,https://id.accademiadellacrusca.org/articoli/chiarimenti-su-contrabbando-e-su-un-aggettivo-derivato/38535,chiarimenti-su-contrabbando-e-su-un-aggettivo-derivato,Chiarimenti su contrabbando e su un aggettivo derivato,Consulenza linguistica,CONSULENZA LINGUISTICA,True,False,"XXXV, 2025/4 (ottobre-dicembre)",37505,aperto,solo HTML,,Chiarimenti su | contrabbando | e su un aggettivo derivato | Franz Rainer | Pagine | 92-93 - | STAMPA
38536,https://id.accademiadellacrusca.org/articoli/il-lungo-corso-declinante-della-forma-piacente/38536,il-lungo-corso-declinante-della-forma-piacente,Il lungo corso (declinante) della forma piacente,Consulenza linguistica,CONSULENZA LINGUISTICA,True,False,"XXXV, 2025/4 (ottobre-dicembre)",37505,aperto,solo HTML,,Il lungo corso (declinante) della forma | piacente | Barbara Fanini | Pagine | 94-96 - | STAMPA
38542,https://id.accademiadellacrusca.org/articoli/pfas-quale-genere-e-quale-articolo/38542,pfas-quale-genere-e-quale-articolo,PFAS : quale genere e quale articolo?,Consulenza linguistica,CONSULENZA LINGUISTICA,True,False,"XXXV, 2025/4 (ottobre-dicembre)",37505,aperto,solo HTML,,PFAS | : quale genere e quale articolo? | Anna M. Thornton | Pagine | 97-100 - | STAMPA
38543,https://id.accademiadellacrusca.org/articoli/casomai-aveste-dei-dubbi-sulluso-di-casomai/38543,casomai-aveste-dei-dubbi-sulluso-di-casomai,Casomai aveste dei dubbi sull’uso di casomai,Consulenza linguistica,CONSULENZA LINGUISTICA,True,False,"XXXV, 2025/4 (ottobre-dicembre)",37505,aperto,solo HTML,,Casomai | aveste dei dubbi sull’uso di | casomai | Massimo Palermo | Pagine | 101-102 - | STAMPA
38544,https://id.accademiadellacrusca.org/articoli/una-risposta-data-al-meglio-e-non-alla-meglio/38544,una-risposta-data-al-meglio-e-non-alla-meglio,Una risposta data… al meglio (e non alla meglio )!,Consulenza linguistica,CONSULENZA LINGUISTICA,True,False,"XXXV, 2025/4 (ottobre-dicembre)",37505,aperto,solo HTML,,Una risposta data… | al meglio | (e non | alla meglio | )! | Massimo Prada | Pagine | 103-110 - | STAMPA
38545,https://id.accademiadellacrusca.org/articoli/mi-piacerebbe-sapere-ho-il-piacere-di-rispondere/38545,mi-piacerebbe-sapere-ho-il-piacere-di-rispondere,Mi piacerebbe sapere... Ho il piacere di rispondere,Consulenza linguistica,CONSULENZA LINGUISTICA,True,False,"XXXV, 2025/4 (ottobre-dicembre)",37505,aperto,solo HTML,,Mi piacerebbe | sapere... | Ho il piacere di | rispondere | Cristiana De Santis | Pagine | 111-113 - | STAMPA
38546,https://id.accademiadellacrusca.org/articoli/dal-sogno-alla-vita-i-significati-del-presepe/38546,dal-sogno-alla-vita-i-significati-del-presepe,Dal sogno alla vita: i significati del presepe,Consulenza linguistica,CONSULENZA LINGUISTICA,True,False,"XXXV, 2025/4 (ottobre-dicembre)",37505,aperto,solo HTML,,Dal sogno alla vita: i significati del | presepe | Rita Librandi | Pagine | 114-116 - | STAMPA
39558,https://id.accademiadellacrusca.org/articoli/segui-le-attivit-della-redazione-della-consulenza-linguistica--9999-punti-aura/39558,segui-le-attivit-della-redazione-della-consulenza-linguistica--9999-punti-aura,Segui le attività della redazione della Consulenza linguistica? + 9999 punti aura !,Parole nuove,PAROLE NUOVE,False,True,"XXXV, 2025/4 (ottobre-dicembre)",37505,aperto,solo HTML,,Segui le attività della redazione della Consulenza linguistica? + 9999 | punti aura | ! | Kevin De Vecchis | Pagine | 117-120 - | STAMPA
39559,https://id.accademiadellacrusca.org/articoli/chi-cura-la-disfagia/39559,chi-cura-la-disfagia,Chi cura la disfagia ?,Parole nuove,PAROLE NUOVE,False,True,"XXXV, 2025/4 (ottobre-dicembre)",37505,aperto,solo HTML,,Chi cura la | disfagia | ? | Kevin De Vecchis | Pagine | 121-123 - | STAMPA
39560,https://id.accademiadellacrusca.org/articoli/one-pot-e-hot-pot-shabu-shabu-due-modi-diversi-di-cucinare-al-giorno-doggi/39560,one-pot-e-hot-pot-shabu-shabu-due-modi-diversi-di-cucinare-al-giorno-doggi,One pot e hot pot ( shabu shabu ): due modi diversi di cucinare al giorno d’oggi,Parole nuove,PAROLE NUOVE,False,True,"XXXV, 2025/4 (ottobre-dicembre)",37505,aperto,solo HTML,,One pot | e | hot pot | ( | shabu shabu | ): due modi diversi di cucinare al giorno d’oggi | Miriam Di Carlo | Pagine | 124-134 - | STAMPA
39561,https://id.accademiadellacrusca.org/articoli/urbex/39561,urbex,Urbex,Parole nuove,PAROLE NUOVE,False,True,"XXXV, 2025/4 (ottobre-dicembre)",37505,aperto,solo HTML,,Urbex | Andrea Riga | Pagine | 135-140 - | STAMPA
38539,https://id.accademiadellacrusca.org/articoli/che-cos-la-cazzimma/38539,che-cos-la-cazzimma,Che cos’è la cazzimma ?,La Crusca rispose,LA CRUSCA RISPOSE,True,False,"XXXV, 2025/4 (ottobre-dicembre)",37505,aperto,solo HTML,,Che cos’è la | cazzimma | ? | Antonio Vinciguerra | STAMPA
38541,https://id.accademiadellacrusca.org/articoli/scialla/38541,scialla,Scialla!,La Crusca rispose,LA CRUSCA RISPOSE,True,False,"XXXV, 2025/4 (ottobre-dicembre)",37505,aperto,solo HTML,,Scialla! | Raffaella Setti e Lorenzo Coveri | STAMPA
38540,https://id.accademiadellacrusca.org/articoli/questa-risposta-non--una-bufala/38540,questa-risposta-non--una-bufala,Questa risposta non è una bufala!,La Crusca rispose,LA CRUSCA RISPOSE,True,False,"XXXV, 2025/4 (ottobre-dicembre)",37505,aperto,solo HTML,,Questa risposta non è una bufala! | Riccardo Cimaglia | STAMPA
40634,https://id.accademiadellacrusca.org/articoli/ripensando-alla-mia-italia-e-alla-mia-grecia-riflessioni-di-un-glottologo/40634,ripensando-alla-mia-italia-e-alla-mia-grecia-riflessioni-di-un-glottologo,"Ripensando alla ""mia"" Italia e alla ""mia"" Grecia: riflessioni di un glottologo",Incontri e tornate,INCONTRI E TORNATE,False,False,"XXXV, 2025/4 (ottobre-dicembre)",37505,aperto,solo HTML,,"Ripensando alla ""mia"" Italia e alla ""mia"" Grecia: riflessioni di un glottologo | Emanuele Banfi | STAMPA"
38527,https://id.accademiadellacrusca.org/articoli/passato-presente-e-futuro-dei-dialetti-e-dellitaliano/38527,passato-presente-e-futuro-dei-dialetti-e-dellitaliano,"Passato, presente e futuro dei dialetti e dell’italiano",Temi di discussione,TEMI DI DISCUSSIONE,False,False,"XXXV, 2025/4 (ottobre-dicembre)",37505,aperto,solo HTML,,"Passato, presente e futuro dei dialetti e dell’italiano | Vittorio Coletti | STAMPA"
38547,https://id.accademiadellacrusca.org/articoli/usi-e-percezione-dei-dialetti-italiani-secondo-una-recente-indagine/38547,usi-e-percezione-dei-dialetti-italiani-secondo-una-recente-indagine,Usi e percezione dei dialetti italiani secondo una recente indagine,Temi di discussione,TEMI DI DISCUSSIONE,False,False,"XXXV, 2025/4 (ottobre-dicembre)",37505,aperto,solo HTML,,Usi e percezione dei dialetti italiani secondo una recente indagine | Lorenzo Coveri | STAMPA
40618,https://id.accademiadellacrusca.org/articoli/bibliografia-della-consulenza-linguistica/40618,bibliografia-della-consulenza-linguistica,Bibliografia della Consulenza linguistica,Bibliografia,BIBLIOGRAFIA,False,False,"XXXV, 2025/4 (ottobre-dicembre)",37505,aperto,solo HTML,,Bibliografia della Consulenza linguistica | STAMPA
34429,https://id.accademiadellacrusca.org/articoli/a-tra-poco/34429,a-tra-poco,A tra poco!,Consulenza linguistica,CONSULENZA LINGUISTICA,True,False,"XXXIV, 2025/3 (luglio-settembre)",34430,aperto,solo HTML,,A tra poco! | Neri Binazzi | Pagine | 1-5 - | STAMPA
36431,https://id.accademiadellacrusca.org/articoli/eteronimi-pseudonimi-e-altro/36431,eteronimi-pseudonimi-e-altro,"Eteronimi , pseudonimi e altro",Consulenza linguistica,CONSULENZA LINGUISTICA,True,False,"XXXIV, 2025/3 (luglio-settembre)",34430,aperto,solo HTML,,"Eteronimi | , | pseudonimi | e altro | Andrea Riga | Pagine | 6-8 - | STAMPA"
36432,https://id.accademiadellacrusca.org/articoli/lavoro-nero-lavoro-in-nero-o-lavoro-usa-e-getta/36432,lavoro-nero-lavoro-in-nero-o-lavoro-usa-e-getta,"Lavoro nero , lavoro in nero o lavoro usa-e-getta ?",Consulenza linguistica,CONSULENZA LINGUISTICA,True,False,"XXXIV, 2025/3 (luglio-settembre)",34430,aperto,solo HTML,,"Lavoro nero | , | lavoro in nero | o | lavoro usa-e-getta | ? | Margherita Quaglino | Pagine | 9-11 - | STAMPA"
36433,https://id.accademiadellacrusca.org/articoli/senza-inveire-troppo/36433,senza-inveire-troppo,Senza inveire troppo,Consulenza linguistica,CONSULENZA LINGUISTICA,True,False,"XXXIV, 2025/3 (luglio-settembre)",34430,aperto,solo HTML,,Senza | inveire | troppo | Cristiana De Santis | Pagine | 12-13 - | STAMPA
36434,https://id.accademiadellacrusca.org/articoli/le-botteghe-scadute/36434,le-botteghe-scadute,Le botteghe “scadute”,Consulenza linguistica,CONSULENZA LINGUISTICA,True,False,"XXXIV, 2025/3 (luglio-settembre)",34430,aperto,solo HTML,,Le | botteghe | “scadute” | Massimo Fanfani | Pagine | 14-17 - | STAMPA
36435,https://id.accademiadellacrusca.org/articoli/sostituire-newsletter-con-infolettera/36435,sostituire-newsletter-con-infolettera,Sostituire newsletter con infolettera ?,Consulenza linguistica,CONSULENZA LINGUISTICA,True,False,"XXXIV, 2025/3 (luglio-settembre)",34430,aperto,solo HTML,,Sostituire | newsletter | con | infolettera | ? | Bruno Moretti | Pagine | 18-20 - | STAMPA
36445,https://id.accademiadellacrusca.org/articoli/il-pacco-da-gi-una-leggenda-o-una-realt-linguistica/36445,il-pacco-da-gi-una-leggenda-o-una-realt-linguistica,Il pacco da giù : una leggenda o una realtà linguistica?,Consulenza linguistica,CONSULENZA LINGUISTICA,True,False,"XXXIV, 2025/3 (luglio-settembre)",34430,aperto,solo HTML,,Il | pacco da giù | : una leggenda o una realtà linguistica? | Miriam Di Carlo | Pagine | 21-25 - | STAMPA
36446,https://id.accademiadellacrusca.org/articoli/la-minestra-non-si-saggia-ma-si-assaggia-per-sentirne-il-sapore/36446,la-minestra-non-si-saggia-ma-si-assaggia-per-sentirne-il-sapore,"La minestra non si saggia , ma si assaggia (per sentirne il sapore)",Consulenza linguistica,CONSULENZA LINGUISTICA,True,False,"XXXIV, 2025/3 (luglio-settembre)",34430,aperto,solo HTML,,"La minestra non si | saggia | , ma si | assaggia | (per | sentirne | il sapore) | Antonio Vinciguerra | Pagine | 26-28 - | STAMPA"
36447,https://id.accademiadellacrusca.org/articoli/senese-gamba-farra/36447,senese-gamba-farra,Senese gamba farra,Consulenza linguistica,CONSULENZA LINGUISTICA,True,False,"XXXIV, 2025/3 (luglio-settembre)",34430,aperto,solo HTML,,Senese | gamba farra | Alberto Nocentini | Pagine | 29-30 - | STAMPA
36448,https://id.accademiadellacrusca.org/articoli/la-stampatrice-pu-non-essere-una-stampante-anche-se-non-indica-una-donna/36448,la-stampatrice-pu-non-essere-una-stampante-anche-se-non-indica-una-donna,La stampatrice può non essere una stampante (anche se non indica una donna),Consulenza linguistica,CONSULENZA LINGUISTICA,True,False,"XXXIV, 2025/3 (luglio-settembre)",34430,aperto,solo HTML,,La | stampatrice | può non essere una | stampante | (anche se non indica una donna) | Franz Rainer | Pagine | 31-32 - | STAMPA
36449,https://id.accademiadellacrusca.org/articoli/pantouflage-o-revolving-doors-in-italiano/36449,pantouflage-o-revolving-doors-in-italiano,Pantouflage o revolving doors : in italiano?,Consulenza linguistica,CONSULENZA LINGUISTICA,True,False,"XXXIV, 2025/3 (luglio-settembre)",34430,aperto,solo HTML,,Pantouflage | o | revolving doors | : in italiano? | Maria Teresa Zanola | Pagine | 33-34 - | STAMPA
36450,https://id.accademiadellacrusca.org/articoli/sul-genere-di-componente/36450,sul-genere-di-componente,Sul genere di componente,Consulenza linguistica,CONSULENZA LINGUISTICA,True,False,"XXXIV, 2025/3 (luglio-settembre)",34430,aperto,solo HTML,,Sul genere di | componente | Laura Clemenzi | Pagine | 35-38 - | STAMPA
36451,https://id.accademiadellacrusca.org/articoli/chi--un-energumeno/36451,chi--un-energumeno,Chi è un energumeno ?,Consulenza linguistica,CONSULENZA LINGUISTICA,True,False,"XXXIV, 2025/3 (luglio-settembre)",34430,aperto,solo HTML,,Chi è un | energumeno | ? | Mariella Canzani | Pagine | 39-45 - | STAMPA
36455,https://id.accademiadellacrusca.org/articoli/litalia-patria-di-opportunismo-ma-non-dellopportunismo/36455,litalia-patria-di-opportunismo-ma-non-dellopportunismo,"L’Italia, patria di opportunismo , ma non dell’opportunismo",Consulenza linguistica,CONSULENZA LINGUISTICA,True,False,"XXXIV, 2025/3 (luglio-settembre)",34430,aperto,solo HTML,,"L’Italia, patria di | opportunismo | , ma non dell’opportunismo | Franz Rainer | Pagine | 46-48 - | STAMPA"
36456,https://id.accademiadellacrusca.org/articoli/si-dice-idem-con-patate-o-idem-comparate/36456,si-dice-idem-con-patate-o-idem-comparate,Si dice idem con patate o idem comparate ?,Consulenza linguistica,CONSULENZA LINGUISTICA,True,False,"XXXIV, 2025/3 (luglio-settembre)",34430,aperto,solo HTML,,Si dice | idem con patate | o | idem comparate | ? | Monica Alba | Pagine | 49-52 - | STAMPA
36457,https://id.accademiadellacrusca.org/articoli/questa-domanda--una-di-quelle-che-fanno-riflettere-o-che-fa-riflettere/36457,questa-domanda--una-di-quelle-che-fanno-riflettere-o-che-fa-riflettere,Questa domanda è una di quelle che fanno riflettere o che fa riflettere?,Consulenza linguistica,CONSULENZA LINGUISTICA,True,False,"XXXIV, 2025/3 (luglio-settembre)",34430,aperto,solo HTML,,Questa domanda è | una di quelle che fanno | riflettere o | che fa | riflettere? | Vittorio Coletti | Pagine | 53-55 - | STAMPA
36458,https://id.accademiadellacrusca.org/articoli/tempo-di-vacanze-tra-arene-arenili-spiagge-battigie-e-lidi/36458,tempo-di-vacanze-tra-arene-arenili-spiagge-battigie-e-lidi,"Tempo di vacanze tra arene , arenili , spiagge , battigie e lidi",Consulenza linguistica,CONSULENZA LINGUISTICA,True,False,"XXXIV, 2025/3 (luglio-settembre)",34430,aperto,solo HTML,,"Tempo di vacanze tra | arene | , | arenili | , | spiagge | , | battigie | e | lidi | Paolo D'Achille | Pagine | 56-58 - | STAMPA"
37464,https://id.accademiadellacrusca.org/articoli/esistono-il-participio-passato-e-il-passato-remoto-del-verbo-divergere/37464,esistono-il-participio-passato-e-il-passato-remoto-del-verbo-divergere,Esistono il participio passato e il passato remoto del verbo divergere ?,Consulenza linguistica,CONSULENZA LINGUISTICA,True,False,"XXXIV, 2025/3 (luglio-settembre)",34430,aperto,solo HTML,,Esistono il participio passato e il passato remoto del verbo | divergere | ? | Fabio Rossi | Pagine | 59 - | STAMPA
37466,https://id.accademiadellacrusca.org/articoli/andiamo-da-te-o-veniamo-da-te-quando--la-posizione-dellinterlocutore-che-conta/37466,andiamo-da-te-o-veniamo-da-te-quando--la-posizione-dellinterlocutore-che-conta,Andiamo da te o veniamo da te ? Quando è la posizione dell’interlocutore che conta,Consulenza linguistica,CONSULENZA LINGUISTICA,True,False,"XXXIV, 2025/3 (luglio-settembre)",34430,aperto,solo HTML,,Andiamo da te | o | veniamo da te | ? Quando è la posizione dell’interlocutore che conta | Cristiana De Santis | Pagine | 60-62 - | STAMPA
37469,https://id.accademiadellacrusca.org/articoli/pregi-e-difetti-di-basico-spiegati-basicamente/37469,pregi-e-difetti-di-basico-spiegati-basicamente,"Pregi e difetti di basico , spiegati basicamente",Consulenza linguistica,CONSULENZA LINGUISTICA,True,False,"XXXIV, 2025/3 (luglio-settembre)",34430,aperto,solo HTML,,"Pregi e difetti di | basico | , spiegati | basicamente | Claudia Tarallo | Pagine | 63-66 - | STAMPA"
37472,https://id.accademiadellacrusca.org/articoli/atletismo-o-atleticit/37472,atletismo-o-atleticit,Atletismo o atleticità ?,Consulenza linguistica,CONSULENZA LINGUISTICA,True,False,"XXXIV, 2025/3 (luglio-settembre)",34430,aperto,solo HTML,,Atletismo | o | atleticità | ? | Franz Rainer | Pagine | 67-68 - | STAMPA
37474,https://id.accademiadellacrusca.org/articoli/tra-subordinate-implicite-e-frasi-passive/37474,tra-subordinate-implicite-e-frasi-passive,Tra subordinate implicite e frasi passive,Consulenza linguistica,CONSULENZA LINGUISTICA,True,False,"XXXIV, 2025/3 (luglio-settembre)",34430,aperto,solo HTML,,Tra subordinate implicite e frasi passive | Bruno Moretti | Pagine | 69-74 - | STAMPA
37475,https://id.accademiadellacrusca.org/articoli/la-forma-verbale-fa-in-locuzioni-avverbiali-come-venti-anni-fa/37475,la-forma-verbale-fa-in-locuzioni-avverbiali-come-venti-anni-fa,La forma verbale fa in locuzioni avverbiali come venti anni fa,Consulenza linguistica,CONSULENZA LINGUISTICA,True,False,"XXXIV, 2025/3 (luglio-settembre)",34430,aperto,solo HTML,,La forma verbale | fa | in locuzioni avverbiali come | venti anni fa | Maurizio Trifone | Pagine | 75-76 - | STAMPA
37476,https://id.accademiadellacrusca.org/articoli/in-quanti-modi-si-pu-avvisare/37476,in-quanti-modi-si-pu-avvisare,In quanti modi si può avvisare,Consulenza linguistica,CONSULENZA LINGUISTICA,True,False,"XXXIV, 2025/3 (luglio-settembre)",34430,aperto,solo HTML,,In quanti modi si può | avvisare | Kevin De Vecchis e Matilde Paoli | Pagine | 77-84 - | STAMPA
37478,https://id.accademiadellacrusca.org/articoli/sciogliere-e-scioglimento-vanno-bene-come-parole-non-sempre-come-azioni/37478,sciogliere-e-scioglimento-vanno-bene-come-parole-non-sempre-come-azioni,"Sciogliere e scioglimento vanno bene come parole, non sempre come azioni",Consulenza linguistica,CONSULENZA LINGUISTICA,True,False,"XXXIV, 2025/3 (luglio-settembre)",34430,aperto,solo HTML,,"Sciogliere | e | scioglimento | vanno bene come parole, non sempre come azioni | Giuseppe Polimeni | Pagine | 85-86 - | STAMPA"
37479,https://id.accademiadellacrusca.org/articoli/pizzchere-e-pizzcheri-unaffinit-apparente/37479,pizzchere-e-pizzcheri-unaffinit-apparente,Pizzòchere e pizzòcheri : un’affinità apparente,Consulenza linguistica,CONSULENZA LINGUISTICA,True,False,"XXXIV, 2025/3 (luglio-settembre)",34430,aperto,solo HTML,,Pizzòchere | e | pizzòcheri | : un’affinità apparente | Alberto Nocentini | Pagine | 87-88 - | STAMPA
37480,https://id.accademiadellacrusca.org/articoli/parte-attrice-o-attorea/37480,parte-attrice-o-attorea,Parte attrice o attorea ?,Consulenza linguistica,CONSULENZA LINGUISTICA,True,False,"XXXIV, 2025/3 (luglio-settembre)",34430,aperto,solo HTML,,Parte attrice | o | attorea | ? | Anna M. Thornton | Pagine | 89-90 - | STAMPA
37481,https://id.accademiadellacrusca.org/articoli/cantierare-accantierare-o-cantierizzare-limbarazzo-della-scelta/37481,cantierare-accantierare-o-cantierizzare-limbarazzo-della-scelta,"Cantierare , accantierare o cantierizzare : l’imbarazzo della scelta",Consulenza linguistica,CONSULENZA LINGUISTICA,True,False,"XXXIV, 2025/3 (luglio-settembre)",34430,aperto,solo HTML,,"Cantierare | , | accantierare | o | cantierizzare | : l’imbarazzo della scelta | Franz Rainer | Pagine | 91-94 - | STAMPA"
37485,https://id.accademiadellacrusca.org/articoli/significati-e-usi-dei-verbi-rappresentare-riferire-e-comunicare/37485,significati-e-usi-dei-verbi-rappresentare-riferire-e-comunicare,"Significati e usi dei verbi rappresentare , riferire e comunicare",Consulenza linguistica,CONSULENZA LINGUISTICA,True,False,"XXXIV, 2025/3 (luglio-settembre)",34430,aperto,solo HTML,,"Significati e usi dei verbi | rappresentare | , | riferire | e | comunicare | Maurizio Trifone | Pagine | 95-96 - | STAMPA"
37490,https://id.accademiadellacrusca.org/articoli/ristretto-parrocchiale/37490,ristretto-parrocchiale,Ristretto parrocchiale,Consulenza linguistica,CONSULENZA LINGUISTICA,True,False,"XXXIV, 2025/3 (luglio-settembre)",34430,aperto,solo HTML,,Ristretto parrocchiale | Rita Librandi | Pagine | 97-99 - | STAMPA
37491,https://id.accademiadellacrusca.org/articoli/ministero-dellinterno-o-degli-interni/37491,ministero-dellinterno-o-degli-interni,Ministero dell’interno o degli interni ?,Consulenza linguistica,CONSULENZA LINGUISTICA,True,False,"XXXIV, 2025/3 (luglio-settembre)",34430,aperto,solo HTML,,Ministero | dell’interno | o | degli interni | ? | Michele A. Cortelazzo | Pagine | 100-103 - | STAMPA
37492,https://id.accademiadellacrusca.org/articoli/generale-generico-general-generico-o-genericissimo/37492,generale-generico-general-generico-o-genericissimo,"Generale , generico , general-generico o genericissimo ?",Consulenza linguistica,CONSULENZA LINGUISTICA,True,False,"XXXIV, 2025/3 (luglio-settembre)",34430,aperto,solo HTML,,"Generale | , | generico | , | general-generico | o | genericissimo | ? | Riccardo Gualdo | Pagine | 104-107 - | STAMPA"
37499,https://id.accademiadellacrusca.org/articoli/sono-stati-fatti-scendere-vincere/37499,sono-stati-fatti-scendere-vincere,"Sono stati fatti scendere, vincere…",Consulenza linguistica,CONSULENZA LINGUISTICA,True,False,"XXXIV, 2025/3 (luglio-settembre)",34430,aperto,solo HTML,,"Sono stati fatti scendere, vincere… | Bruno Moretti | Pagine | 108-110 - | STAMPA"
37503,https://id.accademiadellacrusca.org/articoli/vinile/37503,vinile,Vinile,Consulenza linguistica,CONSULENZA LINGUISTICA,True,False,"XXXIV, 2025/3 (luglio-settembre)",34430,aperto,solo HTML,,Vinile | Luisa di Valvasone | Pagine | 111-113 - | STAMPA
37477,https://id.accademiadellacrusca.org/articoli/remigrazione-unaltra-parola-per-orientare-il-pensiero-sulle-migrazioni/37477,remigrazione-unaltra-parola-per-orientare-il-pensiero-sulle-migrazioni,Remigrazione . Un’altra parola per orientare il pensiero sulle migrazioni,Parole nuove,PAROLE NUOVE,False,True,"XXXIV, 2025/3 (luglio-settembre)",34430,aperto,solo HTML,,Remigrazione | . Un’altra parola per orientare il pensiero sulle migrazioni | Raffaella Setti | Pagine | 114-119 - | STAMPA
38537,https://id.accademiadellacrusca.org/articoli/questioni-di-cromatismo-politico-rossobruno-e-rossobrunismo/38537,questioni-di-cromatismo-politico-rossobruno-e-rossobrunismo,Questioni di cromatismo politico: rossobruno e rossobrunismo,Parole nuove,PAROLE NUOVE,False,True,"XXXIV, 2025/3 (luglio-settembre)",34430,aperto,solo HTML,,Questioni di cromatismo politico: | rossobruno | e | rossobrunismo | Sara Giovine | Pagine | 120-127 - | STAMPA
39557,https://id.accademiadellacrusca.org/articoli/prestiti-tranquilli-dal-lessico-giovanile-chill-e-chillare/39557,prestiti-tranquilli-dal-lessico-giovanile-chill-e-chillare,Prestiti tranquilli dal lessico giovanile: chill e chillare,Parole nuove,PAROLE NUOVE,False,True,"XXXIV, 2025/3 (luglio-settembre)",34430,aperto,solo HTML,,Prestiti tranquilli dal lessico giovanile: | chill | e | chillare | Luisa di Valvasone | Pagine | 128-136 - | STAMPA
38538,https://id.accademiadellacrusca.org/articoli/il-diurnato-diagnosi-e-innovazione-nel-nord-italia/38538,il-diurnato-diagnosi-e-innovazione-nel-nord-italia,Il diurnato : diagnosi e innovazione nel nord Italia,Integrazioni lessicografiche,INTEGRAZIONI LESSICOGRAFICHE,False,False,"XXXIV, 2025/3 (luglio-settembre)",34430,aperto,solo HTML,,Il | diurnato | : diagnosi e innovazione nel nord Italia | Kevin De Vecchis | STAMPA
37515,https://id.accademiadellacrusca.org/articoli/un-maleducato-ineducato/37515,un-maleducato-ineducato,Un maleducato ineducato,La Crusca rispose,LA CRUSCA RISPOSE,True,False,"XXXIV, 2025/3 (luglio-settembre)",34430,aperto,solo HTML,,Un | maleducato | ineducato | Paolo D'Achille | STAMPA
37514,https://id.accademiadellacrusca.org/articoli/somigliare-assomigliare-rassomigliare/37514,somigliare-assomigliare-rassomigliare,"Somigliare , assomigliare , rassomigliare",La Crusca rispose,LA CRUSCA RISPOSE,True,False,"XXXIV, 2025/3 (luglio-settembre)",34430,aperto,solo HTML,,"Somigliare | , | assomigliare | , | rassomigliare | Paolo D'Achille | STAMPA"
37513,https://id.accademiadellacrusca.org/articoli/archetipo-prototipo-stereotipo/37513,archetipo-prototipo-stereotipo,"Archetipo , prototipo , stereotipo",La Crusca rispose,LA CRUSCA RISPOSE,True,False,"XXXIV, 2025/3 (luglio-settembre)",34430,aperto,solo HTML,,"Archetipo | , | prototipo | , | stereotipo | Riccardo Cimaglia | STAMPA"
37473,https://id.accademiadellacrusca.org/articoli/il-nome-improprio-della-cosa-quella-artificiale-non--intelligenza/37473,il-nome-improprio-della-cosa-quella-artificiale-non--intelligenza,Il nome (improprio) della cosa: quella artificiale non è intelligenza,Temi di discussione,TEMI DI DISCUSSIONE,False,False,"XXXIV, 2025/3 (luglio-settembre)",34430,aperto,solo HTML,,Il nome (improprio) della cosa: quella artificiale non è intelligenza | Lorenzo Tomasin | STAMPA
40617,https://id.accademiadellacrusca.org/articoli/bibliografia-della-consulenza-linguistica/40617,bibliografia-della-consulenza-linguistica,Bibliografia della Consulenza linguistica,Bibliografia,BIBLIOGRAFIA,False,False,"XXXIV, 2025/3 (luglio-settembre)",34430,aperto,solo HTML,,Bibliografia della Consulenza linguistica | STAMPA
